--------- beginning of main
01-13 00:39:53.991  4423  4511 D SnpeWhyDistractionNativ: destroyNativeObject: Destroyed why-distraction native object
--------- beginning of system
01-13 00:40:25.712  4704  4817 D SnpeWhyDistractionNativ: initNativeObject: Initialized Why-Distraction native wrapper 
01-13 00:40:25.762  4704  4817 D SnpeWhyDistractionNativ: Frame number: 1, processFrame: modelClass = [-99, 0, 0], modelEntropy = [0.0, 0.0, 0.0], modelConfidence = [0.0, 0.0, 0.0]
01-13 00:40:25.803  4704  4817 D SnpeWhyDistractionNativ: Frame number: 2, processFrame: modelClass = [-99, 0, 0], modelEntropy = [0.0, 0.0, 0.0], modelConfidence = [0.0, 0.0, 0.0]
01-13 00:40:25.867  4704  4817 D SnpeWhyDistractionNativ: Frame number: 3, processFrame: modelClass = [0, 0, 0], modelEntropy = [0.7020139, 0.0, 0.0], modelConfidence = [0.60139287, 0.0, 0.0]
01-13 00:40:25.922  4704  4817 D SnpeWhyDistractionNativ: Frame number: 4, processFrame: modelClass = [-99, 0, 0], modelEntropy = [0.0, 0.0, 0.0], modelConfidence = [0.0, 0.0, 0.0]
01-13 00:40:25.956  4704  4817 D SnpeWhyDistractionNativ: Frame number: 5, processFrame: modelClass = [-99, 0, 0], modelEntropy = [0.0, 0.0, 0.0], modelConfidence = [0.0, 0.0, 0.0]
01-13 00:40:26.036  4704  4817 D SnpeWhyDistractionNativ: Frame number: 6, processFrame: modelClass = [3, 0, 0], modelEntropy = [0.6746534, 0.0, 0.0], modelConfidence = [0.61725, 0.0, 0.0]
01-13 00:40:26.060  4704  4817 D SnpeWhyDistractionNativ: Frame number: 7, processFrame: modelClass = [-99, 0, 0], modelEntropy = [0.0, 0.0, 0.0], modelConfidence = [0.0, 0.0, 0.0]
01-13 00:40:26.125  4704  4817 D SnpeWhyDistractionNativ: Frame number: 8, processFrame: modelClass = [-99, 0, 0], modelEntropy = [0.0, 0.0, 0.0], modelConfidence = [0.0, 0.0, 0.0]
01-13 00:40:26.208  4704  4817 D SnpeWhyDistractionNativ: Frame number: 9, processFrame: modelClass = [0, 0, 0], modelEntropy = [0.6378227, 0.0, 0.0], modelConfidence = [0.6874603, 0.0, 0.0]
01-13 00:40:26.293  4704  4817 D SnpeWhyDistractionNativ: Frame number: 10, processFrame: modelClass = [-99, 0, 0], modelEntropy = [0.0, 0.0, 0.0], modelConfidence = [0.0, 0.0, 0.0]
01-13 00:40:26.391  4704  4817 D SnpeWhyDistractionNativ: Frame number: 11, processFrame: modelClass = [-99, 0, 0], modelEntropy = [0.0, 0.0, 0.0], modelConfidence = [0.0, 0.0, 0.0]
01-13 00:40:26.519  4704  4817 D SnpeWhyDistractionNativ: Frame number: 12, processFrame: modelClass = [0, 0, 0], modelEntropy = [0.6555051, 0.0, 0.0], modelConfidence = [0.68580335, 0.0, 0.0]
01-13 00:40:26.598  4704  4817 D SnpeWhyDistractionNativ: Frame number: 13, processFrame: modelClass = [-99, 0, 0], modelEntropy = [0.0, 0.0, 0.0], modelConfidence = [0.0, 0.0, 0.0]
01-13 00:40:26.687  4704  4817 D SnpeWhyDistractionNativ: Frame number: 14, processFrame: modelClass = [-99, 0, 0], modelEntropy = [0.0, 0.0, 0.0], modelConfidence = [0.0, 0.0, 0.0]
01-13 00:40:26.827  4704  4817 D SnpeWhyDistractionNativ: Frame number: 15, processFrame: modelClass = [3, 0, 0], modelEntropy = [0.63139397, 0.0, 0.0], modelConfidence = [0.68400115, 0.0, 0.0]
01-13 00:40:26.900  4704  4817 D SnpeWhyDistractionNativ: Frame number: 16, processFrame: modelClass = [-99, 0, 0], modelEntropy = [0.0, 0.0, 0.0], modelConfidence = [0.0, 0.0, 0.0]
01-13 00:40:26.986  4704  4817 D SnpeWhyDistractionNativ: Frame number: 17, processFrame: modelClass = [-99, 0, 0], modelEntropy = [0.0, 0.0, 0.0], modelConfidence = [0.0, 0.0, 0.0]
01-13 00:40:27.120  4704  4817 D SnpeWhyDistractionNativ: Frame number: 18, processFrame: modelClass = [3, 0, 0], modelEntropy = [0.63310355, 0.0, 0.0], modelConfidence = [0.6767734, 0.0, 0.0]
01-13 00:40:27.205  4704  4817 D SnpeWhyDistractionNativ: Frame number: 19, processFrame: modelClass = [-99, 0, 0], modelEntropy = [0.0, 0.0, 0.0], modelConfidence = [0.0, 0.0, 0.0]
01-13 00:40:27.289  4704  4817 D SnpeWhyDistractionNativ: Frame number: 20, processFrame: modelClass = [-99, 0, 0], modelEntropy = [0.0, 0.0, 0.0], modelConfidence = [0.0, 0.0, 0.0]
01-13 00:40:27.413  4704  4817 D SnpeWhyDistractionNativ: Frame number: 21, processFrame: modelClass = [0, 0, 0], modelEntropy = [0.47712135, 0.0, 0.0], modelConfidence = [0.81878555, 0.0, 0.0]
01-13 00:40:27.489  4704  4817 D SnpeWhyDistractionNativ: Frame number: 22, processFrame: modelClass = [-99, 0, 0], modelEntropy = [0.0, 0.0, 0.0], modelConfidence = [0.0, 0.0, 0.0]
01-13 00:40:27.583  4704  4817 D SnpeWhyDistractionNativ: Frame number: 23, processFrame: modelClass = [-99, 0, 0], modelEntropy = [0.0, 0.0, 0.0], modelConfidence = [0.0, 0.0, 0.0]
01-13 00:40:27.721  4704  4817 D SnpeWhyDistractionNativ: Frame number: 24, processFrame: modelClass = [0, 0, 0], modelEntropy = [0.5879462, 0.0, 0.0], modelConfidence = [0.7388632, 0.0, 0.0]
01-13 00:40:27.793  4704  4817 D SnpeWhyDistractionNativ: Frame number: 25, processFrame: modelClass = [-99, 0, 0], modelEntropy = [0.0, 0.0, 0.0], modelConfidence = [0.0, 0.0, 0.0]
01-13 00:40:27.878  4704  4817 D SnpeWhyDistractionNativ: Frame number: 26, processFrame: modelClass = [-99, 0, 0], modelEntropy = [0.0, 0.0, 0.0], modelConfidence = [0.0, 0.0, 0.0]
01-13 00:40:28.035  4704  4817 D SnpeWhyDistractionNativ: Frame number: 27, processFrame: modelClass = [0, 0, 0], modelEntropy = [0.6342597, 0.0, 0.0], modelConfidence = [0.6772449, 0.0, 0.0]
01-13 00:40:28.104  4704  4817 D SnpeWhyDistractionNativ: Frame number: 28, processFrame: modelClass = [-99, 0, 0], modelEntropy = [0.0, 0.0, 0.0], modelConfidence = [0.0, 0.0, 0.0]
01-13 00:40:28.206  4704  4817 D SnpeWhyDistractionNativ: Frame number: 29, processFrame: modelClass = [-99, 0, 0], modelEntropy = [0.0, 0.0, 0.0], modelConfidence = [0.0, 0.0, 0.0]
01-13 00:40:28.333  4704  4817 D SnpeWhyDistractionNativ: Frame number: 30, processFrame: modelClass = [0, 0, 0], modelEntropy = [0.6629466, 0.0, 0.0], modelConfidence = [0.64047223, 0.0, 0.0]
01-13 00:40:28.410  4704  4817 D SnpeWhyDistractionNativ: Frame number: 31, processFrame: modelClass = [-99, 0, 0], modelEntropy = [0.0, 0.0, 0.0], modelConfidence = [0.0, 0.0, 0.0]
01-13 00:40:28.499  4704  4817 D SnpeWhyDistractionNativ: Frame number: 32, processFrame: modelClass = [-99, 0, 0], modelEntropy = [0.0, 0.0, 0.0], modelConfidence = [0.0, 0.0, 0.0]
01-13 00:40:28.616  4704  4817 D SnpeWhyDistractionNativ: Frame number: 33, processFrame: modelClass = [0, 0, 0], modelEntropy = [0.66415226, 0.0, 0.0], modelConfidence = [0.6367128, 0.0, 0.0]
01-13 00:40:28.695  4704  4817 D SnpeWhyDistractionNativ: Frame number: 34, processFrame: modelClass = [-99, 0, 0], modelEntropy = [0.0, 0.0, 0.0], modelConfidence = [0.0, 0.0, 0.0]
01-13 00:40:28.781  4704  4817 D SnpeWhyDistractionNativ: Frame number: 35, processFrame: modelClass = [-99, 0, 0], modelEntropy = [0.0, 0.0, 0.0], modelConfidence = [0.0, 0.0, 0.0]
01-13 00:40:28.912  4704  4817 D SnpeWhyDistractionNativ: Frame number: 36, processFrame: modelClass = [3, 0, 0], modelEntropy = [0.66889346, 0.0, 0.0], modelConfidence = [0.6146592, 0.0, 0.0]
01-13 00:40:28.991  4704  4817 D SnpeWhyDistractionNativ: Frame number: 37, processFrame: modelClass = [-99, 0, 0], modelEntropy = [0.0, 0.0, 0.0], modelConfidence = [0.0, 0.0, 0.0]
01-13 00:40:29.083  4704  4817 D SnpeWhyDistractionNativ: Frame number: 38, processFrame: modelClass = [-99, 0, 0], modelEntropy = [0.0, 0.0, 0.0], modelConfidence = [0.0, 0.0, 0.0]
01-13 00:40:29.231  4704  4817 D SnpeWhyDistractionNativ: Frame number: 39, processFrame: modelClass = [0, 0, 0], modelEntropy = [0.58218646, 0.0, 0.0], modelConfidence = [0.7421856, 0.0, 0.0]
01-13 00:40:29.303  4704  4817 D SnpeWhyDistractionNativ: Frame number: 40, processFrame: modelClass = [-99, 0, 0], modelEntropy = [0.0, 0.0, 0.0], modelConfidence = [0.0, 0.0, 0.0]
01-13 00:40:29.385  4704  4817 D SnpeWhyDistractionNativ: Frame number: 41, processFrame: modelClass = [-99, 0, 0], modelEntropy = [0.0, 0.0, 0.0], modelConfidence = [0.0, 0.0, 0.0]
01-13 00:40:29.518  4704  4817 D SnpeWhyDistractionNativ: Frame number: 42, processFrame: modelClass = [0, 0, 0], modelEntropy = [0.6741583, 0.0, 0.0], modelConfidence = [0.6222753, 0.0, 0.0]
01-13 00:40:29.604  4704  4817 D SnpeWhyDistractionNativ: Frame number: 43, processFrame: modelClass = [-99, 0, 0], modelEntropy = [0.0, 0.0, 0.0], modelConfidence = [0.0, 0.0, 0.0]
01-13 00:40:29.686  4704  4817 D SnpeWhyDistractionNativ: Frame number: 44, processFrame: modelClass = [-99, 0, 0], modelEntropy = [0.0, 0.0, 0.0], modelConfidence = [0.0, 0.0, 0.0]
01-13 00:40:29.820  4704  4817 D SnpeWhyDistractionNativ: Frame number: 45, processFrame: modelClass = [0, 0, 0], modelEntropy = [0.71210504, 0.0, 0.0], modelConfidence = [0.53903925, 0.0, 0.0]
01-13 00:40:29.897  4704  4817 D SnpeWhyDistractionNativ: Frame number: 46, processFrame: modelClass = [-99, 0, 0], modelEntropy = [0.0, 0.0, 0.0], modelConfidence = [0.0, 0.0, 0.0]
01-13 00:40:29.994  4704  4817 D SnpeWhyDistractionNativ: Frame number: 47, processFrame: modelClass = [-99, 0, 0], modelEntropy = [0.0, 0.0, 0.0], modelConfidence = [0.0, 0.0, 0.0]
01-13 00:40:30.115  4704  4817 D SnpeWhyDistractionNativ: Frame number: 48, processFrame: modelClass = [3, 0, 0], modelEntropy = [0.6434464, 0.0, 0.0], modelConfidence = [0.667698, 0.0, 0.0]
01-13 00:40:30.200  4704  4817 D SnpeWhyDistractionNativ: Frame number: 49, processFrame: modelClass = [-99, 0, 0], modelEntropy = [0.0, 0.0, 0.0], modelConfidence = [0.0, 0.0, 0.0]
01-13 00:40:30.281  4704  4817 D SnpeWhyDistractionNativ: Frame number: 50, processFrame: modelClass = [-99, 0, 0], modelEntropy = [0.0, 0.0, 0.0], modelConfidence = [0.0, 0.0, 0.0]
01-13 00:40:30.425  4704  4817 D SnpeWhyDistractionNativ: Frame number: 51, processFrame: modelClass = [3, 0, 0], modelEntropy = [0.733007, 0.0, 0.0], modelConfidence = [0.60449433, 0.0, 0.0]
01-13 00:40:30.503  4704  4817 D SnpeWhyDistractionNativ: Frame number: 52, processFrame: modelClass = [-99, 0, 0], modelEntropy = [0.0, 0.0, 0.0], modelConfidence = [0.0, 0.0, 0.0]
01-13 00:40:30.597  4704  4817 D SnpeWhyDistractionNativ: Frame number: 53, processFrame: modelClass = [-99, 0, 0], modelEntropy = [0.0, 0.0, 0.0], modelConfidence = [0.0, 0.0, 0.0]
01-13 00:40:30.718  4704  4817 D SnpeWhyDistractionNativ: Frame number: 54, processFrame: modelClass = [0, 0, 0], modelEntropy = [0.64055246, 0.0, 0.0], modelConfidence = [0.67960835, 0.0, 0.0]
01-13 00:40:30.801  4704  4817 D SnpeWhyDistractionNativ: Frame number: 55, processFrame: modelClass = [-99, 0, 0], modelEntropy = [0.0, 0.0, 0.0], modelConfidence = [0.0, 0.0, 0.0]
01-13 00:40:30.888  4704  4817 D SnpeWhyDistractionNativ: Frame number: 56, processFrame: modelClass = [-99, 0, 0], modelEntropy = [0.0, 0.0, 0.0], modelConfidence = [0.0, 0.0, 0.0]
01-13 00:40:31.028  4704  4817 D SnpeWhyDistractionNativ: Frame number: 57, processFrame: modelClass = [3, 0, 0], modelEntropy = [0.6481656, 0.0, 0.0], modelConfidence = [0.7275788, 0.0, 0.0]
01-13 00:40:31.107  4704  4817 D SnpeWhyDistractionNativ: Frame number: 58, processFrame: modelClass = [-99, 0, 0], modelEntropy = [0.0, 0.0, 0.0], modelConfidence = [0.0, 0.0, 0.0]
01-13 00:40:31.190  4704  4817 D SnpeWhyDistractionNativ: Frame number: 59, processFrame: modelClass = [-99, 0, 0], modelEntropy = [0.0, 0.0, 0.0], modelConfidence = [0.0, 0.0, 0.0]
01-13 00:40:31.315  4704  4817 D SnpeWhyDistractionNativ: Frame number: 60, processFrame: modelClass = [0, 0, 0], modelEntropy = [0.5018563, 0.0, 0.0], modelConfidence = [0.8088765, 0.0, 0.0]
01-13 00:40:31.392  4704  4817 D SnpeWhyDistractionNativ: Frame number: 61, processFrame: modelClass = [-99, 0, 0], modelEntropy = [0.0, 0.0, 0.0], modelConfidence = [0.0, 0.0, 0.0]
01-13 00:40:31.491  4704  4817 D SnpeWhyDistractionNativ: Frame number: 62, processFrame: modelClass = [-99, 0, 0], modelEntropy = [0.0, 0.0, 0.0], modelConfidence = [0.0, 0.0, 0.0]
01-13 00:40:31.642  4704  4817 D SnpeWhyDistractionNativ: Frame number: 63, processFrame: modelClass = [3, 0, 0], modelEntropy = [0.70275676, 0.0, 0.0], modelConfidence = [0.5407769, 0.0, 0.0]
01-13 00:40:31.708  4704  4817 D SnpeWhyDistractionNativ: Frame number: 64, processFrame: modelClass = [-99, 0, 0], modelEntropy = [0.0, 0.0, 0.0], modelConfidence = [0.0, 0.0, 0.0]
01-13 00:40:31.804  4704  4817 D SnpeWhyDistractionNativ: Frame number: 65, processFrame: modelClass = [-99, 0, 0], modelEntropy = [0.0, 0.0, 0.0], modelConfidence = [0.0, 0.0, 0.0]
01-13 00:40:31.918  4704  4817 D SnpeWhyDistractionNativ: Frame number: 66, processFrame: modelClass = [0, 0, 0], modelEntropy = [0.6973255, 0.0, 0.0], modelConfidence = [0.51539844, 0.0, 0.0]
01-13 00:40:31.993  4704  4817 D SnpeWhyDistractionNativ: Frame number: 67, processFrame: modelClass = [-99, 0, 0], modelEntropy = [0.0, 0.0, 0.0], modelConfidence = [0.0, 0.0, 0.0]
01-13 00:40:32.082  4704  4817 D SnpeWhyDistractionNativ: Frame number: 68, processFrame: modelClass = [-99, 0, 0], modelEntropy = [0.0, 0.0, 0.0], modelConfidence = [0.0, 0.0, 0.0]
01-13 00:40:32.214  4704  4817 D SnpeWhyDistractionNativ: Frame number: 69, processFrame: modelClass = [0, 0, 0], modelEntropy = [0.6931476, 0.0, 0.0], modelConfidence = [0.57475746, 0.0, 0.0]
01-13 00:40:32.307  4704  4817 D SnpeWhyDistractionNativ: Frame number: 70, processFrame: modelClass = [-99, 0, 0], modelEntropy = [0.0, 0.0, 0.0], modelConfidence = [0.0, 0.0, 0.0]
01-13 00:40:32.386  4704  4817 D SnpeWhyDistractionNativ: Frame number: 71, processFrame: modelClass = [-99, 0, 0], modelEntropy = [0.0, 0.0, 0.0], modelConfidence = [0.0, 0.0, 0.0]
01-13 00:40:32.523  4704  4817 D SnpeWhyDistractionNativ: Frame number: 72, processFrame: modelClass = [3, 0, 0], modelEntropy = [0.729772, 0.0, 0.0], modelConfidence = [0.5934083, 0.0, 0.0]
01-13 00:40:32.624  4704  4817 D SnpeWhyDistractionNativ: Frame number: 73, processFrame: modelClass = [-99, 0, 0], modelEntropy = [0.0, 0.0, 0.0], modelConfidence = [0.0, 0.0, 0.0]
01-13 00:40:32.699  4704  4817 D SnpeWhyDistractionNativ: Frame number: 74, processFrame: modelClass = [-99, 0, 0], modelEntropy = [0.0, 0.0, 0.0], modelConfidence = [0.0, 0.0, 0.0]
01-13 00:40:32.823  4704  4817 D SnpeWhyDistractionNativ: Frame number: 75, processFrame: modelClass = [0, 0, 0], modelEntropy = [0.69501466, 0.0, 0.0], modelConfidence = [0.533483, 0.0, 0.0]
01-13 00:40:32.911  4704  4817 D SnpeWhyDistractionNativ: Frame number: 76, processFrame: modelClass = [-99, 0, 0], modelEntropy = [0.0, 0.0, 0.0], modelConfidence = [0.0, 0.0, 0.0]
01-13 00:40:32.996  4704  4817 D SnpeWhyDistractionNativ: Frame number: 77, processFrame: modelClass = [-99, 0, 0], modelEntropy = [0.0, 0.0, 0.0], modelConfidence = [0.0, 0.0, 0.0]
01-13 00:40:33.104  4704  4817 D SnpeWhyDistractionNativ: Frame number: 78, processFrame: modelClass = [3, 0, 0], modelEntropy = [0.6820643, 0.0, 0.0], modelConfidence = [0.59599006, 0.0, 0.0]
01-13 00:40:33.210  4704  4817 D SnpeWhyDistractionNativ: Frame number: 79, processFrame: modelClass = [-99, 0, 0], modelEntropy = [0.0, 0.0, 0.0], modelConfidence = [0.0, 0.0, 0.0]
01-13 00:40:33.286  4704  4817 D SnpeWhyDistractionNativ: Frame number: 80, processFrame: modelClass = [-99, 0, 0], modelEntropy = [0.0, 0.0, 0.0], modelConfidence = [0.0, 0.0, 0.0]
01-13 00:40:33.425  4704  4817 D SnpeWhyDistractionNativ: Frame number: 81, processFrame: modelClass = [0, 0, 0], modelEntropy = [0.65602225, 0.0, 0.0], modelConfidence = [0.6385232, 0.0, 0.0]
01-13 00:40:33.493  4704  4817 D SnpeWhyDistractionNativ: Frame number: 82, processFrame: modelClass = [-99, 0, 0], modelEntropy = [0.0, 0.0, 0.0], modelConfidence = [0.0, 0.0, 0.0]
01-13 00:40:33.599  4704  4817 D SnpeWhyDistractionNativ: Frame number: 83, processFrame: modelClass = [-99, 0, 0], modelEntropy = [0.0, 0.0, 0.0], modelConfidence = [0.0, 0.0, 0.0]
01-13 00:40:33.713  4704  4817 D SnpeWhyDistractionNativ: Frame number: 84, processFrame: modelClass = [0, 0, 0], modelEntropy = [0.65354115, 0.0, 0.0], modelConfidence = [0.6455387, 0.0, 0.0]
01-13 00:40:33.803  4704  4817 D SnpeWhyDistractionNativ: Frame number: 85, processFrame: modelClass = [-99, 0, 0], modelEntropy = [0.0, 0.0, 0.0], modelConfidence = [0.0, 0.0, 0.0]
01-13 00:40:33.884  4704  4817 D SnpeWhyDistractionNativ: Frame number: 86, processFrame: modelClass = [-99, 0, 0], modelEntropy = [0.0, 0.0, 0.0], modelConfidence = [0.0, 0.0, 0.0]
01-13 00:40:34.044  4704  4817 D SnpeWhyDistractionNativ: Frame number: 87, processFrame: modelClass = [0, 0, 0], modelEntropy = [0.41690117, 0.0, 0.0], modelConfidence = [0.85476726, 0.0, 0.0]
01-13 00:40:34.119  4704  4817 D SnpeWhyDistractionNativ: Frame number: 88, processFrame: modelClass = [-99, 0, 0], modelEntropy = [0.0, 0.0, 0.0], modelConfidence = [0.0, 0.0, 0.0]
01-13 00:40:34.215  4704  4817 D SnpeWhyDistractionNativ: Frame number: 89, processFrame: modelClass = [-99, 0, 0], modelEntropy = [0.0, 0.0, 0.0], modelConfidence = [0.0, 0.0, 0.0]
01-13 00:40:34.320  4704  4817 D SnpeWhyDistractionNativ: Frame number: 90, processFrame: modelClass = [0, 0, 0], modelEntropy = [0.70434076, 0.0, 0.0], modelConfidence = [0.5775723, 0.0, 0.0]
01-13 00:40:34.401  4704  4817 D SnpeWhyDistractionNativ: Frame number: 91, processFrame: modelClass = [-99, 0, 0], modelEntropy = [0.0, 0.0, 0.0], modelConfidence = [0.0, 0.0, 0.0]
01-13 00:40:34.481  4704  4817 D SnpeWhyDistractionNativ: Frame number: 92, processFrame: modelClass = [-99, 0, 0], modelEntropy = [0.0, 0.0, 0.0], modelConfidence = [0.0, 0.0, 0.0]
01-13 00:40:34.636  4704  4817 D SnpeWhyDistractionNativ: Frame number: 93, processFrame: modelClass = [0, 0, 0], modelEntropy = [0.3824434, 0.0, 0.0], modelConfidence = [0.8739718, 0.0, 0.0]
01-13 00:40:34.708  4704  4817 D SnpeWhyDistractionNativ: Frame number: 94, processFrame: modelClass = [-99, 0, 0], modelEntropy = [0.0, 0.0, 0.0], modelConfidence = [0.0, 0.0, 0.0]
01-13 00:40:34.812  4704  4817 D SnpeWhyDistractionNativ: Frame number: 95, processFrame: modelClass = [-99, 0, 0], modelEntropy = [0.0, 0.0, 0.0], modelConfidence = [0.0, 0.0, 0.0]
01-13 00:40:34.922  4704  4817 D SnpeWhyDistractionNativ: Frame number: 96, processFrame: modelClass = [0, 0, 0], modelEntropy = [0.632583, 0.0, 0.0], modelConfidence = [0.67799664, 0.0, 0.0]
01-13 00:40:35.013  4704  4817 D SnpeWhyDistractionNativ: Frame number: 97, processFrame: modelClass = [-99, 0, 0], modelEntropy = [0.0, 0.0, 0.0], modelConfidence = [0.0, 0.0, 0.0]
01-13 00:40:35.082  4704  4817 D SnpeWhyDistractionNativ: Frame number: 98, processFrame: modelClass = [-99, 0, 0], modelEntropy = [0.0, 0.0, 0.0], modelConfidence = [0.0, 0.0, 0.0]
01-13 00:40:35.225  4704  4817 D SnpeWhyDistractionNativ: Frame number: 99, processFrame: modelClass = [0, 0, 0], modelEntropy = [0.64537245, 0.0, 0.0], modelConfidence = [0.6676306, 0.0, 0.0]
01-13 00:40:35.307  4704  4817 D SnpeWhyDistractionNativ: Frame number: 100, processFrame: modelClass = [-99, 0, 0], modelEntropy = [0.0, 0.0, 0.0], modelConfidence = [0.0, 0.0, 0.0]
01-13 00:40:35.388  4704  4817 D SnpeWhyDistractionNativ: Frame number: 101, processFrame: modelClass = [-99, 0, 0], modelEntropy = [0.0, 0.0, 0.0], modelConfidence = [0.0, 0.0, 0.0]
01-13 00:40:35.507  4704  4817 D SnpeWhyDistractionNativ: Frame number: 102, processFrame: modelClass = [0, 0, 0], modelEntropy = [0.6375558, 0.0, 0.0], modelConfidence = [0.71767634, 0.0, 0.0]
01-13 00:40:35.602  4704  4817 D SnpeWhyDistractionNativ: Frame number: 103, processFrame: modelClass = [-99, 0, 0], modelEntropy = [0.0, 0.0, 0.0], modelConfidence = [0.0, 0.0, 0.0]
01-13 00:40:35.697  4704  4817 D SnpeWhyDistractionNativ: Frame number: 104, processFrame: modelClass = [-99, 0, 0], modelEntropy = [0.0, 0.0, 0.0], modelConfidence = [0.0, 0.0, 0.0]
01-13 00:40:35.841  4704  4817 D SnpeWhyDistractionNativ: Frame number: 105, processFrame: modelClass = [0, 0, 0], modelEntropy = [0.49652645, 0.0, 0.0], modelConfidence = [0.8078326, 0.0, 0.0]
01-13 00:40:35.908  4704  4817 D SnpeWhyDistractionNativ: Frame number: 106, processFrame: modelClass = [-99, 0, 0], modelEntropy = [0.0, 0.0, 0.0], modelConfidence = [0.0, 0.0, 0.0]
01-13 00:40:35.987  4704  4817 D SnpeWhyDistractionNativ: Frame number: 107, processFrame: modelClass = [-99, 0, 0], modelEntropy = [0.0, 0.0, 0.0], modelConfidence = [0.0, 0.0, 0.0]
01-13 00:40:36.137  4704  4817 D SnpeWhyDistractionNativ: Frame number: 108, processFrame: modelClass = [0, 0, 0], modelEntropy = [0.59727395, 0.0, 0.0], modelConfidence = [0.7314155, 0.0, 0.0]
01-13 00:40:36.203  4704  4817 D SnpeWhyDistractionNativ: Frame number: 109, processFrame: modelClass = [-99, 0, 0], modelEntropy = [0.0, 0.0, 0.0], modelConfidence = [0.0, 0.0, 0.0]
01-13 00:40:36.290  4704  4817 D SnpeWhyDistractionNativ: Frame number: 110, processFrame: modelClass = [-99, 0, 0], modelEntropy = [0.0, 0.0, 0.0], modelConfidence = [0.0, 0.0, 0.0]
01-13 00:40:36.438  4704  4817 D SnpeWhyDistractionNativ: Frame number: 111, processFrame: modelClass = [0, 0, 0], modelEntropy = [0.64194375, 0.0, 0.0], modelConfidence = [0.671517, 0.0, 0.0]
01-13 00:40:36.504  4704  4817 D SnpeWhyDistractionNativ: Frame number: 112, processFrame: modelClass = [-99, 0, 0], modelEntropy = [0.0, 0.0, 0.0], modelConfidence = [0.0, 0.0, 0.0]
01-13 00:40:36.594  4704  4817 D SnpeWhyDistractionNativ: Frame number: 113, processFrame: modelClass = [-99, 0, 0], modelEntropy = [0.0, 0.0, 0.0], modelConfidence = [0.0, 0.0, 0.0]
01-13 00:40:36.733  4704  4817 D SnpeWhyDistractionNativ: Frame number: 114, processFrame: modelClass = [0, 0, 0], modelEntropy = [0.5987504, 0.0, 0.0], modelConfidence = [0.7169061, 0.0, 0.0]
01-13 00:40:36.809  4704  4817 D SnpeWhyDistractionNativ: Frame number: 115, processFrame: modelClass = [-99, 0, 0], modelEntropy = [0.0, 0.0, 0.0], modelConfidence = [0.0, 0.0, 0.0]
01-13 00:40:36.884  4704  4817 D SnpeWhyDistractionNativ: Frame number: 116, processFrame: modelClass = [-99, 0, 0], modelEntropy = [0.0, 0.0, 0.0], modelConfidence = [0.0, 0.0, 0.0]
01-13 00:40:37.038  4704  4817 D SnpeWhyDistractionNativ: Frame number: 117, processFrame: modelClass = [0, 0, 0], modelEntropy = [0.33564785, 0.0, 0.0], modelConfidence = [0.89532894, 0.0, 0.0]
01-13 00:40:37.102  4704  4817 D SnpeWhyDistractionNativ: Frame number: 118, processFrame: modelClass = [-99, 0, 0], modelEntropy = [0.0, 0.0, 0.0], modelConfidence = [0.0, 0.0, 0.0]
01-13 00:40:37.192  4704  4817 D SnpeWhyDistractionNativ: Frame number: 119, processFrame: modelClass = [-99, 0, 0], modelEntropy = [0.0, 0.0, 0.0], modelConfidence = [0.0, 0.0, 0.0]
01-13 00:40:37.303  4704  4817 D SnpeWhyDistractionNativ: Frame number: 120, processFrame: modelClass = [0, 0, 0], modelEntropy = [0.34281418, 0.0, 0.0], modelConfidence = [0.8962611, 0.0, 0.0]
01-13 00:40:37.407  4704  4817 D SnpeWhyDistractionNativ: Frame number: 121, processFrame: modelClass = [-99, 0, 0], modelEntropy = [0.0, 0.0, 0.0], modelConfidence = [0.0, 0.0, 0.0]
01-13 00:40:37.493  4704  4817 D SnpeWhyDistractionNativ: Frame number: 122, processFrame: modelClass = [-99, 0, 0], modelEntropy = [0.0, 0.0, 0.0], modelConfidence = [0.0, 0.0, 0.0]
01-13 00:40:37.638  4704  4817 D SnpeWhyDistractionNativ: Frame number: 123, processFrame: modelClass = [0, 0, 0], modelEntropy = [0.48647517, 0.0, 0.0], modelConfidence = [0.81863153, 0.0, 0.0]
01-13 00:40:37.705  4704  4817 D SnpeWhyDistractionNativ: Frame number: 124, processFrame: modelClass = [-99, 0, 0], modelEntropy = [0.0, 0.0, 0.0], modelConfidence = [0.0, 0.0, 0.0]
01-13 00:40:37.795  4704  4817 D SnpeWhyDistractionNativ: Frame number: 125, processFrame: modelClass = [-99, 0, 0], modelEntropy = [0.0, 0.0, 0.0], modelConfidence = [0.0, 0.0, 0.0]
01-13 00:40:37.935  4704  4817 D SnpeWhyDistractionNativ: Frame number: 126, processFrame: modelClass = [3, 0, 0], modelEntropy = [0.68797123, 0.0, 0.0], modelConfidence = [0.58019274, 0.0, 0.0]
01-13 00:40:38.015  4704  4817 D SnpeWhyDistractionNativ: Frame number: 127, processFrame: modelClass = [-99, 0, 0], modelEntropy = [0.0, 0.0, 0.0], modelConfidence = [0.0, 0.0, 0.0]
01-13 00:40:38.103  4704  4817 D SnpeWhyDistractionNativ: Frame number: 128, processFrame: modelClass = [-99, 0, 0], modelEntropy = [0.0, 0.0, 0.0], modelConfidence = [0.0, 0.0, 0.0]
01-13 00:40:38.235  4704  4817 D SnpeWhyDistractionNativ: Frame number: 129, processFrame: modelClass = [0, 0, 0], modelEntropy = [0.4962231, 0.0, 0.0], modelConfidence = [0.80366933, 0.0, 0.0]
01-13 00:40:38.305  4704  4817 D SnpeWhyDistractionNativ: Frame number: 130, processFrame: modelClass = [-99, 0, 0], modelEntropy = [0.0, 0.0, 0.0], modelConfidence = [0.0, 0.0, 0.0]
01-13 00:40:38.410  4704  4817 D SnpeWhyDistractionNativ: Frame number: 131, processFrame: modelClass = [-99, 0, 0], modelEntropy = [0.0, 0.0, 0.0], modelConfidence = [0.0, 0.0, 0.0]
01-13 00:40:38.506  4704  4817 D SnpeWhyDistractionNativ: Frame number: 132, processFrame: modelClass = [0, 0, 0], modelEntropy = [0.5957252, 0.0, 0.0], modelConfidence = [0.72859234, 0.0, 0.0]
01-13 00:40:38.602  4704  4817 D SnpeWhyDistractionNativ: Frame number: 133, processFrame: modelClass = [-99, 0, 0], modelEntropy = [0.0, 0.0, 0.0], modelConfidence = [0.0, 0.0, 0.0]
01-13 00:40:38.687  4704  4817 D SnpeWhyDistractionNativ: Frame number: 134, processFrame: modelClass = [-99, 0, 0], modelEntropy = [0.0, 0.0, 0.0], modelConfidence = [0.0, 0.0, 0.0]
01-13 00:40:38.839  4704  4817 D SnpeWhyDistractionNativ: Frame number: 135, processFrame: modelClass = [0, 0, 0], modelEntropy = [0.3547626, 0.0, 0.0], modelConfidence = [0.886302, 0.0, 0.0]
01-13 00:40:38.913  4704  4817 D SnpeWhyDistractionNativ: Frame number: 136, processFrame: modelClass = [-99, 0, 0], modelEntropy = [0.0, 0.0, 0.0], modelConfidence = [0.0, 0.0, 0.0]
01-13 00:40:39.005  4704  4817 D SnpeWhyDistractionNativ: Frame number: 137, processFrame: modelClass = [-99, 0, 0], modelEntropy = [0.0, 0.0, 0.0], modelConfidence = [0.0, 0.0, 0.0]
01-13 00:40:39.113  4704  4817 D SnpeWhyDistractionNativ: Frame number: 138, processFrame: modelClass = [0, 0, 0], modelEntropy = [0.6481922, 0.0, 0.0], modelConfidence = [0.65252435, 0.0, 0.0]
01-13 00:40:39.211  4704  4817 D SnpeWhyDistractionNativ: Frame number: 139, processFrame: modelClass = [-99, 0, 0], modelEntropy = [0.0, 0.0, 0.0], modelConfidence = [0.0, 0.0, 0.0]
01-13 00:40:39.300  4704  4817 D SnpeWhyDistractionNativ: Frame number: 140, processFrame: modelClass = [-99, 0, 0], modelEntropy = [0.0, 0.0, 0.0], modelConfidence = [0.0, 0.0, 0.0]
01-13 00:40:39.441  4704  4817 D SnpeWhyDistractionNativ: Frame number: 141, processFrame: modelClass = [0, 0, 0], modelEntropy = [0.6556875, 0.0, 0.0], modelConfidence = [0.6385343, 0.0, 0.0]
01-13 00:40:39.507  4704  4817 D SnpeWhyDistractionNativ: Frame number: 142, processFrame: modelClass = [-99, 0, 0], modelEntropy = [0.0, 0.0, 0.0], modelConfidence = [0.0, 0.0, 0.0]
01-13 00:40:39.596  4704  4817 D SnpeWhyDistractionNativ: Frame number: 143, processFrame: modelClass = [-99, 0, 0], modelEntropy = [0.0, 0.0, 0.0], modelConfidence = [0.0, 0.0, 0.0]
01-13 00:40:39.714  4704  4817 D SnpeWhyDistractionNativ: Frame number: 144, processFrame: modelClass = [0, 0, 0], modelEntropy = [0.6825432, 0.0, 0.0], modelConfidence = [0.59519666, 0.0, 0.0]
01-13 00:40:39.800  4704  4817 D SnpeWhyDistractionNativ: Frame number: 145, processFrame: modelClass = [-99, 0, 0], modelEntropy = [0.0, 0.0, 0.0], modelConfidence = [0.0, 0.0, 0.0]
01-13 00:40:39.900  4704  4817 D SnpeWhyDistractionNativ: Frame number: 146, processFrame: modelClass = [-99, 0, 0], modelEntropy = [0.0, 0.0, 0.0], modelConfidence = [0.0, 0.0, 0.0]
01-13 00:40:40.041  4704  4817 D SnpeWhyDistractionNativ: Frame number: 147, processFrame: modelClass = [0, 0, 0], modelEntropy = [0.6512735, 0.0, 0.0], modelConfidence = [0.67042446, 0.0, 0.0]
01-13 00:40:40.102  4704  4817 D SnpeWhyDistractionNativ: Frame number: 148, processFrame: modelClass = [-99, 0, 0], modelEntropy = [0.0, 0.0, 0.0], modelConfidence = [0.0, 0.0, 0.0]
01-13 00:40:40.198  4704  4817 D SnpeWhyDistractionNativ: Frame number: 149, processFrame: modelClass = [-99, 0, 0], modelEntropy = [0.0, 0.0, 0.0], modelConfidence = [0.0, 0.0, 0.0]
01-13 00:40:40.334  4704  4817 D SnpeWhyDistractionNativ: Frame number: 150, processFrame: modelClass = [0, 0, 0], modelEntropy = [0.62232, 0.0, 0.0], modelConfidence = [0.7054241, 0.0, 0.0]
01-13 00:40:40.403  4704  4817 D SnpeWhyDistractionNativ: Frame number: 151, processFrame: modelClass = [-99, 0, 0], modelEntropy = [0.0, 0.0, 0.0], modelConfidence = [0.0, 0.0, 0.0]
01-13 00:40:40.491  4704  4817 D SnpeWhyDistractionNativ: Frame number: 152, processFrame: modelClass = [-99, 0, 0], modelEntropy = [0.0, 0.0, 0.0], modelConfidence = [0.0, 0.0, 0.0]
01-13 00:40:40.616  4704  4817 D SnpeWhyDistractionNativ: Frame number: 153, processFrame: modelClass = [3, 0, 0], modelEntropy = [0.71678984, 0.0, 0.0], modelConfidence = [0.6113719, 0.0, 0.0]
01-13 00:40:40.717  4704  4817 D SnpeWhyDistractionNativ: Frame number: 154, processFrame: modelClass = [-99, 0, 0], modelEntropy = [0.0, 0.0, 0.0], modelConfidence = [0.0, 0.0, 0.0]
01-13 00:40:40.805  4704  4817 D SnpeWhyDistractionNativ: Frame number: 155, processFrame: modelClass = [-99, 0, 0], modelEntropy = [0.0, 0.0, 0.0], modelConfidence = [0.0, 0.0, 0.0]
01-13 00:40:40.935  4704  4817 D SnpeWhyDistractionNativ: Frame number: 156, processFrame: modelClass = [0, 0, 0], modelEntropy = [0.7278333, 0.0, 0.0], modelConfidence = [0.50659347, 0.0, 0.0]
01-13 00:40:41.013  4704  4817 D SnpeWhyDistractionNativ: Frame number: 157, processFrame: modelClass = [-99, 0, 0], modelEntropy = [0.0, 0.0, 0.0], modelConfidence = [0.0, 0.0, 0.0]
01-13 00:40:41.101  4704  4817 D SnpeWhyDistractionNativ: Frame number: 158, processFrame: modelClass = [-99, 0, 0], modelEntropy = [0.0, 0.0, 0.0], modelConfidence = [0.0, 0.0, 0.0]
01-13 00:40:41.242  4704  4817 D SnpeWhyDistractionNativ: Frame number: 159, processFrame: modelClass = [0, 0, 0], modelEntropy = [0.54575914, 0.0, 0.0], modelConfidence = [0.7657124, 0.0, 0.0]
01-13 00:40:41.315  4704  4817 D SnpeWhyDistractionNativ: Frame number: 160, processFrame: modelClass = [-99, 0, 0], modelEntropy = [0.0, 0.0, 0.0], modelConfidence = [0.0, 0.0, 0.0]
01-13 00:40:41.403  4704  4817 D SnpeWhyDistractionNativ: Frame number: 161, processFrame: modelClass = [-99, 0, 0], modelEntropy = [0.0, 0.0, 0.0], modelConfidence = [0.0, 0.0, 0.0]
01-13 00:40:41.531  4704  4817 D SnpeWhyDistractionNativ: Frame number: 162, processFrame: modelClass = [0, 0, 0], modelEntropy = [0.6074371, 0.0, 0.0], modelConfidence = [0.70942736, 0.0, 0.0]
01-13 00:40:41.627  4704  4817 D SnpeWhyDistractionNativ: Frame number: 163, processFrame: modelClass = [-99, 0, 0], modelEntropy = [0.0, 0.0, 0.0], modelConfidence = [0.0, 0.0, 0.0]
01-13 00:40:41.704  4704  4817 D SnpeWhyDistractionNativ: Frame number: 164, processFrame: modelClass = [-99, 0, 0], modelEntropy = [0.0, 0.0, 0.0], modelConfidence = [0.0, 0.0, 0.0]
01-13 00:40:41.838  4704  4817 D SnpeWhyDistractionNativ: Frame number: 165, processFrame: modelClass = [0, 0, 0], modelEntropy = [0.517836, 0.0, 0.0], modelConfidence = [0.7882763, 0.0, 0.0]
01-13 00:40:41.902  4704  4817 D SnpeWhyDistractionNativ: Frame number: 166, processFrame: modelClass = [-99, 0, 0], modelEntropy = [0.0, 0.0, 0.0], modelConfidence = [0.0, 0.0, 0.0]
01-13 00:40:41.996  4704  4817 D SnpeWhyDistractionNativ: Frame number: 167, processFrame: modelClass = [-99, 0, 0], modelEntropy = [0.0, 0.0, 0.0], modelConfidence = [0.0, 0.0, 0.0]
01-13 00:40:42.131  4704  4817 D SnpeWhyDistractionNativ: Frame number: 168, processFrame: modelClass = [0, 0, 0], modelEntropy = [0.46666017, 0.0, 0.0], modelConfidence = [0.82341546, 0.0, 0.0]
01-13 00:40:42.211  4704  4817 D SnpeWhyDistractionNativ: Frame number: 169, processFrame: modelClass = [-99, 0, 0], modelEntropy = [0.0, 0.0, 0.0], modelConfidence = [0.0, 0.0, 0.0]
01-13 00:40:42.302  4704  4817 D SnpeWhyDistractionNativ: Frame number: 170, processFrame: modelClass = [-99, 0, 0], modelEntropy = [0.0, 0.0, 0.0], modelConfidence = [0.0, 0.0, 0.0]
01-13 00:40:42.437  4704  4817 D SnpeWhyDistractionNativ: Frame number: 171, processFrame: modelClass = [0, 0, 0], modelEntropy = [0.576075, 0.0, 0.0], modelConfidence = [0.73872316, 0.0, 0.0]
01-13 00:40:42.504  4704  4817 D SnpeWhyDistractionNativ: Frame number: 172, processFrame: modelClass = [-99, 0, 0], modelEntropy = [0.0, 0.0, 0.0], modelConfidence = [0.0, 0.0, 0.0]
01-13 00:40:42.607  4704  4817 D SnpeWhyDistractionNativ: Frame number: 173, processFrame: modelClass = [-99, 0, 0], modelEntropy = [0.0, 0.0, 0.0], modelConfidence = [0.0, 0.0, 0.0]
01-13 00:40:42.747  4704  4817 D SnpeWhyDistractionNativ: Frame number: 174, processFrame: modelClass = [0, 0, 0], modelEntropy = [0.38294017, 0.0, 0.0], modelConfidence = [0.8822714, 0.0, 0.0]
01-13 00:40:42.814  4704  4817 D SnpeWhyDistractionNativ: Frame number: 175, processFrame: modelClass = [-99, 0, 0], modelEntropy = [0.0, 0.0, 0.0], modelConfidence = [0.0, 0.0, 0.0]
01-13 00:40:42.899  4704  4817 D SnpeWhyDistractionNativ: Frame number: 176, processFrame: modelClass = [-99, 0, 0], modelEntropy = [0.0, 0.0, 0.0], modelConfidence = [0.0, 0.0, 0.0]
01-13 00:40:43.040  4704  4817 D SnpeWhyDistractionNativ: Frame number: 177, processFrame: modelClass = [0, 0, 0], modelEntropy = [0.67414635, 0.0, 0.0], modelConfidence = [0.63386405, 0.0, 0.0]
01-13 00:40:43.106  4704  4817 D SnpeWhyDistractionNativ: Frame number: 178, processFrame: modelClass = [-99, 0, 0], modelEntropy = [0.0, 0.0, 0.0], modelConfidence = [0.0, 0.0, 0.0]
01-13 00:40:43.211  4704  4817 D SnpeWhyDistractionNativ: Frame number: 179, processFrame: modelClass = [-99, 0, 0], modelEntropy = [0.0, 0.0, 0.0], modelConfidence = [0.0, 0.0, 0.0]
01-13 00:40:43.334  4704  4817 D SnpeWhyDistractionNativ: Frame number: 180, processFrame: modelClass = [0, 0, 0], modelEntropy = [0.37791586, 0.0, 0.0], modelConfidence = [0.8753722, 0.0, 0.0]
01-13 00:40:43.418  4704  4817 D SnpeWhyDistractionNativ: Frame number: 181, processFrame: modelClass = [-99, 0, 0], modelEntropy = [0.0, 0.0, 0.0], modelConfidence = [0.0, 0.0, 0.0]
01-13 00:40:43.504  4704  4817 D SnpeWhyDistractionNativ: Frame number: 182, processFrame: modelClass = [-99, 0, 0], modelEntropy = [0.0, 0.0, 0.0], modelConfidence = [0.0, 0.0, 0.0]
01-13 00:40:43.635  4704  4817 D SnpeWhyDistractionNativ: Frame number: 183, processFrame: modelClass = [0, 0, 0], modelEntropy = [0.5650321, 0.0, 0.0], modelConfidence = [0.75159216, 0.0, 0.0]
01-13 00:40:43.708  4704  4817 D SnpeWhyDistractionNativ: Frame number: 184, processFrame: modelClass = [-99, 0, 0], modelEntropy = [0.0, 0.0, 0.0], modelConfidence = [0.0, 0.0, 0.0]
01-13 00:40:43.810  4704  4817 D SnpeWhyDistractionNativ: Frame number: 185, processFrame: modelClass = [-99, 0, 0], modelEntropy = [0.0, 0.0, 0.0], modelConfidence = [0.0, 0.0, 0.0]
01-13 00:40:43.951  4704  4817 D SnpeWhyDistractionNativ: Frame number: 186, processFrame: modelClass = [0, 0, 0], modelEntropy = [0.3808371, 0.0, 0.0], modelConfidence = [0.87509006, 0.0, 0.0]
01-13 00:40:44.017  4704  4817 D SnpeWhyDistractionNativ: Frame number: 187, processFrame: modelClass = [-99, 0, 0], modelEntropy = [0.0, 0.0, 0.0], modelConfidence = [0.0, 0.0, 0.0]
01-13 00:40:44.103  4704  4817 D SnpeWhyDistractionNativ: Frame number: 188, processFrame: modelClass = [-99, 0, 0], modelEntropy = [0.0, 0.0, 0.0], modelConfidence = [0.0, 0.0, 0.0]
01-13 00:40:44.247  4704  4817 D SnpeWhyDistractionNativ: Frame number: 189, processFrame: modelClass = [0, 0, 0], modelEntropy = [0.7215339, 0.0, 0.0], modelConfidence = [0.51632917, 0.0, 0.0]
01-13 00:40:44.312  4704  4817 D SnpeWhyDistractionNativ: Frame number: 190, processFrame: modelClass = [-99, 0, 0], modelEntropy = [0.0, 0.0, 0.0], modelConfidence = [0.0, 0.0, 0.0]
01-13 00:40:44.411  4704  4817 D SnpeWhyDistractionNativ: Frame number: 191, processFrame: modelClass = [-99, 0, 0], modelEntropy = [0.0, 0.0, 0.0], modelConfidence = [0.0, 0.0, 0.0]
01-13 00:40:44.524  4704  4817 D SnpeWhyDistractionNativ: Frame number: 192, processFrame: modelClass = [3, 0, 0], modelEntropy = [0.6918517, 0.0, 0.0], modelConfidence = [0.5768186, 0.0, 0.0]
01-13 00:40:44.613  4704  4817 D SnpeWhyDistractionNativ: Frame number: 193, processFrame: modelClass = [-99, 0, 0], modelEntropy = [0.0, 0.0, 0.0], modelConfidence = [0.0, 0.0, 0.0]
01-13 00:40:44.706  4704  4817 D SnpeWhyDistractionNativ: Frame number: 194, processFrame: modelClass = [-99, 0, 0], modelEntropy = [0.0, 0.0, 0.0], modelConfidence = [0.0, 0.0, 0.0]
01-13 00:40:44.845  4704  4817 D SnpeWhyDistractionNativ: Frame number: 195, processFrame: modelClass = [0, 0, 0], modelEntropy = [0.44537494, 0.0, 0.0], modelConfidence = [0.8448067, 0.0, 0.0]
01-13 00:40:44.912  4704  4817 D SnpeWhyDistractionNativ: Frame number: 196, processFrame: modelClass = [-99, 0, 0], modelEntropy = [0.0, 0.0, 0.0], modelConfidence = [0.0, 0.0, 0.0]
01-13 00:40:45.006  4704  4817 D SnpeWhyDistractionNativ: Frame number: 197, processFrame: modelClass = [-99, 0, 0], modelEntropy = [0.0, 0.0, 0.0], modelConfidence = [0.0, 0.0, 0.0]
01-13 00:40:45.145  4704  4817 D SnpeWhyDistractionNativ: Frame number: 198, processFrame: modelClass = [3, 0, 0], modelEntropy = [0.7046723, 0.0, 0.0], modelConfidence = [0.5054453, 0.0, 0.0]
01-13 00:40:45.221  4704  4817 D SnpeWhyDistractionNativ: Frame number: 199, processFrame: modelClass = [-99, 0, 0], modelEntropy = [0.0, 0.0, 0.0], modelConfidence = [0.0, 0.0, 0.0]
01-13 00:40:45.300  4704  4817 D SnpeWhyDistractionNativ: Frame number: 200, processFrame: modelClass = [-99, 0, 0], modelEntropy = [0.0, 0.0, 0.0], modelConfidence = [0.0, 0.0, 0.0]
01-13 00:40:45.426  4704  4817 D SnpeWhyDistractionNativ: Frame number: 201, processFrame: modelClass = [3, 0, 0], modelEntropy = [0.6492623, 0.0, 0.0], modelConfidence = [0.6693625, 0.0, 0.0]
01-13 00:40:45.514  4704  4817 D SnpeWhyDistractionNativ: Frame number: 202, processFrame: modelClass = [-99, 0, 0], modelEntropy = [0.0, 0.0, 0.0], modelConfidence = [0.0, 0.0, 0.0]
01-13 00:40:45.610  4704  4817 D SnpeWhyDistractionNativ: Frame number: 203, processFrame: modelClass = [-99, 0, 0], modelEntropy = [0.0, 0.0, 0.0], modelConfidence = [0.0, 0.0, 0.0]
01-13 00:40:45.735  4704  4817 D SnpeWhyDistractionNativ: Frame number: 204, processFrame: modelClass = [3, 0, 0], modelEntropy = [0.61264133, 0.0, 0.0], modelConfidence = [0.7208826, 0.0, 0.0]
01-13 00:40:45.818  4704  4817 D SnpeWhyDistractionNativ: Frame number: 205, processFrame: modelClass = [-99, 0, 0], modelEntropy = [0.0, 0.0, 0.0], modelConfidence = [0.0, 0.0, 0.0]
01-13 00:40:45.909  4704  4817 D SnpeWhyDistractionNativ: Frame number: 206, processFrame: modelClass = [-99, 0, 0], modelEntropy = [0.0, 0.0, 0.0], modelConfidence = [0.0, 0.0, 0.0]
01-13 00:40:46.056  4704  4817 D SnpeWhyDistractionNativ: Frame number: 207, processFrame: modelClass = [3, 0, 0], modelEntropy = [0.661095, 0.0, 0.0], modelConfidence = [0.67190313, 0.0, 0.0]
01-13 00:40:46.121  4704  4817 D SnpeWhyDistractionNativ: Frame number: 208, processFrame: modelClass = [-99, 0, 0], modelEntropy = [0.0, 0.0, 0.0], modelConfidence = [0.0, 0.0, 0.0]
01-13 00:40:46.202  4704  4817 D SnpeWhyDistractionNativ: Frame number: 209, processFrame: modelClass = [-99, 0, 0], modelEntropy = [0.0, 0.0, 0.0], modelConfidence = [0.0, 0.0, 0.0]
01-13 00:40:46.338  4704  4817 D SnpeWhyDistractionNativ: Frame number: 210, processFrame: modelClass = [0, 0, 0], modelEntropy = [0.63922256, 0.0, 0.0], modelConfidence = [0.67868966, 0.0, 0.0]
01-13 00:40:46.425  4704  4817 D SnpeWhyDistractionNativ: Frame number: 211, processFrame: modelClass = [-99, 0, 0], modelEntropy = [0.0, 0.0, 0.0], modelConfidence = [0.0, 0.0, 0.0]
01-13 00:40:46.521  4704  4817 D SnpeWhyDistractionNativ: Frame number: 212, processFrame: modelClass = [-99, 0, 0], modelEntropy = [0.0, 0.0, 0.0], modelConfidence = [0.0, 0.0, 0.0]
01-13 00:40:46.629  4704  4817 D SnpeWhyDistractionNativ: Frame number: 213, processFrame: modelClass = [3, 0, 0], modelEntropy = [0.46711534, 0.0, 0.0], modelConfidence = [0.8310994, 0.0, 0.0]
01-13 00:40:46.722  4704  4817 D SnpeWhyDistractionNativ: Frame number: 214, processFrame: modelClass = [-99, 0, 0], modelEntropy = [0.0, 0.0, 0.0], modelConfidence = [0.0, 0.0, 0.0]
01-13 00:40:46.814  4704  4817 D SnpeWhyDistractionNativ: Frame number: 215, processFrame: modelClass = [-99, 0, 0], modelEntropy = [0.0, 0.0, 0.0], modelConfidence = [0.0, 0.0, 0.0]
01-13 00:40:46.948  4704  4817 D SnpeWhyDistractionNativ: Frame number: 216, processFrame: modelClass = [3, 0, 0], modelEntropy = [0.4506313, 0.0, 0.0], modelConfidence = [0.847572, 0.0, 0.0]
01-13 00:40:47.021  4704  4817 D SnpeWhyDistractionNativ: Frame number: 217, processFrame: modelClass = [-99, 0, 0], modelEntropy = [0.0, 0.0, 0.0], modelConfidence = [0.0, 0.0, 0.0]
01-13 00:40:47.105  4704  4817 D SnpeWhyDistractionNativ: Frame number: 218, processFrame: modelClass = [-99, 0, 0], modelEntropy = [0.0, 0.0, 0.0], modelConfidence = [0.0, 0.0, 0.0]
01-13 00:40:47.274  4704  4817 D SnpeWhyDistractionNativ: Frame number: 219, processFrame: modelClass = [3, 0, 0], modelEntropy = [0.6643257, 0.0, 0.0], modelConfidence = [0.6211182, 0.0, 0.0]
01-13 00:40:47.335  4704  4817 D SnpeWhyDistractionNativ: Frame number: 220, processFrame: modelClass = [-99, 0, 0], modelEntropy = [0.0, 0.0, 0.0], modelConfidence = [0.0, 0.0, 0.0]
01-13 00:40:47.415  4704  4817 D SnpeWhyDistractionNativ: Frame number: 221, processFrame: modelClass = [-99, 0, 0], modelEntropy = [0.0, 0.0, 0.0], modelConfidence = [0.0, 0.0, 0.0]
01-13 00:40:47.542  4704  4817 D SnpeWhyDistractionNativ: Frame number: 222, processFrame: modelClass = [0, 0, 0], modelEntropy = [0.496264, 0.0, 0.0], modelConfidence = [0.8041005, 0.0, 0.0]
01-13 00:40:47.626  4704  4817 D SnpeWhyDistractionNativ: Frame number: 223, processFrame: modelClass = [-99, 0, 0], modelEntropy = [0.0, 0.0, 0.0], modelConfidence = [0.0, 0.0, 0.0]
01-13 00:40:47.715  4704  4817 D SnpeWhyDistractionNativ: Frame number: 224, processFrame: modelClass = [-99, 0, 0], modelEntropy = [0.0, 0.0, 0.0], modelConfidence = [0.0, 0.0, 0.0]
01-13 00:40:47.833  4704  4817 D SnpeWhyDistractionNativ: Frame number: 225, processFrame: modelClass = [0, 0, 0], modelEntropy = [0.43343318, 0.0, 0.0], modelConfidence = [0.8467903, 0.0, 0.0]
01-13 00:40:47.925  4704  4817 D SnpeWhyDistractionNativ: Frame number: 226, processFrame: modelClass = [-99, 0, 0], modelEntropy = [0.0, 0.0, 0.0], modelConfidence = [0.0, 0.0, 0.0]
01-13 00:40:48.027  4704  4817 D SnpeWhyDistractionNativ: Frame number: 227, processFrame: modelClass = [-99, 0, 0], modelEntropy = [0.0, 0.0, 0.0], modelConfidence = [0.0, 0.0, 0.0]
01-13 00:40:48.139  4704  4817 D SnpeWhyDistractionNativ: Frame number: 228, processFrame: modelClass = [3, 0, 0], modelEntropy = [0.70867264, 0.0, 0.0], modelConfidence = [0.5286923, 0.0, 0.0]
01-13 00:40:48.241  4704  4817 D SnpeWhyDistractionNativ: Frame number: 229, processFrame: modelClass = [-99, 0, 0], modelEntropy = [0.0, 0.0, 0.0], modelConfidence = [0.0, 0.0, 0.0]
01-13 00:40:48.308  4704  4817 D SnpeWhyDistractionNativ: Frame number: 230, processFrame: modelClass = [-99, 0, 0], modelEntropy = [0.0, 0.0, 0.0], modelConfidence = [0.0, 0.0, 0.0]
01-13 00:40:48.452  4704  4817 D SnpeWhyDistractionNativ: Frame number: 231, processFrame: modelClass = [3, 0, 0], modelEntropy = [0.68669486, 0.0, 0.0], modelConfidence = [0.5824193, 0.0, 0.0]
01-13 00:40:48.528  4704  4817 D SnpeWhyDistractionNativ: Frame number: 232, processFrame: modelClass = [-99, 0, 0], modelEntropy = [0.0, 0.0, 0.0], modelConfidence = [0.0, 0.0, 0.0]
01-13 00:40:48.633  4704  4817 D SnpeWhyDistractionNativ: Frame number: 233, processFrame: modelClass = [-99, 0, 0], modelEntropy = [0.0, 0.0, 0.0], modelConfidence = [0.0, 0.0, 0.0]
01-13 00:40:48.734  4704  4817 D SnpeWhyDistractionNativ: Frame number: 234, processFrame: modelClass = [0, 0, 0], modelEntropy = [0.4452716, 0.0, 0.0], modelConfidence = [0.8385197, 0.0, 0.0]
01-13 00:40:48.826  4704  4817 D SnpeWhyDistractionNativ: Frame number: 235, processFrame: modelClass = [-99, 0, 0], modelEntropy = [0.0, 0.0, 0.0], modelConfidence = [0.0, 0.0, 0.0]
01-13 00:40:48.912  4704  4817 D SnpeWhyDistractionNativ: Frame number: 236, processFrame: modelClass = [-99, 0, 0], modelEntropy = [0.0, 0.0, 0.0], modelConfidence = [0.0, 0.0, 0.0]
01-13 00:40:49.047  4704  4817 D SnpeWhyDistractionNativ: Frame number: 237, processFrame: modelClass = [0, 0, 0], modelEntropy = [0.28924412, 0.0, 0.0], modelConfidence = [0.91588676, 0.0, 0.0]
01-13 00:40:49.118  4704  4817 D SnpeWhyDistractionNativ: Frame number: 238, processFrame: modelClass = [-99, 0, 0], modelEntropy = [0.0, 0.0, 0.0], modelConfidence = [0.0, 0.0, 0.0]
01-13 00:40:49.219  4704  4817 D SnpeWhyDistractionNativ: Frame number: 239, processFrame: modelClass = [-99, 0, 0], modelEntropy = [0.0, 0.0, 0.0], modelConfidence = [0.0, 0.0, 0.0]
01-13 00:40:49.327  4704  4817 D SnpeWhyDistractionNativ: Frame number: 240, processFrame: modelClass = [0, 0, 0], modelEntropy = [0.6217845, 0.0, 0.0], modelConfidence = [0.69573796, 0.0, 0.0]
01-13 00:40:49.438  4704  4817 D SnpeWhyDistractionNativ: Frame number: 241, processFrame: modelClass = [-99, 0, 0], modelEntropy = [0.0, 0.0, 0.0], modelConfidence = [0.0, 0.0, 0.0]
01-13 00:40:49.513  4704  4817 D SnpeWhyDistractionNativ: Frame number: 242, processFrame: modelClass = [-99, 0, 0], modelEntropy = [0.0, 0.0, 0.0], modelConfidence = [0.0, 0.0, 0.0]
01-13 00:40:49.636  4704  4817 D SnpeWhyDistractionNativ: Frame number: 243, processFrame: modelClass = [3, 0, 0], modelEntropy = [0.69327384, 0.0, 0.0], modelConfidence = [0.52221197, 0.0, 0.0]
01-13 00:40:49.713  4704  4817 D SnpeWhyDistractionNativ: Frame number: 244, processFrame: modelClass = [-99, 0, 0], modelEntropy = [0.0, 0.0, 0.0], modelConfidence = [0.0, 0.0, 0.0]
01-13 00:40:49.833  4704  4817 D SnpeWhyDistractionNativ: Frame number: 245, processFrame: modelClass = [-99, 0, 0], modelEntropy = [0.0, 0.0, 0.0], modelConfidence = [0.0, 0.0, 0.0]
01-13 00:40:49.936  4704  4817 D SnpeWhyDistractionNativ: Frame number: 246, processFrame: modelClass = [3, 0, 0], modelEntropy = [0.70034635, 0.0, 0.0], modelConfidence = [0.56515396, 0.0, 0.0]
01-13 00:40:50.039  4704  4817 D SnpeWhyDistractionNativ: Frame number: 247, processFrame: modelClass = [-99, 0, 0], modelEntropy = [0.0, 0.0, 0.0], modelConfidence = [0.0, 0.0, 0.0]
01-13 00:40:50.118  4704  4817 D SnpeWhyDistractionNativ: Frame number: 248, processFrame: modelClass = [-99, 0, 0], modelEntropy = [0.0, 0.0, 0.0], modelConfidence = [0.0, 0.0, 0.0]
01-13 00:40:50.243  4704  4817 D SnpeWhyDistractionNativ: Frame number: 249, processFrame: modelClass = [0, 0, 0], modelEntropy = [0.6383896, 0.0, 0.0], modelConfidence = [0.68151295, 0.0, 0.0]
01-13 00:40:50.335  4704  4817 D SnpeWhyDistractionNativ: Frame number: 250, processFrame: modelClass = [-99, 0, 0], modelEntropy = [0.0, 0.0, 0.0], modelConfidence = [0.0, 0.0, 0.0]
01-13 00:40:50.424  4704  4817 D SnpeWhyDistractionNativ: Frame number: 251, processFrame: modelClass = [-99, 0, 0], modelEntropy = [0.0, 0.0, 0.0], modelConfidence = [0.0, 0.0, 0.0]
01-13 00:40:50.539  4704  4817 D SnpeWhyDistractionNativ: Frame number: 252, processFrame: modelClass = [0, 0, 0], modelEntropy = [0.35628372, 0.0, 0.0], modelConfidence = [0.8860974, 0.0, 0.0]
01-13 00:40:50.632  4704  4817 D SnpeWhyDistractionNativ: Frame number: 253, processFrame: modelClass = [-99, 0, 0], modelEntropy = [0.0, 0.0, 0.0], modelConfidence = [0.0, 0.0, 0.0]
01-13 00:40:50.718  4704  4817 D SnpeWhyDistractionNativ: Frame number: 254, processFrame: modelClass = [-99, 0, 0], modelEntropy = [0.0, 0.0, 0.0], modelConfidence = [0.0, 0.0, 0.0]
01-13 00:40:50.871  4704  4817 D SnpeWhyDistractionNativ: Frame number: 255, processFrame: modelClass = [0, 0, 0], modelEntropy = [0.69548464, 0.0, 0.0], modelConfidence = [0.5358105, 0.0, 0.0]
01-13 00:40:50.942  4704  4817 D SnpeWhyDistractionNativ: Frame number: 256, processFrame: modelClass = [-99, 0, 0], modelEntropy = [0.0, 0.0, 0.0], modelConfidence = [0.0, 0.0, 0.0]
01-13 00:40:51.026  4704  4817 D SnpeWhyDistractionNativ: Frame number: 257, processFrame: modelClass = [-99, 0, 0], modelEntropy = [0.0, 0.0, 0.0], modelConfidence = [0.0, 0.0, 0.0]
01-13 00:40:51.164  4704  4817 D SnpeWhyDistractionNativ: Frame number: 258, processFrame: modelClass = [3, 0, 0], modelEntropy = [0.6356714, 0.0, 0.0], modelConfidence = [0.67150563, 0.0, 0.0]
01-13 00:40:51.245  4704  4817 D SnpeWhyDistractionNativ: Frame number: 259, processFrame: modelClass = [-99, 0, 0], modelEntropy = [0.0, 0.0, 0.0], modelConfidence = [0.0, 0.0, 0.0]
01-13 00:40:51.327  4704  4817 D SnpeWhyDistractionNativ: Frame number: 260, processFrame: modelClass = [-99, 0, 0], modelEntropy = [0.0, 0.0, 0.0], modelConfidence = [0.0, 0.0, 0.0]
01-13 00:40:51.454  4704  4817 D SnpeWhyDistractionNativ: Frame number: 261, processFrame: modelClass = [0, 0, 0], modelEntropy = [0.48531634, 0.0, 0.0], modelConfidence = [0.8135066, 0.0, 0.0]
01-13 00:40:51.532  4704  4817 D SnpeWhyDistractionNativ: Frame number: 262, processFrame: modelClass = [-99, 0, 0], modelEntropy = [0.0, 0.0, 0.0], modelConfidence = [0.0, 0.0, 0.0]
01-13 00:40:51.630  4704  4817 D SnpeWhyDistractionNativ: Frame number: 263, processFrame: modelClass = [-99, 0, 0], modelEntropy = [0.0, 0.0, 0.0], modelConfidence = [0.0, 0.0, 0.0]
01-13 00:40:51.743  4704  4817 D SnpeWhyDistractionNativ: Frame number: 264, processFrame: modelClass = [0, 0, 0], modelEntropy = [0.29524282, 0.0, 0.0], modelConfidence = [0.91528845, 0.0, 0.0]
01-13 00:40:51.837  4704  4817 D SnpeWhyDistractionNativ: Frame number: 265, processFrame: modelClass = [-99, 0, 0], modelEntropy = [0.0, 0.0, 0.0], modelConfidence = [0.0, 0.0, 0.0]
01-13 00:40:51.939  4704  4817 D SnpeWhyDistractionNativ: Frame number: 266, processFrame: modelClass = [-99, 0, 0], modelEntropy = [0.0, 0.0, 0.0], modelConfidence = [0.0, 0.0, 0.0]
01-13 00:40:52.074  4704  4817 D SnpeWhyDistractionNativ: Frame number: 267, processFrame: modelClass = [0, 0, 0], modelEntropy = [0.26861498, 0.0, 0.0], modelConfidence = [0.930268, 0.0, 0.0]
01-13 00:40:52.136  4704  4817 D SnpeWhyDistractionNativ: Frame number: 268, processFrame: modelClass = [-99, 0, 0], modelEntropy = [0.0, 0.0, 0.0], modelConfidence = [0.0, 0.0, 0.0]
01-13 00:40:52.223  4704  4817 D SnpeWhyDistractionNativ: Frame number: 269, processFrame: modelClass = [-99, 0, 0], modelEntropy = [0.0, 0.0, 0.0], modelConfidence = [0.0, 0.0, 0.0]
01-13 00:40:52.352  4704  4817 D SnpeWhyDistractionNativ: Frame number: 270, processFrame: modelClass = [0, 0, 0], modelEntropy = [0.70000064, 0.0, 0.0], modelConfidence = [0.5082194, 0.0, 0.0]
01-13 00:40:52.429  4704  4817 D SnpeWhyDistractionNativ: Frame number: 271, processFrame: modelClass = [-99, 0, 0], modelEntropy = [0.0, 0.0, 0.0], modelConfidence = [0.0, 0.0, 0.0]
01-13 00:40:52.524  4704  4817 D SnpeWhyDistractionNativ: Frame number: 272, processFrame: modelClass = [-99, 0, 0], modelEntropy = [0.0, 0.0, 0.0], modelConfidence = [0.0, 0.0, 0.0]
01-13 00:40:52.669  4704  4817 D SnpeWhyDistractionNativ: Frame number: 273, processFrame: modelClass = [0, 0, 0], modelEntropy = [0.6989393, 0.0, 0.0], modelConfidence = [0.61345685, 0.0, 0.0]
01-13 00:40:52.740  4704  4817 D SnpeWhyDistractionNativ: Frame number: 274, processFrame: modelClass = [-99, 0, 0], modelEntropy = [0.0, 0.0, 0.0], modelConfidence = [0.0, 0.0, 0.0]
01-13 00:40:52.827  4704  4817 D SnpeWhyDistractionNativ: Frame number: 275, processFrame: modelClass = [-99, 0, 0], modelEntropy = [0.0, 0.0, 0.0], modelConfidence = [0.0, 0.0, 0.0]
01-13 00:40:52.960  4704  4817 D SnpeWhyDistractionNativ: Frame number: 276, processFrame: modelClass = [0, 0, 0], modelEntropy = [0.26087612, 0.0, 0.0], modelConfidence = [0.9299253, 0.0, 0.0]
01-13 00:40:53.049  4704  4817 D SnpeWhyDistractionNativ: Frame number: 277, processFrame: modelClass = [-99, 0, 0], modelEntropy = [0.0, 0.0, 0.0], modelConfidence = [0.0, 0.0, 0.0]
01-13 00:40:53.128  4704  4817 D SnpeWhyDistractionNativ: Frame number: 278, processFrame: modelClass = [-99, 0, 0], modelEntropy = [0.0, 0.0, 0.0], modelConfidence = [0.0, 0.0, 0.0]
01-13 00:40:53.279  4704  4817 D SnpeWhyDistractionNativ: Frame number: 279, processFrame: modelClass = [0, 0, 0], modelEntropy = [0.059806217, 0.0, 0.0], modelConfidence = [0.98925865, 0.0, 0.0]
01-13 00:40:53.348  4704  4817 D SnpeWhyDistractionNativ: Frame number: 280, processFrame: modelClass = [-99, 0, 0], modelEntropy = [0.0, 0.0, 0.0], modelConfidence = [0.0, 0.0, 0.0]
01-13 00:40:53.438  4704  4817 D SnpeWhyDistractionNativ: Frame number: 281, processFrame: modelClass = [-99, 0, 0], modelEntropy = [0.0, 0.0, 0.0], modelConfidence = [0.0, 0.0, 0.0]
01-13 00:40:53.544  4704  4817 D SnpeWhyDistractionNativ: Frame number: 282, processFrame: modelClass = [0, 0, 0], modelEntropy = [0.1353473, 0.0, 0.0], modelConfidence = [0.97032976, 0.0, 0.0]
01-13 00:40:53.642  4704  4817 D SnpeWhyDistractionNativ: Frame number: 283, processFrame: modelClass = [-99, 0, 0], modelEntropy = [0.0, 0.0, 0.0], modelConfidence = [0.0, 0.0, 0.0]
01-13 00:40:53.740  4704  4817 D SnpeWhyDistractionNativ: Frame number: 284, processFrame: modelClass = [-99, 0, 0], modelEntropy = [0.0, 0.0, 0.0], modelConfidence = [0.0, 0.0, 0.0]
01-13 00:40:53.865  4704  4817 D SnpeWhyDistractionNativ: Frame number: 285, processFrame: modelClass = [0, 0, 0], modelEntropy = [0.3358478, 0.0, 0.0], modelConfidence = [0.89620876, 0.0, 0.0]
01-13 00:40:53.951  4704  4817 D SnpeWhyDistractionNativ: Frame number: 286, processFrame: modelClass = [-99, 0, 0], modelEntropy = [0.0, 0.0, 0.0], modelConfidence = [0.0, 0.0, 0.0]
01-13 00:40:54.044  4704  4817 D SnpeWhyDistractionNativ: Frame number: 287, processFrame: modelClass = [-99, 0, 0], modelEntropy = [0.0, 0.0, 0.0], modelConfidence = [0.0, 0.0, 0.0]
01-13 00:40:54.150  4704  4817 D SnpeWhyDistractionNativ: Frame number: 288, processFrame: modelClass = [0, 0, 0], modelEntropy = [0.25448444, 0.0, 0.0], modelConfidence = [0.92986387, 0.0, 0.0]
01-13 00:40:54.247  4704  4817 D SnpeWhyDistractionNativ: Frame number: 289, processFrame: modelClass = [-99, 0, 0], modelEntropy = [0.0, 0.0, 0.0], modelConfidence = [0.0, 0.0, 0.0]
01-13 00:40:54.344  4704  4817 D SnpeWhyDistractionNativ: Frame number: 290, processFrame: modelClass = [-99, 0, 0], modelEntropy = [0.0, 0.0, 0.0], modelConfidence = [0.0, 0.0, 0.0]
01-13 00:40:54.466  4704  4817 D SnpeWhyDistractionNativ: Frame number: 291, processFrame: modelClass = [0, 0, 0], modelEntropy = [0.39949208, 0.0, 0.0], modelConfidence = [0.86384624, 0.0, 0.0]
01-13 00:40:54.545  4704  4817 D SnpeWhyDistractionNativ: Frame number: 292, processFrame: modelClass = [-99, 0, 0], modelEntropy = [0.0, 0.0, 0.0], modelConfidence = [0.0, 0.0, 0.0]
01-13 00:40:54.641  4704  4817 D SnpeWhyDistractionNativ: Frame number: 293, processFrame: modelClass = [-99, 0, 0], modelEntropy = [0.0, 0.0, 0.0], modelConfidence = [0.0, 0.0, 0.0]
01-13 00:40:54.750  4704  4817 D SnpeWhyDistractionNativ: Frame number: 294, processFrame: modelClass = [0, 0, 0], modelEntropy = [0.094220206, 0.0, 0.0], modelConfidence = [0.9812767, 0.0, 0.0]
01-13 00:40:54.837  4704  4817 D SnpeWhyDistractionNativ: Frame number: 295, processFrame: modelClass = [-99, 0, 0], modelEntropy = [0.0, 0.0, 0.0], modelConfidence = [0.0, 0.0, 0.0]
01-13 00:40:54.926  4704  4817 D SnpeWhyDistractionNativ: Frame number: 296, processFrame: modelClass = [-99, 0, 0], modelEntropy = [0.0, 0.0, 0.0], modelConfidence = [0.0, 0.0, 0.0]
01-13 00:40:55.071  4704  4817 D SnpeWhyDistractionNativ: Frame number: 297, processFrame: modelClass = [0, 0, 0], modelEntropy = [0.6330924, 0.0, 0.0], modelConfidence = [0.6938753, 0.0, 0.0]
01-13 00:40:55.152  4704  4817 D SnpeWhyDistractionNativ: Frame number: 298, processFrame: modelClass = [-99, 0, 0], modelEntropy = [0.0, 0.0, 0.0], modelConfidence = [0.0, 0.0, 0.0]
01-13 00:40:55.239  4704  4817 D SnpeWhyDistractionNativ: Frame number: 299, processFrame: modelClass = [-99, 0, 0], modelEntropy = [0.0, 0.0, 0.0], modelConfidence = [0.0, 0.0, 0.0]
01-13 00:40:55.365  4704  4817 D SnpeWhyDistractionNativ: Frame number: 300, processFrame: modelClass = [0, 0, 0], modelEntropy = [0.582201, 0.0, 0.0], modelConfidence = [0.7325151, 0.0, 0.0]
01-13 00:40:55.465  4704  4817 D SnpeWhyDistractionNativ: Frame number: 301, processFrame: modelClass = [-99, 0, 0], modelEntropy = [0.0, 0.0, 0.0], modelConfidence = [0.0, 0.0, 0.0]
01-13 00:40:55.546  4704  4817 D SnpeWhyDistractionNativ: Frame number: 302, processFrame: modelClass = [-99, 0, 0], modelEntropy = [0.0, 0.0, 0.0], modelConfidence = [0.0, 0.0, 0.0]
01-13 00:40:55.665  4704  4817 D SnpeWhyDistractionNativ: Frame number: 303, processFrame: modelClass = [0, 0, 0], modelEntropy = [0.034784477, 0.0, 0.0], modelConfidence = [0.99449897, 0.0, 0.0]
01-13 00:40:55.747  4704  4817 D SnpeWhyDistractionNativ: Frame number: 304, processFrame: modelClass = [-99, 0, 0], modelEntropy = [0.0, 0.0, 0.0], modelConfidence = [0.0, 0.0, 0.0]
01-13 00:40:55.837  4704  4817 D SnpeWhyDistractionNativ: Frame number: 305, processFrame: modelClass = [-99, 0, 0], modelEntropy = [0.0, 0.0, 0.0], modelConfidence = [0.0, 0.0, 0.0]
01-13 00:40:55.965  4704  4817 D SnpeWhyDistractionNativ: Frame number: 306, processFrame: modelClass = [0, 0, 0], modelEntropy = [0.15213938, 0.0, 0.0], modelConfidence = [0.9649806, 0.0, 0.0]
01-13 00:40:56.047  4704  4817 D SnpeWhyDistractionNativ: Frame number: 307, processFrame: modelClass = [-99, 0, 0], modelEntropy = [0.0, 0.0, 0.0], modelConfidence = [0.0, 0.0, 0.0]
01-13 00:41:00.212  4704  4817 D SnpeWhyDistractionNativ: Frame number: 308, processFrame: modelClass = [-99, 0, 0], modelEntropy = [0.0, 0.0, 0.0], modelConfidence = [0.0, 0.0, 0.0]
01-13 00:41:00.257  4704  4817 D SnpeWhyDistractionNativ: Frame number: 309, processFrame: modelClass = [0, 0, 0], modelEntropy = [0.17636552, 0.0, 0.0], modelConfidence = [0.95910805, 0.0, 0.0]
01-13 00:41:00.266  4704  4817 D SnpeWhyDistractionNativ: Frame number: 310, processFrame: modelClass = [-99, 0, 0], modelEntropy = [0.0, 0.0, 0.0], modelConfidence = [0.0, 0.0, 0.0]
01-13 00:41:00.276  4704  4817 D SnpeWhyDistractionNativ: Frame number: 311, processFrame: modelClass = [-99, 0, 0], modelEntropy = [0.0, 0.0, 0.0], modelConfidence = [0.0, 0.0, 0.0]
01-13 00:41:00.336  4704  4817 D SnpeWhyDistractionNativ: Frame number: 312, processFrame: modelClass = [0, 0, 0], modelEntropy = [0.4015023, 0.0, 0.0], modelConfidence = [0.8648671, 0.0, 0.0]
01-13 00:41:00.410  4704  4817 D SnpeWhyDistractionNativ: Frame number: 313, processFrame: modelClass = [-99, 0, 0], modelEntropy = [0.0, 0.0, 0.0], modelConfidence = [0.0, 0.0, 0.0]
01-13 00:41:00.511  4704  4817 D SnpeWhyDistractionNativ: Frame number: 314, processFrame: modelClass = [-99, 0, 0], modelEntropy = [0.0, 0.0, 0.0], modelConfidence = [0.0, 0.0, 0.0]
01-13 00:41:00.638  4704  4817 D SnpeWhyDistractionNativ: Frame number: 315, processFrame: modelClass = [0, 0, 0], modelEntropy = [0.14925157, 0.0, 0.0], modelConfidence = [0.96651936, 0.0, 0.0]
01-13 00:41:00.715  4704  4817 D SnpeWhyDistractionNativ: Frame number: 316, processFrame: modelClass = [-99, 0, 0], modelEntropy = [0.0, 0.0, 0.0], modelConfidence = [0.0, 0.0, 0.0]
01-13 00:41:00.808  4704  4817 D SnpeWhyDistractionNativ: Frame number: 317, processFrame: modelClass = [-99, 0, 0], modelEntropy = [0.0, 0.0, 0.0], modelConfidence = [0.0, 0.0, 0.0]
01-13 00:41:00.938  4704  4817 D SnpeWhyDistractionNativ: Frame number: 318, processFrame: modelClass = [0, 0, 0], modelEntropy = [0.15048923, 0.0, 0.0], modelConfidence = [0.9655985, 0.0, 0.0]
01-13 00:41:01.021  4704  4817 D SnpeWhyDistractionNativ: Frame number: 319, processFrame: modelClass = [-99, 0, 0], modelEntropy = [0.0, 0.0, 0.0], modelConfidence = [0.0, 0.0, 0.0]
01-13 00:41:01.114  4704  4817 D SnpeWhyDistractionNativ: Frame number: 320, processFrame: modelClass = [-99, 0, 0], modelEntropy = [0.0, 0.0, 0.0], modelConfidence = [0.0, 0.0, 0.0]
01-13 00:41:01.251  4704  4817 D SnpeWhyDistractionNativ: Frame number: 321, processFrame: modelClass = [0, 0, 0], modelEntropy = [0.12485381, 0.0, 0.0], modelConfidence = [0.97306204, 0.0, 0.0]
01-13 00:41:01.327  4704  4817 D SnpeWhyDistractionNativ: Frame number: 322, processFrame: modelClass = [-99, 0, 0], modelEntropy = [0.0, 0.0, 0.0], modelConfidence = [0.0, 0.0, 0.0]
01-13 00:41:01.410  4704  4817 D SnpeWhyDistractionNativ: Frame number: 323, processFrame: modelClass = [-99, 0, 0], modelEntropy = [0.0, 0.0, 0.0], modelConfidence = [0.0, 0.0, 0.0]
01-13 00:41:01.529  4704  4817 D SnpeWhyDistractionNativ: Frame number: 324, processFrame: modelClass = [0, 0, 0], modelEntropy = [0.28737745, 0.0, 0.0], modelConfidence = [0.91860646, 0.0, 0.0]
01-13 00:41:01.618  4704  4817 D SnpeWhyDistractionNativ: Frame number: 325, processFrame: modelClass = [-99, 0, 0], modelEntropy = [0.0, 0.0, 0.0], modelConfidence = [0.0, 0.0, 0.0]
01-13 00:41:01.703  4704  4817 D SnpeWhyDistractionNativ: Frame number: 326, processFrame: modelClass = [-99, 0, 0], modelEntropy = [0.0, 0.0, 0.0], modelConfidence = [0.0, 0.0, 0.0]
01-13 00:41:01.835  4704  4817 D SnpeWhyDistractionNativ: Frame number: 327, processFrame: modelClass = [0, 0, 0], modelEntropy = [0.06679476, 0.0, 0.0], modelConfidence = [0.9876208, 0.0, 0.0]
01-13 00:41:01.910  4704  4817 D SnpeWhyDistractionNativ: Frame number: 328, processFrame: modelClass = [-99, 0, 0], modelEntropy = [0.0, 0.0, 0.0], modelConfidence = [0.0, 0.0, 0.0]
01-13 00:41:02.009  4704  4817 D SnpeWhyDistractionNativ: Frame number: 329, processFrame: modelClass = [-99, 0, 0], modelEntropy = [0.0, 0.0, 0.0], modelConfidence = [0.0, 0.0, 0.0]
01-13 00:41:02.139  4704  4817 D SnpeWhyDistractionNativ: Frame number: 330, processFrame: modelClass = [0, 0, 0], modelEntropy = [0.15659875, 0.0, 0.0], modelConfidence = [0.9635753, 0.0, 0.0]
01-13 00:41:02.229  4704  4817 D SnpeWhyDistractionNativ: Frame number: 331, processFrame: modelClass = [-99, 0, 0], modelEntropy = [0.0, 0.0, 0.0], modelConfidence = [0.0, 0.0, 0.0]
01-13 00:41:02.307  4704  4817 D SnpeWhyDistractionNativ: Frame number: 332, processFrame: modelClass = [-99, 0, 0], modelEntropy = [0.0, 0.0, 0.0], modelConfidence = [0.0, 0.0, 0.0]
01-13 00:41:02.446  4704  4817 D SnpeWhyDistractionNativ: Frame number: 333, processFrame: modelClass = [0, 0, 0], modelEntropy = [0.18918118, 0.0, 0.0], modelConfidence = [0.95925874, 0.0, 0.0]
01-13 00:41:02.515  4704  4817 D SnpeWhyDistractionNativ: Frame number: 334, processFrame: modelClass = [-99, 0, 0], modelEntropy = [0.0, 0.0, 0.0], modelConfidence = [0.0, 0.0, 0.0]
01-13 00:41:02.622  4704  4817 D SnpeWhyDistractionNativ: Frame number: 335, processFrame: modelClass = [-99, 0, 0], modelEntropy = [0.0, 0.0, 0.0], modelConfidence = [0.0, 0.0, 0.0]
01-13 00:41:02.748  4704  4817 D SnpeWhyDistractionNativ: Frame number: 336, processFrame: modelClass = [0, 0, 0], modelEntropy = [0.18930744, 0.0, 0.0], modelConfidence = [0.95407534, 0.0, 0.0]
01-13 00:41:02.825  4704  4817 D SnpeWhyDistractionNativ: Frame number: 337, processFrame: modelClass = [-99, 0, 0], modelEntropy = [0.0, 0.0, 0.0], modelConfidence = [0.0, 0.0, 0.0]
01-13 00:41:02.906  4704  4817 D SnpeWhyDistractionNativ: Frame number: 338, processFrame: modelClass = [-99, 0, 0], modelEntropy = [0.0, 0.0, 0.0], modelConfidence = [0.0, 0.0, 0.0]
01-13 00:41:03.031  4704  4817 D SnpeWhyDistractionNativ: Frame number: 339, processFrame: modelClass = [0, 0, 0], modelEntropy = [0.4057261, 0.0, 0.0], modelConfidence = [0.8606039, 0.0, 0.0]
01-13 00:41:03.116  4704  4817 D SnpeWhyDistractionNativ: Frame number: 340, processFrame: modelClass = [-99, 0, 0], modelEntropy = [0.0, 0.0, 0.0], modelConfidence = [0.0, 0.0, 0.0]
01-13 00:41:03.215  4704  4817 D SnpeWhyDistractionNativ: Frame number: 341, processFrame: modelClass = [-99, 0, 0], modelEntropy = [0.0, 0.0, 0.0], modelConfidence = [0.0, 0.0, 0.0]
01-13 00:41:03.330  4704  4817 D SnpeWhyDistractionNativ: Frame number: 342, processFrame: modelClass = [0, 0, 0], modelEntropy = [0.6925613, 0.0, 0.0], modelConfidence = [0.59389424, 0.0, 0.0]
01-13 00:41:03.435  4704  4817 D SnpeWhyDistractionNativ: Frame number: 343, processFrame: modelClass = [-99, 0, 0], modelEntropy = [0.0, 0.0, 0.0], modelConfidence = [0.0, 0.0, 0.0]
01-13 00:41:03.512  4704  4817 D SnpeWhyDistractionNativ: Frame number: 344, processFrame: modelClass = [-99, 0, 0], modelEntropy = [0.0, 0.0, 0.0], modelConfidence = [0.0, 0.0, 0.0]
01-13 00:41:03.631  4704  4817 D SnpeWhyDistractionNativ: Frame number: 345, processFrame: modelClass = [0, 0, 0], modelEntropy = [0.35746637, 0.0, 0.0], modelConfidence = [0.88792247, 0.0, 0.0]
01-13 00:41:03.721  4704  4817 D SnpeWhyDistractionNativ: Frame number: 346, processFrame: modelClass = [-99, 0, 0], modelEntropy = [0.0, 0.0, 0.0], modelConfidence = [0.0, 0.0, 0.0]
01-13 00:41:03.816  4704  4817 D SnpeWhyDistractionNativ: Frame number: 347, processFrame: modelClass = [-99, 0, 0], modelEntropy = [0.0, 0.0, 0.0], modelConfidence = [0.0, 0.0, 0.0]
01-13 00:41:03.928  4704  4817 D SnpeWhyDistractionNativ: Frame number: 348, processFrame: modelClass = [0, 0, 0], modelEntropy = [0.50961447, 0.0, 0.0], modelConfidence = [0.7977774, 0.0, 0.0]
01-13 00:41:04.017  4704  4817 D SnpeWhyDistractionNativ: Frame number: 349, processFrame: modelClass = [-99, 0, 0], modelEntropy = [0.0, 0.0, 0.0], modelConfidence = [0.0, 0.0, 0.0]
01-13 00:41:04.114  4704  4817 D SnpeWhyDistractionNativ: Frame number: 350, processFrame: modelClass = [-99, 0, 0], modelEntropy = [0.0, 0.0, 0.0], modelConfidence = [0.0, 0.0, 0.0]
01-13 00:41:04.261  4704  4817 D SnpeWhyDistractionNativ: Frame number: 351, processFrame: modelClass = [0, 0, 0], modelEntropy = [0.3628218, 0.0, 0.0], modelConfidence = [0.88405406, 0.0, 0.0]
01-13 00:41:04.319  4704  4817 D SnpeWhyDistractionNativ: Frame number: 352, processFrame: modelClass = [-99, 0, 0], modelEntropy = [0.0, 0.0, 0.0], modelConfidence = [0.0, 0.0, 0.0]
01-13 00:41:04.415  4704  4817 D SnpeWhyDistractionNativ: Frame number: 353, processFrame: modelClass = [-99, 0, 0], modelEntropy = [0.0, 0.0, 0.0], modelConfidence = [0.0, 0.0, 0.0]
01-13 00:41:04.564  4704  4817 D SnpeWhyDistractionNativ: Frame number: 354, processFrame: modelClass = [0, 0, 0], modelEntropy = [0.10660829, 0.0, 0.0], modelConfidence = [0.9779069, 0.0, 0.0]
01-13 00:41:04.634  4704  4817 D SnpeWhyDistractionNativ: Frame number: 355, processFrame: modelClass = [-99, 0, 0], modelEntropy = [0.0, 0.0, 0.0], modelConfidence = [0.0, 0.0, 0.0]
01-13 00:41:04.707  4704  4817 D SnpeWhyDistractionNativ: Frame number: 356, processFrame: modelClass = [-99, 0, 0], modelEntropy = [0.0, 0.0, 0.0], modelConfidence = [0.0, 0.0, 0.0]
01-13 00:41:04.861  4704  4817 D SnpeWhyDistractionNativ: Frame number: 357, processFrame: modelClass = [0, 0, 0], modelEntropy = [0.15208119, 0.0, 0.0], modelConfidence = [0.9652213, 0.0, 0.0]
01-13 00:41:04.924  4704  4817 D SnpeWhyDistractionNativ: Frame number: 358, processFrame: modelClass = [-99, 0, 0], modelEntropy = [0.0, 0.0, 0.0], modelConfidence = [0.0, 0.0, 0.0]
01-13 00:41:05.020  4704  4817 D SnpeWhyDistractionNativ: Frame number: 359, processFrame: modelClass = [-99, 0, 0], modelEntropy = [0.0, 0.0, 0.0], modelConfidence = [0.0, 0.0, 0.0]
01-13 00:41:05.167  4704  4817 D SnpeWhyDistractionNativ: Frame number: 360, processFrame: modelClass = [0, 0, 0], modelEntropy = [0.05139629, 0.0, 0.0], modelConfidence = [0.9910078, 0.0, 0.0]
01-13 00:41:05.238  4704  4817 D SnpeWhyDistractionNativ: Frame number: 361, processFrame: modelClass = [-99, 0, 0], modelEntropy = [0.0, 0.0, 0.0], modelConfidence = [0.0, 0.0, 0.0]
01-13 00:41:05.312  4704  4817 D SnpeWhyDistractionNativ: Frame number: 362, processFrame: modelClass = [-99, 0, 0], modelEntropy = [0.0, 0.0, 0.0], modelConfidence = [0.0, 0.0, 0.0]
01-13 00:41:05.456  4704  4817 D SnpeWhyDistractionNativ: Frame number: 363, processFrame: modelClass = [0, 0, 0], modelEntropy = [0.20838095, 0.0, 0.0], modelConfidence = [0.9470495, 0.0, 0.0]
01-13 00:41:05.538  4704  4817 D SnpeWhyDistractionNativ: Frame number: 364, processFrame: modelClass = [-99, 0, 0], modelEntropy = [0.0, 0.0, 0.0], modelConfidence = [0.0, 0.0, 0.0]
01-13 00:41:05.624  4704  4817 D SnpeWhyDistractionNativ: Frame number: 365, processFrame: modelClass = [-99, 0, 0], modelEntropy = [0.0, 0.0, 0.0], modelConfidence = [0.0, 0.0, 0.0]
01-13 00:41:05.767  4704  4817 D SnpeWhyDistractionNativ: Frame number: 366, processFrame: modelClass = [0, 0, 0], modelEntropy = [0.41239625, 0.0, 0.0], modelConfidence = [0.8579821, 0.0, 0.0]
01-13 00:41:05.851  4704  4817 D SnpeWhyDistractionNativ: Frame number: 367, processFrame: modelClass = [-99, 0, 0], modelEntropy = [0.0, 0.0, 0.0], modelConfidence = [0.0, 0.0, 0.0]
01-13 00:41:05.925  4704  4817 D SnpeWhyDistractionNativ: Frame number: 368, processFrame: modelClass = [-99, 0, 0], modelEntropy = [0.0, 0.0, 0.0], modelConfidence = [0.0, 0.0, 0.0]
01-13 00:41:06.048  4704  4817 D SnpeWhyDistractionNativ: Frame number: 369, processFrame: modelClass = [0, 0, 0], modelEntropy = [0.40308285, 0.0, 0.0], modelConfidence = [0.86179996, 0.0, 0.0]
01-13 00:41:06.134  4704  4817 D SnpeWhyDistractionNativ: Frame number: 370, processFrame: modelClass = [-99, 0, 0], modelEntropy = [0.0, 0.0, 0.0], modelConfidence = [0.0, 0.0, 0.0]
01-13 00:41:06.221  4704  4817 D SnpeWhyDistractionNativ: Frame number: 371, processFrame: modelClass = [-99, 0, 0], modelEntropy = [0.0, 0.0, 0.0], modelConfidence = [0.0, 0.0, 0.0]
01-13 00:41:06.365  4704  4817 D SnpeWhyDistractionNativ: Frame number: 372, processFrame: modelClass = [0, 0, 0], modelEntropy = [0.2974391, 0.0, 0.0], modelConfidence = [0.9124996, 0.0, 0.0]
01-13 00:41:06.429  4704  4817 D SnpeWhyDistractionNativ: Frame number: 373, processFrame: modelClass = [-99, 0, 0], modelEntropy = [0.0, 0.0, 0.0], modelConfidence = [0.0, 0.0, 0.0]
01-13 00:41:06.512  4704  4817 D SnpeWhyDistractionNativ: Frame number: 374, processFrame: modelClass = [-99, 0, 0], modelEntropy = [0.0, 0.0, 0.0], modelConfidence = [0.0, 0.0, 0.0]
01-13 00:41:06.666  4704  4817 D SnpeWhyDistractionNativ: Frame number: 375, processFrame: modelClass = [0, 0, 0], modelEntropy = [0.22456335, 0.0, 0.0], modelConfidence = [0.9414901, 0.0, 0.0]
01-13 00:41:06.735  4704  4817 D SnpeWhyDistractionNativ: Frame number: 376, processFrame: modelClass = [-99, 0, 0], modelEntropy = [0.0, 0.0, 0.0], modelConfidence = [0.0, 0.0, 0.0]
01-13 00:41:06.813  4704  4817 D SnpeWhyDistractionNativ: Frame number: 377, processFrame: modelClass = [-99, 0, 0], modelEntropy = [0.0, 0.0, 0.0], modelConfidence = [0.0, 0.0, 0.0]
01-13 00:41:06.939  4704  4817 D SnpeWhyDistractionNativ: Frame number: 378, processFrame: modelClass = [0, 0, 0], modelEntropy = [0.5586997, 0.0, 0.0], modelConfidence = [0.76727575, 0.0, 0.0]
01-13 00:41:07.039  4704  4817 D SnpeWhyDistractionNativ: Frame number: 379, processFrame: modelClass = [-99, 0, 0], modelEntropy = [0.0, 0.0, 0.0], modelConfidence = [0.0, 0.0, 0.0]
01-13 00:41:07.120  4704  4817 D SnpeWhyDistractionNativ: Frame number: 380, processFrame: modelClass = [-99, 0, 0], modelEntropy = [0.0, 0.0, 0.0], modelConfidence = [0.0, 0.0, 0.0]
01-13 00:41:07.266  4704  4817 D SnpeWhyDistractionNativ: Frame number: 381, processFrame: modelClass = [0, 0, 0], modelEntropy = [0.23872216, 0.0, 0.0], modelConfidence = [0.936677, 0.0, 0.0]
01-13 00:41:07.329  4704  4817 D SnpeWhyDistractionNativ: Frame number: 382, processFrame: modelClass = [-99, 0, 0], modelEntropy = [0.0, 0.0, 0.0], modelConfidence = [0.0, 0.0, 0.0]
01-13 00:41:07.414  4704  4817 D SnpeWhyDistractionNativ: Frame number: 383, processFrame: modelClass = [-99, 0, 0], modelEntropy = [0.0, 0.0, 0.0], modelConfidence = [0.0, 0.0, 0.0]
01-13 00:41:07.562  4704  4817 D SnpeWhyDistractionNativ: Frame number: 384, processFrame: modelClass = [0, 0, 0], modelEntropy = [0.2269615, 0.0, 0.0], modelConfidence = [0.94127667, 0.0, 0.0]
01-13 00:41:07.638  4704  4817 D SnpeWhyDistractionNativ: Frame number: 385, processFrame: modelClass = [-99, 0, 0], modelEntropy = [0.0, 0.0, 0.0], modelConfidence = [0.0, 0.0, 0.0]
01-13 00:41:07.719  4704  4817 D SnpeWhyDistractionNativ: Frame number: 386, processFrame: modelClass = [-99, 0, 0], modelEntropy = [0.0, 0.0, 0.0], modelConfidence = [0.0, 0.0, 0.0]
01-13 00:41:07.844  4704  4817 D SnpeWhyDistractionNativ: Frame number: 387, processFrame: modelClass = [0, 0, 0], modelEntropy = [0.13256603, 0.0, 0.0], modelConfidence = [0.97085595, 0.0, 0.0]
01-13 00:41:07.947  4704  4817 D SnpeWhyDistractionNativ: Frame number: 388, processFrame: modelClass = [-99, 0, 0], modelEntropy = [0.0, 0.0, 0.0], modelConfidence = [0.0, 0.0, 0.0]
01-13 00:41:08.026  4704  4817 D SnpeWhyDistractionNativ: Frame number: 389, processFrame: modelClass = [-99, 0, 0], modelEntropy = [0.0, 0.0, 0.0], modelConfidence = [0.0, 0.0, 0.0]
01-13 00:41:08.144  4704  4817 D SnpeWhyDistractionNativ: Frame number: 390, processFrame: modelClass = [0, 0, 0], modelEntropy = [0.5604195, 0.0, 0.0], modelConfidence = [0.75833523, 0.0, 0.0]
01-13 00:41:08.244  4704  4817 D SnpeWhyDistractionNativ: Frame number: 391, processFrame: modelClass = [-99, 0, 0], modelEntropy = [0.0, 0.0, 0.0], modelConfidence = [0.0, 0.0, 0.0]
01-13 00:41:08.317  4704  4817 D SnpeWhyDistractionNativ: Frame number: 392, processFrame: modelClass = [-99, 0, 0], modelEntropy = [0.0, 0.0, 0.0], modelConfidence = [0.0, 0.0, 0.0]
01-13 00:41:08.467  4704  4817 D SnpeWhyDistractionNativ: Frame number: 393, processFrame: modelClass = [0, 0, 0], modelEntropy = [0.3043136, 0.0, 0.0], modelConfidence = [0.90936506, 0.0, 0.0]
01-13 00:41:08.519  4704  4817 D SnpeWhyDistractionNativ: Frame number: 394, processFrame: modelClass = [-99, 0, 0], modelEntropy = [0.0, 0.0, 0.0], modelConfidence = [0.0, 0.0, 0.0]
01-13 00:41:08.621  4704  4817 D SnpeWhyDistractionNativ: Frame number: 395, processFrame: modelClass = [-99, 0, 0], modelEntropy = [0.0, 0.0, 0.0], modelConfidence = [0.0, 0.0, 0.0]
01-13 00:41:08.737  4704  4817 D SnpeWhyDistractionNativ: Frame number: 396, processFrame: modelClass = [0, 0, 0], modelEntropy = [0.10559339, 0.0, 0.0], modelConfidence = [0.9781937, 0.0, 0.0]
01-13 00:41:08.838  4704  4817 D SnpeWhyDistractionNativ: Frame number: 397, processFrame: modelClass = [-99, 0, 0], modelEntropy = [0.0, 0.0, 0.0], modelConfidence = [0.0, 0.0, 0.0]
01-13 00:41:08.923  4704  4817 D SnpeWhyDistractionNativ: Frame number: 398, processFrame: modelClass = [-99, 0, 0], modelEntropy = [0.0, 0.0, 0.0], modelConfidence = [0.0, 0.0, 0.0]
01-13 00:41:09.079  4704  4817 D SnpeWhyDistractionNativ: Frame number: 399, processFrame: modelClass = [0, 0, 0], modelEntropy = [0.27553597, 0.0, 0.0], modelConfidence = [0.9228878, 0.0, 0.0]
01-13 00:41:09.137  4704  4817 D SnpeWhyDistractionNativ: Frame number: 400, processFrame: modelClass = [-99, 0, 0], modelEntropy = [0.0, 0.0, 0.0], modelConfidence = [0.0, 0.0, 0.0]
01-13 00:41:09.232  4704  4817 D SnpeWhyDistractionNativ: Frame number: 401, processFrame: modelClass = [-99, 0, 0], modelEntropy = [0.0, 0.0, 0.0], modelConfidence = [0.0, 0.0, 0.0]
01-13 00:41:09.337  4704  4817 D SnpeWhyDistractionNativ: Frame number: 402, processFrame: modelClass = [0, 0, 0], modelEntropy = [0.39233682, 0.0, 0.0], modelConfidence = [0.86883986, 0.0, 0.0]
01-13 00:41:09.452  4704  4817 D SnpeWhyDistractionNativ: Frame number: 403, processFrame: modelClass = [-99, 0, 0], modelEntropy = [0.0, 0.0, 0.0], modelConfidence = [0.0, 0.0, 0.0]
01-13 00:41:09.530  4704  4817 D SnpeWhyDistractionNativ: Frame number: 404, processFrame: modelClass = [-99, 0, 0], modelEntropy = [0.0, 0.0, 0.0], modelConfidence = [0.0, 0.0, 0.0]
01-13 00:41:09.640  4704  4817 D SnpeWhyDistractionNativ: Frame number: 405, processFrame: modelClass = [0, 0, 0], modelEntropy = [0.5338247, 0.0, 0.0], modelConfidence = [0.77784437, 0.0, 0.0]
01-13 00:41:09.737  4704  4817 D SnpeWhyDistractionNativ: Frame number: 406, processFrame: modelClass = [-99, 0, 0], modelEntropy = [0.0, 0.0, 0.0], modelConfidence = [0.0, 0.0, 0.0]
01-13 00:41:09.826  4704  4817 D SnpeWhyDistractionNativ: Frame number: 407, processFrame: modelClass = [-99, 0, 0], modelEntropy = [0.0, 0.0, 0.0], modelConfidence = [0.0, 0.0, 0.0]
01-13 00:41:09.958  4704  4817 D SnpeWhyDistractionNativ: Frame number: 408, processFrame: modelClass = [0, 0, 0], modelEntropy = [0.69297004, 0.0, 0.0], modelConfidence = [0.5608632, 0.0, 0.0]
01-13 00:41:10.046  4704  4817 D SnpeWhyDistractionNativ: Frame number: 409, processFrame: modelClass = [-99, 0, 0], modelEntropy = [0.0, 0.0, 0.0], modelConfidence = [0.0, 0.0, 0.0]
01-13 00:41:10.127  4704  4817 D SnpeWhyDistractionNativ: Frame number: 410, processFrame: modelClass = [-99, 0, 0], modelEntropy = [0.0, 0.0, 0.0], modelConfidence = [0.0, 0.0, 0.0]
01-13 00:41:10.258  4704  4817 D SnpeWhyDistractionNativ: Frame number: 411, processFrame: modelClass = [0, 0, 0], modelEntropy = [0.162396, 0.0, 0.0], modelConfidence = [0.9618881, 0.0, 0.0]
01-13 00:41:10.343  4704  4817 D SnpeWhyDistractionNativ: Frame number: 412, processFrame: modelClass = [-99, 0, 0], modelEntropy = [0.0, 0.0, 0.0], modelConfidence = [0.0, 0.0, 0.0]
01-13 00:41:10.440  4704  4817 D SnpeWhyDistractionNativ: Frame number: 413, processFrame: modelClass = [-99, 0, 0], modelEntropy = [0.0, 0.0, 0.0], modelConfidence = [0.0, 0.0, 0.0]
01-13 00:41:10.556  4704  4817 D SnpeWhyDistractionNativ: Frame number: 414, processFrame: modelClass = [0, 0, 0], modelEntropy = [0.13196784, 0.0, 0.0], modelConfidence = [0.97187895, 0.0, 0.0]
01-13 00:41:10.636  4704  4817 D SnpeWhyDistractionNativ: Frame number: 415, processFrame: modelClass = [-99, 0, 0], modelEntropy = [0.0, 0.0, 0.0], modelConfidence = [0.0, 0.0, 0.0]
01-13 00:41:10.741  4704  4817 D SnpeWhyDistractionNativ: Frame number: 416, processFrame: modelClass = [-99, 0, 0], modelEntropy = [0.0, 0.0, 0.0], modelConfidence = [0.0, 0.0, 0.0]
01-13 00:41:10.871  4704  4817 D SnpeWhyDistractionNativ: Frame number: 417, processFrame: modelClass = [0, 0, 0], modelEntropy = [0.35208946, 0.0, 0.0], modelConfidence = [0.8891258, 0.0, 0.0]
01-13 00:41:10.943  4704  4817 D SnpeWhyDistractionNativ: Frame number: 418, processFrame: modelClass = [-99, 0, 0], modelEntropy = [0.0, 0.0, 0.0], modelConfidence = [0.0, 0.0, 0.0]
01-13 00:41:11.029  4704  4817 D SnpeWhyDistractionNativ: Frame number: 419, processFrame: modelClass = [-99, 0, 0], modelEntropy = [0.0, 0.0, 0.0], modelConfidence = [0.0, 0.0, 0.0]
01-13 00:41:11.159  4704  4817 D SnpeWhyDistractionNativ: Frame number: 420, processFrame: modelClass = [0, 0, 0], modelEntropy = [0.55654407, 0.0, 0.0], modelConfidence = [0.78447545, 0.0, 0.0]
01-13 00:41:11.249  4704  4817 D SnpeWhyDistractionNativ: Frame number: 421, processFrame: modelClass = [-99, 0, 0], modelEntropy = [0.0, 0.0, 0.0], modelConfidence = [0.0, 0.0, 0.0]
01-13 00:41:11.341  4704  4817 D SnpeWhyDistractionNativ: Frame number: 422, processFrame: modelClass = [-99, 0, 0], modelEntropy = [0.0, 0.0, 0.0], modelConfidence = [0.0, 0.0, 0.0]
01-13 00:41:11.458  4704  4817 D SnpeWhyDistractionNativ: Frame number: 423, processFrame: modelClass = [0, 0, 0], modelEntropy = [0.5577865, 0.0, 0.0], modelConfidence = [0.7716234, 0.0, 0.0]
01-13 00:41:11.537  4704  4817 D SnpeWhyDistractionNativ: Frame number: 424, processFrame: modelClass = [-99, 0, 0], modelEntropy = [0.0, 0.0, 0.0], modelConfidence = [0.0, 0.0, 0.0]
01-13 00:41:11.638  4704  4817 D SnpeWhyDistractionNativ: Frame number: 425, processFrame: modelClass = [-99, 0, 0], modelEntropy = [0.0, 0.0, 0.0], modelConfidence = [0.0, 0.0, 0.0]
01-13 00:41:11.771  4704  4817 D SnpeWhyDistractionNativ: Frame number: 426, processFrame: modelClass = [0, 0, 0], modelEntropy = [0.17676455, 0.0, 0.0], modelConfidence = [0.95814264, 0.0, 0.0]
01-13 00:41:11.853  4704  4817 D SnpeWhyDistractionNativ: Frame number: 427, processFrame: modelClass = [-99, 0, 0], modelEntropy = [0.0, 0.0, 0.0], modelConfidence = [0.0, 0.0, 0.0]
01-13 00:41:11.932  4704  4817 D SnpeWhyDistractionNativ: Frame number: 428, processFrame: modelClass = [-99, 0, 0], modelEntropy = [0.0, 0.0, 0.0], modelConfidence = [0.0, 0.0, 0.0]
01-13 00:41:12.080  4704  4817 D SnpeWhyDistractionNativ: Frame number: 429, processFrame: modelClass = [0, 0, 0], modelEntropy = [0.13564344, 0.0, 0.0], modelConfidence = [0.97015965, 0.0, 0.0]
01-13 00:41:12.145  4704  4817 D SnpeWhyDistractionNativ: Frame number: 430, processFrame: modelClass = [-99, 0, 0], modelEntropy = [0.0, 0.0, 0.0], modelConfidence = [0.0, 0.0, 0.0]
01-13 00:41:12.239  4704  4817 D SnpeWhyDistractionNativ: Frame number: 431, processFrame: modelClass = [-99, 0, 0], modelEntropy = [0.0, 0.0, 0.0], modelConfidence = [0.0, 0.0, 0.0]
01-13 00:41:12.370  4704  4817 D SnpeWhyDistractionNativ: Frame number: 432, processFrame: modelClass = [0, 0, 0], modelEntropy = [0.5066, 0.0, 0.0], modelConfidence = [0.79641265, 0.0, 0.0]
01-13 00:41:12.449  4704  4817 D SnpeWhyDistractionNativ: Frame number: 433, processFrame: modelClass = [-99, 0, 0], modelEntropy = [0.0, 0.0, 0.0], modelConfidence = [0.0, 0.0, 0.0]
01-13 00:41:12.537  4704  4817 D SnpeWhyDistractionNativ: Frame number: 434, processFrame: modelClass = [-99, 0, 0], modelEntropy = [0.0, 0.0, 0.0], modelConfidence = [0.0, 0.0, 0.0]
01-13 00:41:12.674  4704  4817 D SnpeWhyDistractionNativ: Frame number: 435, processFrame: modelClass = [0, 0, 0], modelEntropy = [0.046944026, 0.0, 0.0], modelConfidence = [0.9927692, 0.0, 0.0]
01-13 00:41:12.750  4704  4817 D SnpeWhyDistractionNativ: Frame number: 436, processFrame: modelClass = [-99, 0, 0], modelEntropy = [0.0, 0.0, 0.0], modelConfidence = [0.0, 0.0, 0.0]
01-13 00:41:12.834  4704  4817 D SnpeWhyDistractionNativ: Frame number: 437, processFrame: modelClass = [-99, 0, 0], modelEntropy = [0.0, 0.0, 0.0], modelConfidence = [0.0, 0.0, 0.0]
01-13 00:41:12.950  4704  4817 D SnpeWhyDistractionNativ: Frame number: 438, processFrame: modelClass = [0, 0, 0], modelEntropy = [0.12575758, 0.0, 0.0], modelConfidence = [0.973236, 0.0, 0.0]
01-13 00:41:13.036  4704  4817 D SnpeWhyDistractionNativ: Frame number: 439, processFrame: modelClass = [-99, 0, 0], modelEntropy = [0.0, 0.0, 0.0], modelConfidence = [0.0, 0.0, 0.0]
01-13 00:41:13.143  4704  4817 D SnpeWhyDistractionNativ: Frame number: 440, processFrame: modelClass = [-99, 0, 0], modelEntropy = [0.0, 0.0, 0.0], modelConfidence = [0.0, 0.0, 0.0]
01-13 00:41:13.286  4704  4817 D SnpeWhyDistractionNativ: Frame number: 441, processFrame: modelClass = [0, 0, 0], modelEntropy = [0.4520999, 0.0, 0.0], modelConfidence = [0.8343675, 0.0, 0.0]
01-13 00:41:13.342  4704  4817 D SnpeWhyDistractionNativ: Frame number: 442, processFrame: modelClass = [-99, 0, 0], modelEntropy = [0.0, 0.0, 0.0], modelConfidence = [0.0, 0.0, 0.0]
01-13 00:41:13.443  4704  4817 D SnpeWhyDistractionNativ: Frame number: 443, processFrame: modelClass = [-99, 0, 0], modelEntropy = [0.0, 0.0, 0.0], modelConfidence = [0.0, 0.0, 0.0]
01-13 00:41:13.557  4704  4817 D SnpeWhyDistractionNativ: Frame number: 444, processFrame: modelClass = [0, 0, 0], modelEntropy = [0.19022796, 0.0, 0.0], modelConfidence = [0.95301676, 0.0, 0.0]
01-13 00:41:13.647  4704  4817 D SnpeWhyDistractionNativ: Frame number: 445, processFrame: modelClass = [-99, 0, 0], modelEntropy = [0.0, 0.0, 0.0], modelConfidence = [0.0, 0.0, 0.0]
01-13 00:41:13.737  4704  4817 D SnpeWhyDistractionNativ: Frame number: 446, processFrame: modelClass = [-99, 0, 0], modelEntropy = [0.0, 0.0, 0.0], modelConfidence = [0.0, 0.0, 0.0]
01-13 00:41:13.861  4704  4817 D SnpeWhyDistractionNativ: Frame number: 447, processFrame: modelClass = [0, 0, 0], modelEntropy = [0.50698614, 0.0, 0.0], modelConfidence = [0.81438565, 0.0, 0.0]
01-13 00:41:13.949  4704  4817 D SnpeWhyDistractionNativ: Frame number: 448, processFrame: modelClass = [-99, 0, 0], modelEntropy = [0.0, 0.0, 0.0], modelConfidence = [0.0, 0.0, 0.0]
01-13 00:41:14.046  4704  4817 D SnpeWhyDistractionNativ: Frame number: 449, processFrame: modelClass = [-99, 0, 0], modelEntropy = [0.0, 0.0, 0.0], modelConfidence = [0.0, 0.0, 0.0]
01-13 00:41:14.156  4704  4817 D SnpeWhyDistractionNativ: Frame number: 450, processFrame: modelClass = [0, 0, 0], modelEntropy = [0.21986812, 0.0, 0.0], modelConfidence = [0.9427005, 0.0, 0.0]
01-13 00:41:14.245  4704  4817 D SnpeWhyDistractionNativ: Frame number: 451, processFrame: modelClass = [-99, 0, 0], modelEntropy = [0.0, 0.0, 0.0], modelConfidence = [0.0, 0.0, 0.0]
01-13 00:41:14.339  4704  4817 D SnpeWhyDistractionNativ: Frame number: 452, processFrame: modelClass = [-99, 0, 0], modelEntropy = [0.0, 0.0, 0.0], modelConfidence = [0.0, 0.0, 0.0]
01-13 00:41:14.480  4704  4817 D SnpeWhyDistractionNativ: Frame number: 453, processFrame: modelClass = [0, 0, 0], modelEntropy = [0.6287395, 0.0, 0.0], modelConfidence = [0.6886468, 0.0, 0.0]
01-13 00:41:14.558  4704  4817 D SnpeWhyDistractionNativ: Frame number: 454, processFrame: modelClass = [-99, 0, 0], modelEntropy = [0.0, 0.0, 0.0], modelConfidence = [0.0, 0.0, 0.0]
01-13 00:41:14.646  4704  4817 D SnpeWhyDistractionNativ: Frame number: 455, processFrame: modelClass = [-99, 0, 0], modelEntropy = [0.0, 0.0, 0.0], modelConfidence = [0.0, 0.0, 0.0]
01-13 00:41:14.772  4704  4817 D SnpeWhyDistractionNativ: Frame number: 456, processFrame: modelClass = [0, 0, 0], modelEntropy = [0.07792533, 0.0, 0.0], modelConfidence = [0.98520154, 0.0, 0.0]
01-13 00:41:14.845  4704  4817 D SnpeWhyDistractionNativ: Frame number: 457, processFrame: modelClass = [-99, 0, 0], modelEntropy = [0.0, 0.0, 0.0], modelConfidence = [0.0, 0.0, 0.0]
01-13 00:41:14.938  4704  4817 D SnpeWhyDistractionNativ: Frame number: 458, processFrame: modelClass = [-99, 0, 0], modelEntropy = [0.0, 0.0, 0.0], modelConfidence = [0.0, 0.0, 0.0]
01-13 00:41:15.086  4704  4817 D SnpeWhyDistractionNativ: Frame number: 459, processFrame: modelClass = [0, 0, 0], modelEntropy = [0.26401004, 0.0, 0.0], modelConfidence = [0.9267563, 0.0, 0.0]
01-13 00:41:15.151  4704  4817 D SnpeWhyDistractionNativ: Frame number: 460, processFrame: modelClass = [-99, 0, 0], modelEntropy = [0.0, 0.0, 0.0], modelConfidence = [0.0, 0.0, 0.0]
01-13 00:41:15.238  4704  4817 D SnpeWhyDistractionNativ: Frame number: 461, processFrame: modelClass = [-99, 0, 0], modelEntropy = [0.0, 0.0, 0.0], modelConfidence = [0.0, 0.0, 0.0]
01-13 00:41:15.352  4704  4817 D SnpeWhyDistractionNativ: Frame number: 462, processFrame: modelClass = [0, 0, 0], modelEntropy = [0.3396148, 0.0, 0.0], modelConfidence = [0.89385176, 0.0, 0.0]
01-13 00:41:15.445  4704  4817 D SnpeWhyDistractionNativ: Frame number: 463, processFrame: modelClass = [-99, 0, 0], modelEntropy = [0.0, 0.0, 0.0], modelConfidence = [0.0, 0.0, 0.0]
01-13 00:41:15.540  4704  4817 D SnpeWhyDistractionNativ: Frame number: 464, processFrame: modelClass = [-99, 0, 0], modelEntropy = [0.0, 0.0, 0.0], modelConfidence = [0.0, 0.0, 0.0]
01-13 00:41:15.684  4704  4817 D SnpeWhyDistractionNativ: Frame number: 465, processFrame: modelClass = [0, 0, 0], modelEntropy = [0.45497745, 0.0, 0.0], modelConfidence = [0.8504528, 0.0, 0.0]
01-13 00:41:15.743  4704  4817 D SnpeWhyDistractionNativ: Frame number: 466, processFrame: modelClass = [-99, 0, 0], modelEntropy = [0.0, 0.0, 0.0], modelConfidence = [0.0, 0.0, 0.0]
01-13 00:41:15.836  4704  4817 D SnpeWhyDistractionNativ: Frame number: 467, processFrame: modelClass = [-99, 0, 0], modelEntropy = [0.0, 0.0, 0.0], modelConfidence = [0.0, 0.0, 0.0]
01-13 00:41:15.967  4704  4817 D SnpeWhyDistractionNativ: Frame number: 468, processFrame: modelClass = [0, 0, 0], modelEntropy = [0.4210881, 0.0, 0.0], modelConfidence = [0.85409653, 0.0, 0.0]
01-13 00:41:16.049  4704  4817 D SnpeWhyDistractionNativ: Frame number: 469, processFrame: modelClass = [-99, 0, 0], modelEntropy = [0.0, 0.0, 0.0], modelConfidence = [0.0, 0.0, 0.0]
01-13 00:41:16.139  4704  4817 D SnpeWhyDistractionNativ: Frame number: 470, processFrame: modelClass = [-99, 0, 0], modelEntropy = [0.0, 0.0, 0.0], modelConfidence = [0.0, 0.0, 0.0]
01-13 00:41:16.279  4704  4817 D SnpeWhyDistractionNativ: Frame number: 471, processFrame: modelClass = [0, 0, 0], modelEntropy = [0.3837125, 0.0, 0.0], modelConfidence = [0.87209594, 0.0, 0.0]
01-13 00:41:16.337  4704  4817 D SnpeWhyDistractionNativ: Frame number: 472, processFrame: modelClass = [-99, 0, 0], modelEntropy = [0.0, 0.0, 0.0], modelConfidence = [0.0, 0.0, 0.0]
01-13 00:41:16.436  4704  4817 D SnpeWhyDistractionNativ: Frame number: 473, processFrame: modelClass = [-99, 0, 0], modelEntropy = [0.0, 0.0, 0.0], modelConfidence = [0.0, 0.0, 0.0]
01-13 00:41:16.551  4704  4817 D SnpeWhyDistractionNativ: Frame number: 474, processFrame: modelClass = [0, 0, 0], modelEntropy = [0.24121232, 0.0, 0.0], modelConfidence = [0.9349071, 0.0, 0.0]
01-13 00:41:16.637  4704  4817 D SnpeWhyDistractionNativ: Frame number: 475, processFrame: modelClass = [-99, 0, 0], modelEntropy = [0.0, 0.0, 0.0], modelConfidence = [0.0, 0.0, 0.0]
01-13 00:41:16.732  4704  4817 D SnpeWhyDistractionNativ: Frame number: 476, processFrame: modelClass = [-99, 0, 0], modelEntropy = [0.0, 0.0, 0.0], modelConfidence = [0.0, 0.0, 0.0]
01-13 00:41:16.885  4704  4817 D SnpeWhyDistractionNativ: Frame number: 477, processFrame: modelClass = [0, 0, 0], modelEntropy = [0.13746664, 0.0, 0.0], modelConfidence = [0.9693512, 0.0, 0.0]
01-13 00:41:16.950  4704  4817 D SnpeWhyDistractionNativ: Frame number: 478, processFrame: modelClass = [-99, 0, 0], modelEntropy = [0.0, 0.0, 0.0], modelConfidence = [0.0, 0.0, 0.0]
01-13 00:41:17.039  4704  4817 D SnpeWhyDistractionNativ: Frame number: 479, processFrame: modelClass = [-99, 0, 0], modelEntropy = [0.0, 0.0, 0.0], modelConfidence = [0.0, 0.0, 0.0]
01-13 00:41:17.174  4704  4817 D SnpeWhyDistractionNativ: Frame number: 480, processFrame: modelClass = [0, 0, 0], modelEntropy = [0.23908742, 0.0, 0.0], modelConfidence = [0.93802065, 0.0, 0.0]
01-13 00:41:17.254  4704  4817 D SnpeWhyDistractionNativ: Frame number: 481, processFrame: modelClass = [-99, 0, 0], modelEntropy = [0.0, 0.0, 0.0], modelConfidence = [0.0, 0.0, 0.0]
01-13 00:41:17.341  4704  4817 D SnpeWhyDistractionNativ: Frame number: 482, processFrame: modelClass = [-99, 0, 0], modelEntropy = [0.0, 0.0, 0.0], modelConfidence = [0.0, 0.0, 0.0]
01-13 00:41:17.475  4704  4817 D SnpeWhyDistractionNativ: Frame number: 483, processFrame: modelClass = [0, 0, 0], modelEntropy = [0.48631793, 0.0, 0.0], modelConfidence = [0.8384173, 0.0, 0.0]
01-13 00:41:17.546  4704  4817 D SnpeWhyDistractionNativ: Frame number: 484, processFrame: modelClass = [-99, 0, 0], modelEntropy = [0.0, 0.0, 0.0], modelConfidence = [0.0, 0.0, 0.0]
01-13 00:41:17.641  4704  4817 D SnpeWhyDistractionNativ: Frame number: 485, processFrame: modelClass = [-99, 0, 0], modelEntropy = [0.0, 0.0, 0.0], modelConfidence = [0.0, 0.0, 0.0]
01-13 00:41:17.753  4704  4817 D SnpeWhyDistractionNativ: Frame number: 486, processFrame: modelClass = [0, 0, 0], modelEntropy = [0.24209443, 0.0, 0.0], modelConfidence = [0.9351484, 0.0, 0.0]
01-13 00:41:17.848  4704  4817 D SnpeWhyDistractionNativ: Frame number: 487, processFrame: modelClass = [-99, 0, 0], modelEntropy = [0.0, 0.0, 0.0], modelConfidence = [0.0, 0.0, 0.0]
01-13 00:41:17.939  4704  4817 D SnpeWhyDistractionNativ: Frame number: 488, processFrame: modelClass = [-99, 0, 0], modelEntropy = [0.0, 0.0, 0.0], modelConfidence = [0.0, 0.0, 0.0]
01-13 00:41:18.086  4704  4817 D SnpeWhyDistractionNativ: Frame number: 489, processFrame: modelClass = [0, 0, 0], modelEntropy = [0.3919275, 0.0, 0.0], modelConfidence = [0.86773604, 0.0, 0.0]
01-13 00:41:18.142  4704  4817 D SnpeWhyDistractionNativ: Frame number: 490, processFrame: modelClass = [-99, 0, 0], modelEntropy = [0.0, 0.0, 0.0], modelConfidence = [0.0, 0.0, 0.0]
01-13 00:41:18.246  4704  4817 D SnpeWhyDistractionNativ: Frame number: 491, processFrame: modelClass = [-99, 0, 0], modelEntropy = [0.0, 0.0, 0.0], modelConfidence = [0.0, 0.0, 0.0]
01-13 00:41:18.357  4704  4817 D SnpeWhyDistractionNativ: Frame number: 492, processFrame: modelClass = [2, 0, 0], modelEntropy = [0.9519685, 0.0, 0.0], modelConfidence = [0.5734445, 0.0, 0.0]
01-13 00:41:18.449  4704  4817 D SnpeWhyDistractionNativ: Frame number: 493, processFrame: modelClass = [-99, 0, 0], modelEntropy = [0.0, 0.0, 0.0], modelConfidence = [0.0, 0.0, 0.0]
01-13 00:41:18.555  4704  4817 D SnpeWhyDistractionNativ: Frame number: 494, processFrame: modelClass = [-99, 0, 0], modelEntropy = [0.0, 0.0, 0.0], modelConfidence = [0.0, 0.0, 0.0]
01-13 00:41:18.687  4704  4817 D SnpeWhyDistractionNativ: Frame number: 495, processFrame: modelClass = [3, 0, 0], modelEntropy = [0.72258276, 0.0, 0.0], modelConfidence = [0.6426687, 0.0, 0.0]
01-13 00:41:18.744  4704  4817 D SnpeWhyDistractionNativ: Frame number: 496, processFrame: modelClass = [-1, 0, 0], modelEntropy = [0.0, 0.0, 0.0], modelConfidence = [0.0, 0.0, 0.0]
01-13 00:41:18.840  4704  4817 D SnpeWhyDistractionNativ: Frame number: 497, processFrame: modelClass = [-1, 0, 0], modelEntropy = [0.0, 0.0, 0.0], modelConfidence = [0.0, 0.0, 0.0]
01-13 00:41:18.935  4704  4817 D SnpeWhyDistractionNativ: Frame number: 498, processFrame: modelClass = [-1, 0, 0], modelEntropy = [0.0, 0.0, 0.0], modelConfidence = [0.0, 0.0, 0.0]
01-13 00:41:19.052  4704  4817 D SnpeWhyDistractionNativ: Frame number: 499, processFrame: modelClass = [-1, 0, 0], modelEntropy = [0.0, 0.0, 0.0], modelConfidence = [0.0, 0.0, 0.0]
01-13 00:41:19.134  4704  4817 D SnpeWhyDistractionNativ: Frame number: 500, processFrame: modelClass = [-1, 0, 0], modelEntropy = [0.0, 0.0, 0.0], modelConfidence = [0.0, 0.0, 0.0]
01-13 00:41:19.243  4704  4817 D SnpeWhyDistractionNativ: Frame number: 501, processFrame: modelClass = [-1, 0, 0], modelEntropy = [0.0, 0.0, 0.0], modelConfidence = [0.0, 0.0, 0.0]
01-13 00:41:19.340  4704  4817 D SnpeWhyDistractionNativ: Frame number: 502, processFrame: modelClass = [-1, 0, 0], modelEntropy = [0.0, 0.0, 0.0], modelConfidence = [0.0, 0.0, 0.0]
01-13 00:41:19.457  4704  4817 D SnpeWhyDistractionNativ: Frame number: 503, processFrame: modelClass = [-1, 0, 0], modelEntropy = [0.0, 0.0, 0.0], modelConfidence = [0.0, 0.0, 0.0]
01-13 00:41:19.539  4704  4817 D SnpeWhyDistractionNativ: Frame number: 504, processFrame: modelClass = [-1, 0, 0], modelEntropy = [0.0, 0.0, 0.0], modelConfidence = [0.0, 0.0, 0.0]
01-13 00:41:19.643  4704  4817 D SnpeWhyDistractionNativ: Frame number: 505, processFrame: modelClass = [-1, 0, 0], modelEntropy = [0.0, 0.0, 0.0], modelConfidence = [0.0, 0.0, 0.0]
01-13 00:41:19.738  4704  4817 D SnpeWhyDistractionNativ: Frame number: 506, processFrame: modelClass = [-1, 0, 0], modelEntropy = [0.0, 0.0, 0.0], modelConfidence = [0.0, 0.0, 0.0]
01-13 00:41:19.853  4704  4817 D SnpeWhyDistractionNativ: Frame number: 507, processFrame: modelClass = [-1, 0, 0], modelEntropy = [0.0, 0.0, 0.0], modelConfidence = [0.0, 0.0, 0.0]
01-13 00:41:19.934  4704  4817 D SnpeWhyDistractionNativ: Frame number: 508, processFrame: modelClass = [-1, 0, 0], modelEntropy = [0.0, 0.0, 0.0], modelConfidence = [0.0, 0.0, 0.0]
01-13 00:41:20.041  4704  4817 D SnpeWhyDistractionNativ: Frame number: 509, processFrame: modelClass = [-1, 0, 0], modelEntropy = [0.0, 0.0, 0.0], modelConfidence = [0.0, 0.0, 0.0]
01-13 00:41:20.137  4704  4817 D SnpeWhyDistractionNativ: Frame number: 510, processFrame: modelClass = [-1, 0, 0], modelEntropy = [0.0, 0.0, 0.0], modelConfidence = [0.0, 0.0, 0.0]
01-13 00:41:20.261  4704  4817 D SnpeWhyDistractionNativ: Frame number: 511, processFrame: modelClass = [-1, 0, 0], modelEntropy = [0.0, 0.0, 0.0], modelConfidence = [0.0, 0.0, 0.0]
01-13 00:41:20.337  4704  4817 D SnpeWhyDistractionNativ: Frame number: 512, processFrame: modelClass = [-1, 0, 0], modelEntropy = [0.0, 0.0, 0.0], modelConfidence = [0.0, 0.0, 0.0]
01-13 00:41:20.442  4704  4817 D SnpeWhyDistractionNativ: Frame number: 513, processFrame: modelClass = [-1, 0, 0], modelEntropy = [0.0, 0.0, 0.0], modelConfidence = [0.0, 0.0, 0.0]
01-13 00:41:20.542  4704  4817 D SnpeWhyDistractionNativ: Frame number: 514, processFrame: modelClass = [-99, 0, 0], modelEntropy = [0.0, 0.0, 0.0], modelConfidence = [0.0, 0.0, 0.0]
01-13 00:41:20.662  4704  4817 D SnpeWhyDistractionNativ: Frame number: 515, processFrame: modelClass = [-99, 0, 0], modelEntropy = [0.0, 0.0, 0.0], modelConfidence = [0.0, 0.0, 0.0]
01-13 00:41:20.765  4704  4817 D SnpeWhyDistractionNativ: Frame number: 516, processFrame: modelClass = [3, 0, 0], modelEntropy = [1.3810327, 0.0, 0.0], modelConfidence = [0.41564816, 0.0, 0.0]
01-13 00:41:20.847  4704  4817 D SnpeWhyDistractionNativ: Frame number: 517, processFrame: modelClass = [-99, 0, 0], modelEntropy = [0.0, 0.0, 0.0], modelConfidence = [0.0, 0.0, 0.0]
01-13 00:41:20.937  4704  4817 D SnpeWhyDistractionNativ: Frame number: 518, processFrame: modelClass = [-1, 0, 0], modelEntropy = [0.0, 0.0, 0.0], modelConfidence = [0.0, 0.0, 0.0]
01-13 00:41:21.049  4704  4817 D SnpeWhyDistractionNativ: Frame number: 519, processFrame: modelClass = [-1, 0, 0], modelEntropy = [0.0, 0.0, 0.0], modelConfidence = [0.0, 0.0, 0.0]
01-13 00:41:21.141  4704  4817 D SnpeWhyDistractionNativ: Frame number: 520, processFrame: modelClass = [-99, 0, 0], modelEntropy = [0.0, 0.0, 0.0], modelConfidence = [0.0, 0.0, 0.0]
01-13 00:41:21.269  4704  4817 D SnpeWhyDistractionNativ: Frame number: 521, processFrame: modelClass = [-99, 0, 0], modelEntropy = [0.0, 0.0, 0.0], modelConfidence = [0.0, 0.0, 0.0]
01-13 00:41:21.366  4704  4817 D SnpeWhyDistractionNativ: Frame number: 522, processFrame: modelClass = [2, 0, 0], modelEntropy = [0.5284201, 0.0, 0.0], modelConfidence = [0.82824963, 0.0, 0.0]
01-13 00:41:21.449  4704  4817 D SnpeWhyDistractionNativ: Frame number: 523, processFrame: modelClass = [-99, 0, 0], modelEntropy = [0.0, 0.0, 0.0], modelConfidence = [0.0, 0.0, 0.0]
01-13 00:41:21.543  4704  4817 D SnpeWhyDistractionNativ: Frame number: 524, processFrame: modelClass = [-1, 0, 0], modelEntropy = [0.0, 0.0, 0.0], modelConfidence = [0.0, 0.0, 0.0]
01-13 00:41:21.657  4704  4817 D SnpeWhyDistractionNativ: Frame number: 525, processFrame: modelClass = [-1, 0, 0], modelEntropy = [0.0, 0.0, 0.0], modelConfidence = [0.0, 0.0, 0.0]
01-13 00:41:21.749  4704  4817 D SnpeWhyDistractionNativ: Frame number: 526, processFrame: modelClass = [-1, 0, 0], modelEntropy = [0.0, 0.0, 0.0], modelConfidence = [0.0, 0.0, 0.0]
01-13 00:41:21.846  4704  4817 D SnpeWhyDistractionNativ: Frame number: 527, processFrame: modelClass = [-1, 0, 0], modelEntropy = [0.0, 0.0, 0.0], modelConfidence = [0.0, 0.0, 0.0]
01-13 00:41:21.940  4704  4817 D SnpeWhyDistractionNativ: Frame number: 528, processFrame: modelClass = [-1, 0, 0], modelEntropy = [0.0, 0.0, 0.0], modelConfidence = [0.0, 0.0, 0.0]
01-13 00:41:22.064  4704  4817 D SnpeWhyDistractionNativ: Frame number: 529, processFrame: modelClass = [-1, 0, 0], modelEntropy = [0.0, 0.0, 0.0], modelConfidence = [0.0, 0.0, 0.0]
01-13 00:41:22.154  4704  4817 D SnpeWhyDistractionNativ: Frame number: 530, processFrame: modelClass = [-1, 0, 0], modelEntropy = [0.0, 0.0, 0.0], modelConfidence = [0.0, 0.0, 0.0]
01-13 00:41:22.253  4704  4817 D SnpeWhyDistractionNativ: Frame number: 531, processFrame: modelClass = [-1, 0, 0], modelEntropy = [0.0, 0.0, 0.0], modelConfidence = [0.0, 0.0, 0.0]
01-13 00:41:22.352  4704  4817 D SnpeWhyDistractionNativ: Frame number: 532, processFrame: modelClass = [-1, 0, 0], modelEntropy = [0.0, 0.0, 0.0], modelConfidence = [0.0, 0.0, 0.0]
01-13 00:41:22.451  4704  4817 D SnpeWhyDistractionNativ: Frame number: 533, processFrame: modelClass = [-1, 0, 0], modelEntropy = [0.0, 0.0, 0.0], modelConfidence = [0.0, 0.0, 0.0]
01-13 00:41:22.549  4704  4817 D SnpeWhyDistractionNativ: Frame number: 534, processFrame: modelClass = [-1, 0, 0], modelEntropy = [0.0, 0.0, 0.0], modelConfidence = [0.0, 0.0, 0.0]
01-13 00:41:22.915  4704  4817 D SnpeWhyDistractionNativ: Frame number: 535, processFrame: modelClass = [-1, 0, 0], modelEntropy = [0.0, 0.0, 0.0], modelConfidence = [0.0, 0.0, 0.0]
01-13 00:41:22.918  4704  4817 D SnpeWhyDistractionNativ: Frame number: 536, processFrame: modelClass = [-1, 0, 0], modelEntropy = [0.0, 0.0, 0.0], modelConfidence = [0.0, 0.0, 0.0]
01-13 00:41:22.921  4704  4817 D SnpeWhyDistractionNativ: Frame number: 537, processFrame: modelClass = [-1, 0, 0], modelEntropy = [0.0, 0.0, 0.0], modelConfidence = [0.0, 0.0, 0.0]
01-13 00:41:22.970  4704  4817 D SnpeWhyDistractionNativ: Frame number: 538, processFrame: modelClass = [-1, 0, 0], modelEntropy = [0.0, 0.0, 0.0], modelConfidence = [0.0, 0.0, 0.0]
01-13 00:41:23.063  4704  4817 D SnpeWhyDistractionNativ: Frame number: 539, processFrame: modelClass = [-1, 0, 0], modelEntropy = [0.0, 0.0, 0.0], modelConfidence = [0.0, 0.0, 0.0]
01-13 00:41:23.148  4704  4817 D SnpeWhyDistractionNativ: Frame number: 540, processFrame: modelClass = [-1, 0, 0], modelEntropy = [0.0, 0.0, 0.0], modelConfidence = [0.0, 0.0, 0.0]
01-13 00:41:23.254  4704  4817 D SnpeWhyDistractionNativ: Frame number: 541, processFrame: modelClass = [-1, 0, 0], modelEntropy = [0.0, 0.0, 0.0], modelConfidence = [0.0, 0.0, 0.0]
01-13 00:41:23.347  4704  4817 D SnpeWhyDistractionNativ: Frame number: 542, processFrame: modelClass = [-1, 0, 0], modelEntropy = [0.0, 0.0, 0.0], modelConfidence = [0.0, 0.0, 0.0]
01-13 00:41:23.464  4704  4817 D SnpeWhyDistractionNativ: Frame number: 543, processFrame: modelClass = [-1, 0, 0], modelEntropy = [0.0, 0.0, 0.0], modelConfidence = [0.0, 0.0, 0.0]
01-13 00:41:23.551  4704  4817 D SnpeWhyDistractionNativ: Frame number: 544, processFrame: modelClass = [-1, 0, 0], modelEntropy = [0.0, 0.0, 0.0], modelConfidence = [0.0, 0.0, 0.0]
01-13 00:41:23.650  4704  4817 D SnpeWhyDistractionNativ: Frame number: 545, processFrame: modelClass = [-1, 0, 0], modelEntropy = [0.0, 0.0, 0.0], modelConfidence = [0.0, 0.0, 0.0]
01-13 00:41:23.747  4704  4817 D SnpeWhyDistractionNativ: Frame number: 546, processFrame: modelClass = [-1, 0, 0], modelEntropy = [0.0, 0.0, 0.0], modelConfidence = [0.0, 0.0, 0.0]
01-13 00:41:23.852  4704  4817 D SnpeWhyDistractionNativ: Frame number: 547, processFrame: modelClass = [-1, 0, 0], modelEntropy = [0.0, 0.0, 0.0], modelConfidence = [0.0, 0.0, 0.0]
01-13 00:41:23.954  4704  4817 D SnpeWhyDistractionNativ: Frame number: 548, processFrame: modelClass = [-1, 0, 0], modelEntropy = [0.0, 0.0, 0.0], modelConfidence = [0.0, 0.0, 0.0]
01-13 00:41:24.061  4704  4817 D SnpeWhyDistractionNativ: Frame number: 549, processFrame: modelClass = [-1, 0, 0], modelEntropy = [0.0, 0.0, 0.0], modelConfidence = [0.0, 0.0, 0.0]
01-13 00:41:24.149  4704  4817 D SnpeWhyDistractionNativ: Frame number: 550, processFrame: modelClass = [-1, 0, 0], modelEntropy = [0.0, 0.0, 0.0], modelConfidence = [0.0, 0.0, 0.0]
01-13 00:41:24.250  4704  4817 D SnpeWhyDistractionNativ: Frame number: 551, processFrame: modelClass = [-1, 0, 0], modelEntropy = [0.0, 0.0, 0.0], modelConfidence = [0.0, 0.0, 0.0]
01-13 00:41:24.348  4704  4817 D SnpeWhyDistractionNativ: Frame number: 552, processFrame: modelClass = [-1, 0, 0], modelEntropy = [0.0, 0.0, 0.0], modelConfidence = [0.0, 0.0, 0.0]
01-13 00:41:24.456  4704  4817 D SnpeWhyDistractionNativ: Frame number: 553, processFrame: modelClass = [-1, 0, 0], modelEntropy = [0.0, 0.0, 0.0], modelConfidence = [0.0, 0.0, 0.0]
01-13 00:41:24.545  4704  4817 D SnpeWhyDistractionNativ: Frame number: 554, processFrame: modelClass = [-1, 0, 0], modelEntropy = [0.0, 0.0, 0.0], modelConfidence = [0.0, 0.0, 0.0]
01-13 00:41:24.660  4704  4817 D SnpeWhyDistractionNativ: Frame number: 555, processFrame: modelClass = [-1, 0, 0], modelEntropy = [0.0, 0.0, 0.0], modelConfidence = [0.0, 0.0, 0.0]
01-13 00:41:24.756  4704  4817 D SnpeWhyDistractionNativ: Frame number: 556, processFrame: modelClass = [-1, 0, 0], modelEntropy = [0.0, 0.0, 0.0], modelConfidence = [0.0, 0.0, 0.0]
01-13 00:41:24.855  4704  4817 D SnpeWhyDistractionNativ: Frame number: 557, processFrame: modelClass = [-1, 0, 0], modelEntropy = [0.0, 0.0, 0.0], modelConfidence = [0.0, 0.0, 0.0]
01-13 00:41:24.957  4704  4817 D SnpeWhyDistractionNativ: Frame number: 558, processFrame: modelClass = [-1, 0, 0], modelEntropy = [0.0, 0.0, 0.0], modelConfidence = [0.0, 0.0, 0.0]
01-13 00:41:25.077  4704  4817 D SnpeWhyDistractionNativ: Frame number: 559, processFrame: modelClass = [-1, 0, 0], modelEntropy = [0.0, 0.0, 0.0], modelConfidence = [0.0, 0.0, 0.0]
01-13 00:41:25.155  4704  4817 D SnpeWhyDistractionNativ: Frame number: 560, processFrame: modelClass = [-1, 0, 0], modelEntropy = [0.0, 0.0, 0.0], modelConfidence = [0.0, 0.0, 0.0]
01-13 00:41:25.260  4704  4817 D SnpeWhyDistractionNativ: Frame number: 561, processFrame: modelClass = [-1, 0, 0], modelEntropy = [0.0, 0.0, 0.0], modelConfidence = [0.0, 0.0, 0.0]
01-13 00:41:25.349  4704  4817 D SnpeWhyDistractionNativ: Frame number: 562, processFrame: modelClass = [-1, 0, 0], modelEntropy = [0.0, 0.0, 0.0], modelConfidence = [0.0, 0.0, 0.0]
01-13 00:41:25.470  4704  4817 D SnpeWhyDistractionNativ: Frame number: 563, processFrame: modelClass = [-1, 0, 0], modelEntropy = [0.0, 0.0, 0.0], modelConfidence = [0.0, 0.0, 0.0]
01-13 00:41:25.557  4704  4817 D SnpeWhyDistractionNativ: Frame number: 564, processFrame: modelClass = [-1, 0, 0], modelEntropy = [0.0, 0.0, 0.0], modelConfidence = [0.0, 0.0, 0.0]
01-13 00:41:25.676  4704  4817 D SnpeWhyDistractionNativ: Frame number: 565, processFrame: modelClass = [-1, 0, 0], modelEntropy = [0.0, 0.0, 0.0], modelConfidence = [0.0, 0.0, 0.0]
01-13 00:41:25.768  4704  4817 D SnpeWhyDistractionNativ: Frame number: 566, processFrame: modelClass = [-1, 0, 0], modelEntropy = [0.0, 0.0, 0.0], modelConfidence = [0.0, 0.0, 0.0]
01-13 00:41:25.866  4704  4817 D SnpeWhyDistractionNativ: Frame number: 567, processFrame: modelClass = [-1, 0, 0], modelEntropy = [0.0, 0.0, 0.0], modelConfidence = [0.0, 0.0, 0.0]
01-13 00:41:25.960  4704  4817 D SnpeWhyDistractionNativ: Frame number: 568, processFrame: modelClass = [-1, 0, 0], modelEntropy = [0.0, 0.0, 0.0], modelConfidence = [0.0, 0.0, 0.0]
01-13 00:41:26.063  4704  4817 D SnpeWhyDistractionNativ: Frame number: 569, processFrame: modelClass = [-1, 0, 0], modelEntropy = [0.0, 0.0, 0.0], modelConfidence = [0.0, 0.0, 0.0]
01-13 00:41:26.163  4704  4817 D SnpeWhyDistractionNativ: Frame number: 570, processFrame: modelClass = [-1, 0, 0], modelEntropy = [0.0, 0.0, 0.0], modelConfidence = [0.0, 0.0, 0.0]
01-13 00:41:26.277  4704  4817 D SnpeWhyDistractionNativ: Frame number: 571, processFrame: modelClass = [-1, 0, 0], modelEntropy = [0.0, 0.0, 0.0], modelConfidence = [0.0, 0.0, 0.0]
01-13 00:41:26.423  4704  4817 D SnpeWhyDistractionNativ: destroyNativeObject: Destroyed why-distraction native object
