--------- beginning of main
--------- beginning of system
01-13 00:37:27.645  4022  4212 D SnpeWhyDistractionNativ: initNativeObject: Initialized Why-Distraction native wrapper 
01-13 00:37:27.702  4022  4212 D SnpeWhyDistractionNativ: Frame number: 1, processFrame: modelClass = [-99, 0, 0], modelEntropy = [0.0, 0.0, 0.0], modelConfidence = [0.0, 0.0, 0.0]
01-13 00:37:27.747  4022  4212 D SnpeWhyDistractionNativ: Frame number: 2, processFrame: modelClass = [-99, 0, 0], modelEntropy = [0.0, 0.0, 0.0], modelConfidence = [0.0, 0.0, 0.0]
01-13 00:37:27.805  4022  4212 D SnpeWhyDistractionNativ: Frame number: 3, processFrame: modelClass = [3, 0, 0], modelEntropy = [0.9545632, 0.0, 0.0], modelConfidence = [0.46671718, 0.0, 0.0]
01-13 00:37:27.854  4022  4212 D SnpeWhyDistractionNativ: Frame number: 4, processFrame: modelClass = [-99, 0, 0], modelEntropy = [0.0, 0.0, 0.0], modelConfidence = [0.0, 0.0, 0.0]
01-13 00:37:27.905  4022  4212 D SnpeWhyDistractionNativ: Frame number: 5, processFrame: modelClass = [-99, 0, 0], modelEntropy = [0.0, 0.0, 0.0], modelConfidence = [0.0, 0.0, 0.0]
01-13 00:37:27.989  4022  4212 D SnpeWhyDistractionNativ: Frame number: 6, processFrame: modelClass = [3, 0, 0], modelEntropy = [0.6944099, 0.0, 0.0], modelConfidence = [0.7230746, 0.0, 0.0]
01-13 00:37:28.006  4022  4212 D SnpeWhyDistractionNativ: Frame number: 7, processFrame: modelClass = [-99, 0, 0], modelEntropy = [0.0, 0.0, 0.0], modelConfidence = [0.0, 0.0, 0.0]
01-13 00:37:28.079  4022  4212 D SnpeWhyDistractionNativ: Frame number: 8, processFrame: modelClass = [-99, 0, 0], modelEntropy = [0.0, 0.0, 0.0], modelConfidence = [0.0, 0.0, 0.0]
01-13 00:37:28.151  4022  4212 D SnpeWhyDistractionNativ: Frame number: 9, processFrame: modelClass = [3, 0, 0], modelEntropy = [0.7914276, 0.0, 0.0], modelConfidence = [0.73576635, 0.0, 0.0]
01-13 00:37:28.225  4022  4212 D SnpeWhyDistractionNativ: Frame number: 10, processFrame: modelClass = [-99, 0, 0], modelEntropy = [0.0, 0.0, 0.0], modelConfidence = [0.0, 0.0, 0.0]
01-13 00:37:28.340  4022  4212 D SnpeWhyDistractionNativ: Frame number: 11, processFrame: modelClass = [-99, 0, 0], modelEntropy = [0.0, 0.0, 0.0], modelConfidence = [0.0, 0.0, 0.0]
01-13 00:37:28.447  4022  4212 D SnpeWhyDistractionNativ: Frame number: 12, processFrame: modelClass = [3, 0, 0], modelEntropy = [0.81911993, 0.0, 0.0], modelConfidence = [0.6467911, 0.0, 0.0]
01-13 00:37:28.534  4022  4212 D SnpeWhyDistractionNativ: Frame number: 13, processFrame: modelClass = [-99, 0, 0], modelEntropy = [0.0, 0.0, 0.0], modelConfidence = [0.0, 0.0, 0.0]
01-13 00:37:28.612  4022  4212 D SnpeWhyDistractionNativ: Frame number: 14, processFrame: modelClass = [-99, 0, 0], modelEntropy = [0.0, 0.0, 0.0], modelConfidence = [0.0, 0.0, 0.0]
01-13 00:37:28.747  4022  4212 D SnpeWhyDistractionNativ: Frame number: 15, processFrame: modelClass = [3, 0, 0], modelEntropy = [0.60641843, 0.0, 0.0], modelConfidence = [0.8250737, 0.0, 0.0]
01-13 00:37:28.819  4022  4212 D SnpeWhyDistractionNativ: Frame number: 16, processFrame: modelClass = [-99, 0, 0], modelEntropy = [0.0, 0.0, 0.0], modelConfidence = [0.0, 0.0, 0.0]
01-13 00:37:28.919  4022  4212 D SnpeWhyDistractionNativ: Frame number: 17, processFrame: modelClass = [-99, 0, 0], modelEntropy = [0.0, 0.0, 0.0], modelConfidence = [0.0, 0.0, 0.0]
01-13 00:37:29.045  4022  4212 D SnpeWhyDistractionNativ: Frame number: 18, processFrame: modelClass = [3, 0, 0], modelEntropy = [0.2507094, 0.0, 0.0], modelConfidence = [0.94990265, 0.0, 0.0]
01-13 00:37:29.127  4022  4212 D SnpeWhyDistractionNativ: Frame number: 19, processFrame: modelClass = [-99, 0, 0], modelEntropy = [0.0, 0.0, 0.0], modelConfidence = [0.0, 0.0, 0.0]
01-13 00:37:29.212  4022  4212 D SnpeWhyDistractionNativ: Frame number: 20, processFrame: modelClass = [-99, 0, 0], modelEntropy = [0.0, 0.0, 0.0], modelConfidence = [0.0, 0.0, 0.0]
01-13 00:37:29.346  4022  4212 D SnpeWhyDistractionNativ: Frame number: 21, processFrame: modelClass = [3, 0, 0], modelEntropy = [0.448673, 0.0, 0.0], modelConfidence = [0.87486553, 0.0, 0.0]
01-13 00:37:29.415  4022  4212 D SnpeWhyDistractionNativ: Frame number: 22, processFrame: modelClass = [-99, 0, 0], modelEntropy = [0.0, 0.0, 0.0], modelConfidence = [0.0, 0.0, 0.0]
01-13 00:37:29.526  4022  4212 D SnpeWhyDistractionNativ: Frame number: 23, processFrame: modelClass = [-99, 0, 0], modelEntropy = [0.0, 0.0, 0.0], modelConfidence = [0.0, 0.0, 0.0]
01-13 00:37:29.647  4022  4212 D SnpeWhyDistractionNativ: Frame number: 24, processFrame: modelClass = [3, 0, 0], modelEntropy = [0.5087355, 0.0, 0.0], modelConfidence = [0.83903575, 0.0, 0.0]
01-13 00:37:29.721  4022  4212 D SnpeWhyDistractionNativ: Frame number: 25, processFrame: modelClass = [-99, 0, 0], modelEntropy = [0.0, 0.0, 0.0], modelConfidence = [0.0, 0.0, 0.0]
01-13 00:37:29.818  4022  4212 D SnpeWhyDistractionNativ: Frame number: 26, processFrame: modelClass = [-99, 0, 0], modelEntropy = [0.0, 0.0, 0.0], modelConfidence = [0.0, 0.0, 0.0]
01-13 00:37:29.950  4022  4212 D SnpeWhyDistractionNativ: Frame number: 27, processFrame: modelClass = [3, 0, 0], modelEntropy = [1.0433322, 0.0, 0.0], modelConfidence = [0.5105515, 0.0, 0.0]
01-13 00:37:30.032  4022  4212 D SnpeWhyDistractionNativ: Frame number: 28, processFrame: modelClass = [-99, 0, 0], modelEntropy = [0.0, 0.0, 0.0], modelConfidence = [0.0, 0.0, 0.0]
01-13 00:37:30.137  4022  4212 D SnpeWhyDistractionNativ: Frame number: 29, processFrame: modelClass = [-99, 0, 0], modelEntropy = [0.0, 0.0, 0.0], modelConfidence = [0.0, 0.0, 0.0]
01-13 00:37:30.253  4022  4212 D SnpeWhyDistractionNativ: Frame number: 30, processFrame: modelClass = [3, 0, 0], modelEntropy = [1.1130679, 0.0, 0.0], modelConfidence = [0.5172825, 0.0, 0.0]
01-13 00:37:30.327  4022  4212 D SnpeWhyDistractionNativ: Frame number: 31, processFrame: modelClass = [-99, 0, 0], modelEntropy = [0.0, 0.0, 0.0], modelConfidence = [0.0, 0.0, 0.0]
01-13 00:37:30.417  4022  4212 D SnpeWhyDistractionNativ: Frame number: 32, processFrame: modelClass = [-99, 0, 0], modelEntropy = [0.0, 0.0, 0.0], modelConfidence = [0.0, 0.0, 0.0]
01-13 00:37:30.552  4022  4212 D SnpeWhyDistractionNativ: Frame number: 33, processFrame: modelClass = [3, 0, 0], modelEntropy = [1.0825108, 0.0, 0.0], modelConfidence = [0.5080005, 0.0, 0.0]
01-13 00:37:30.633  4022  4212 D SnpeWhyDistractionNativ: Frame number: 34, processFrame: modelClass = [-99, 0, 0], modelEntropy = [0.0, 0.0, 0.0], modelConfidence = [0.0, 0.0, 0.0]
01-13 00:37:30.721  4022  4212 D SnpeWhyDistractionNativ: Frame number: 35, processFrame: modelClass = [-99, 0, 0], modelEntropy = [0.0, 0.0, 0.0], modelConfidence = [0.0, 0.0, 0.0]
01-13 00:37:30.854  4022  4212 D SnpeWhyDistractionNativ: Frame number: 36, processFrame: modelClass = [3, 0, 0], modelEntropy = [0.8998179, 0.0, 0.0], modelConfidence = [0.5799475, 0.0, 0.0]
01-13 00:37:30.938  4022  4212 D SnpeWhyDistractionNativ: Frame number: 37, processFrame: modelClass = [-99, 0, 0], modelEntropy = [0.0, 0.0, 0.0], modelConfidence = [0.0, 0.0, 0.0]
01-13 00:37:31.026  4022  4212 D SnpeWhyDistractionNativ: Frame number: 38, processFrame: modelClass = [-99, 0, 0], modelEntropy = [0.0, 0.0, 0.0], modelConfidence = [0.0, 0.0, 0.0]
01-13 00:37:31.158  4022  4212 D SnpeWhyDistractionNativ: Frame number: 39, processFrame: modelClass = [3, 0, 0], modelEntropy = [1.0501045, 0.0, 0.0], modelConfidence = [0.47226426, 0.0, 0.0]
01-13 00:37:31.232  4022  4212 D SnpeWhyDistractionNativ: Frame number: 40, processFrame: modelClass = [-99, 0, 0], modelEntropy = [0.0, 0.0, 0.0], modelConfidence = [0.0, 0.0, 0.0]
01-13 00:37:31.319  4022  4212 D SnpeWhyDistractionNativ: Frame number: 41, processFrame: modelClass = [-99, 0, 0], modelEntropy = [0.0, 0.0, 0.0], modelConfidence = [0.0, 0.0, 0.0]
01-13 00:37:31.439  4022  4212 D SnpeWhyDistractionNativ: Frame number: 42, processFrame: modelClass = [0, 0, 0], modelEntropy = [1.0131849, 0.0, 0.0], modelConfidence = [0.48329923, 0.0, 0.0]
01-13 00:37:31.539  4022  4212 D SnpeWhyDistractionNativ: Frame number: 43, processFrame: modelClass = [-99, 0, 0], modelEntropy = [0.0, 0.0, 0.0], modelConfidence = [0.0, 0.0, 0.0]
01-13 00:37:31.625  4022  4212 D SnpeWhyDistractionNativ: Frame number: 44, processFrame: modelClass = [-99, 0, 0], modelEntropy = [0.0, 0.0, 0.0], modelConfidence = [0.0, 0.0, 0.0]
01-13 00:37:31.761  4022  4212 D SnpeWhyDistractionNativ: Frame number: 45, processFrame: modelClass = [0, 0, 0], modelEntropy = [1.0600159, 0.0, 0.0], modelConfidence = [0.42588937, 0.0, 0.0]
01-13 00:37:31.843  4022  4212 D SnpeWhyDistractionNativ: Frame number: 46, processFrame: modelClass = [-99, 0, 0], modelEntropy = [0.0, 0.0, 0.0], modelConfidence = [0.0, 0.0, 0.0]
01-13 00:37:31.927  4022  4212 D SnpeWhyDistractionNativ: Frame number: 47, processFrame: modelClass = [-99, 0, 0], modelEntropy = [0.0, 0.0, 0.0], modelConfidence = [0.0, 0.0, 0.0]
01-13 00:37:32.044  4022  4212 D SnpeWhyDistractionNativ: Frame number: 48, processFrame: modelClass = [3, 0, 0], modelEntropy = [1.009758, 0.0, 0.0], modelConfidence = [0.43669635, 0.0, 0.0]
01-13 00:37:32.147  4022  4212 D SnpeWhyDistractionNativ: Frame number: 49, processFrame: modelClass = [-99, 0, 0], modelEntropy = [0.0, 0.0, 0.0], modelConfidence = [0.0, 0.0, 0.0]
01-13 00:37:32.222  4022  4212 D SnpeWhyDistractionNativ: Frame number: 50, processFrame: modelClass = [-99, 0, 0], modelEntropy = [0.0, 0.0, 0.0], modelConfidence = [0.0, 0.0, 0.0]
01-13 00:37:32.364  4022  4212 D SnpeWhyDistractionNativ: Frame number: 51, processFrame: modelClass = [3, 0, 0], modelEntropy = [0.88380116, 0.0, 0.0], modelConfidence = [0.6298946, 0.0, 0.0]
01-13 00:37:32.432  4022  4212 D SnpeWhyDistractionNativ: Frame number: 52, processFrame: modelClass = [-99, 0, 0], modelEntropy = [0.0, 0.0, 0.0], modelConfidence = [0.0, 0.0, 0.0]
01-13 00:37:32.517  4022  4212 D SnpeWhyDistractionNativ: Frame number: 53, processFrame: modelClass = [-99, 0, 0], modelEntropy = [0.0, 0.0, 0.0], modelConfidence = [0.0, 0.0, 0.0]
01-13 00:37:32.662  4022  4212 D SnpeWhyDistractionNativ: Frame number: 54, processFrame: modelClass = [3, 0, 0], modelEntropy = [1.0015675, 0.0, 0.0], modelConfidence = [0.57921886, 0.0, 0.0]
01-13 00:37:32.750  4022  4212 D SnpeWhyDistractionNativ: Frame number: 55, processFrame: modelClass = [-99, 0, 0], modelEntropy = [0.0, 0.0, 0.0], modelConfidence = [0.0, 0.0, 0.0]
01-13 00:37:32.819  4022  4212 D SnpeWhyDistractionNativ: Frame number: 56, processFrame: modelClass = [-99, 0, 0], modelEntropy = [0.0, 0.0, 0.0], modelConfidence = [0.0, 0.0, 0.0]
01-13 00:37:32.957  4022  4212 D SnpeWhyDistractionNativ: Frame number: 57, processFrame: modelClass = [3, 0, 0], modelEntropy = [0.5112541, 0.0, 0.0], modelConfidence = [0.84969825, 0.0, 0.0]
01-13 00:37:33.048  4022  4212 D SnpeWhyDistractionNativ: Frame number: 58, processFrame: modelClass = [-99, 0, 0], modelEntropy = [0.0, 0.0, 0.0], modelConfidence = [0.0, 0.0, 0.0]
01-13 00:37:33.132  4022  4212 D SnpeWhyDistractionNativ: Frame number: 59, processFrame: modelClass = [-99, 0, 0], modelEntropy = [0.0, 0.0, 0.0], modelConfidence = [0.0, 0.0, 0.0]
01-13 00:37:33.269  4022  4212 D SnpeWhyDistractionNativ: Frame number: 60, processFrame: modelClass = [3, 0, 0], modelEntropy = [0.6279816, 0.0, 0.0], modelConfidence = [0.7480895, 0.0, 0.0]
01-13 00:37:33.339  4022  4212 D SnpeWhyDistractionNativ: Frame number: 61, processFrame: modelClass = [-99, 0, 0], modelEntropy = [0.0, 0.0, 0.0], modelConfidence = [0.0, 0.0, 0.0]
01-13 00:37:33.419  4022  4212 D SnpeWhyDistractionNativ: Frame number: 62, processFrame: modelClass = [-99, 0, 0], modelEntropy = [0.0, 0.0, 0.0], modelConfidence = [0.0, 0.0, 0.0]
01-13 00:37:33.570  4022  4212 D SnpeWhyDistractionNativ: Frame number: 63, processFrame: modelClass = [3, 0, 0], modelEntropy = [0.84342694, 0.0, 0.0], modelConfidence = [0.5902684, 0.0, 0.0]
01-13 00:37:33.647  4022  4212 D SnpeWhyDistractionNativ: Frame number: 64, processFrame: modelClass = [-99, 0, 0], modelEntropy = [0.0, 0.0, 0.0], modelConfidence = [0.0, 0.0, 0.0]
01-13 00:37:33.731  4022  4212 D SnpeWhyDistractionNativ: Frame number: 65, processFrame: modelClass = [-99, 0, 0], modelEntropy = [0.0, 0.0, 0.0], modelConfidence = [0.0, 0.0, 0.0]
01-13 00:37:33.842  4022  4212 D SnpeWhyDistractionNativ: Frame number: 66, processFrame: modelClass = [3, 0, 0], modelEntropy = [0.67662114, 0.0, 0.0], modelConfidence = [0.70754313, 0.0, 0.0]
01-13 00:37:33.942  4022  4212 D SnpeWhyDistractionNativ: Frame number: 67, processFrame: modelClass = [-99, 0, 0], modelEntropy = [0.0, 0.0, 0.0], modelConfidence = [0.0, 0.0, 0.0]
01-13 00:37:34.020  4022  4212 D SnpeWhyDistractionNativ: Frame number: 68, processFrame: modelClass = [-99, 0, 0], modelEntropy = [0.0, 0.0, 0.0], modelConfidence = [0.0, 0.0, 0.0]
01-13 00:37:34.171  4022  4212 D SnpeWhyDistractionNativ: Frame number: 69, processFrame: modelClass = [3, 0, 0], modelEntropy = [0.99729, 0.0, 0.0], modelConfidence = [0.6227037, 0.0, 0.0]
01-13 00:37:34.244  4022  4212 D SnpeWhyDistractionNativ: Frame number: 70, processFrame: modelClass = [-99, 0, 0], modelEntropy = [0.0, 0.0, 0.0], modelConfidence = [0.0, 0.0, 0.0]
01-13 00:37:34.338  4022  4212 D SnpeWhyDistractionNativ: Frame number: 71, processFrame: modelClass = [-99, 0, 0], modelEntropy = [0.0, 0.0, 0.0], modelConfidence = [0.0, 0.0, 0.0]
01-13 00:37:34.438  4022  4212 D SnpeWhyDistractionNativ: Frame number: 72, processFrame: modelClass = [3, 0, 0], modelEntropy = [0.80904037, 0.0, 0.0], modelConfidence = [0.6989976, 0.0, 0.0]
01-13 00:37:34.547  4022  4212 D SnpeWhyDistractionNativ: Frame number: 73, processFrame: modelClass = [-99, 0, 0], modelEntropy = [0.0, 0.0, 0.0], modelConfidence = [0.0, 0.0, 0.0]
01-13 00:37:34.640  4022  4212 D SnpeWhyDistractionNativ: Frame number: 74, processFrame: modelClass = [-99, 0, 0], modelEntropy = [0.0, 0.0, 0.0], modelConfidence = [0.0, 0.0, 0.0]
01-13 00:37:34.762  4022  4212 D SnpeWhyDistractionNativ: Frame number: 75, processFrame: modelClass = [3, 0, 0], modelEntropy = [0.830342, 0.0, 0.0], modelConfidence = [0.65383244, 0.0, 0.0]
01-13 00:37:34.831  4022  4212 D SnpeWhyDistractionNativ: Frame number: 76, processFrame: modelClass = [-99, 0, 0], modelEntropy = [0.0, 0.0, 0.0], modelConfidence = [0.0, 0.0, 0.0]
01-13 00:37:34.926  4022  4212 D SnpeWhyDistractionNativ: Frame number: 77, processFrame: modelClass = [-99, 0, 0], modelEntropy = [0.0, 0.0, 0.0], modelConfidence = [0.0, 0.0, 0.0]
01-13 00:37:35.069  4022  4212 D SnpeWhyDistractionNativ: Frame number: 78, processFrame: modelClass = [3, 0, 0], modelEntropy = [0.8453079, 0.0, 0.0], modelConfidence = [0.5633646, 0.0, 0.0]
01-13 00:37:35.139  4022  4212 D SnpeWhyDistractionNativ: Frame number: 79, processFrame: modelClass = [-99, 0, 0], modelEntropy = [0.0, 0.0, 0.0], modelConfidence = [0.0, 0.0, 0.0]
01-13 00:37:35.224  4022  4212 D SnpeWhyDistractionNativ: Frame number: 80, processFrame: modelClass = [-99, 0, 0], modelEntropy = [0.0, 0.0, 0.0], modelConfidence = [0.0, 0.0, 0.0]
01-13 00:37:35.364  4022  4212 D SnpeWhyDistractionNativ: Frame number: 81, processFrame: modelClass = [3, 0, 0], modelEntropy = [0.8712361, 0.0, 0.0], modelConfidence = [0.5629096, 0.0, 0.0]
01-13 00:37:35.448  4022  4212 D SnpeWhyDistractionNativ: Frame number: 82, processFrame: modelClass = [-99, 0, 0], modelEntropy = [0.0, 0.0, 0.0], modelConfidence = [0.0, 0.0, 0.0]
01-13 00:37:35.531  4022  4212 D SnpeWhyDistractionNativ: Frame number: 83, processFrame: modelClass = [-99, 0, 0], modelEntropy = [0.0, 0.0, 0.0], modelConfidence = [0.0, 0.0, 0.0]
01-13 00:37:35.640  4022  4212 D SnpeWhyDistractionNativ: Frame number: 84, processFrame: modelClass = [3, 0, 0], modelEntropy = [0.9004932, 0.0, 0.0], modelConfidence = [0.547069, 0.0, 0.0]
01-13 00:37:35.742  4022  4212 D SnpeWhyDistractionNativ: Frame number: 85, processFrame: modelClass = [-99, 0, 0], modelEntropy = [0.0, 0.0, 0.0], modelConfidence = [0.0, 0.0, 0.0]
01-13 00:37:35.835  4022  4212 D SnpeWhyDistractionNativ: Frame number: 86, processFrame: modelClass = [-99, 0, 0], modelEntropy = [0.0, 0.0, 0.0], modelConfidence = [0.0, 0.0, 0.0]
01-13 00:37:35.978  4022  4212 D SnpeWhyDistractionNativ: Frame number: 87, processFrame: modelClass = [3, 0, 0], modelEntropy = [0.7123286, 0.0, 0.0], modelConfidence = [0.6064022, 0.0, 0.0]
01-13 00:37:36.045  4022  4212 D SnpeWhyDistractionNativ: Frame number: 88, processFrame: modelClass = [-99, 0, 0], modelEntropy = [0.0, 0.0, 0.0], modelConfidence = [0.0, 0.0, 0.0]
01-13 00:37:36.133  4022  4212 D SnpeWhyDistractionNativ: Frame number: 89, processFrame: modelClass = [-99, 0, 0], modelEntropy = [0.0, 0.0, 0.0], modelConfidence = [0.0, 0.0, 0.0]
01-13 00:37:36.254  4022  4212 D SnpeWhyDistractionNativ: Frame number: 90, processFrame: modelClass = [3, 0, 0], modelEntropy = [0.81413126, 0.0, 0.0], modelConfidence = [0.65879345, 0.0, 0.0]
01-13 00:37:36.344  4022  4212 D SnpeWhyDistractionNativ: Frame number: 91, processFrame: modelClass = [-99, 0, 0], modelEntropy = [0.0, 0.0, 0.0], modelConfidence = [0.0, 0.0, 0.0]
01-13 00:37:36.431  4022  4212 D SnpeWhyDistractionNativ: Frame number: 92, processFrame: modelClass = [-99, 0, 0], modelEntropy = [0.0, 0.0, 0.0], modelConfidence = [0.0, 0.0, 0.0]
01-13 00:37:36.560  4022  4212 D SnpeWhyDistractionNativ: Frame number: 93, processFrame: modelClass = [0, 0, 0], modelEntropy = [0.9283608, 0.0, 0.0], modelConfidence = [0.47573194, 0.0, 0.0]
01-13 00:37:36.641  4022  4212 D SnpeWhyDistractionNativ: Frame number: 94, processFrame: modelClass = [-99, 0, 0], modelEntropy = [0.0, 0.0, 0.0], modelConfidence = [0.0, 0.0, 0.0]
01-13 00:37:36.735  4022  4212 D SnpeWhyDistractionNativ: Frame number: 95, processFrame: modelClass = [-99, 0, 0], modelEntropy = [0.0, 0.0, 0.0], modelConfidence = [0.0, 0.0, 0.0]
01-13 00:37:36.858  4022  4212 D SnpeWhyDistractionNativ: Frame number: 96, processFrame: modelClass = [3, 0, 0], modelEntropy = [1.0054121, 0.0, 0.0], modelConfidence = [0.52148753, 0.0, 0.0]
01-13 00:37:36.951  4022  4212 D SnpeWhyDistractionNativ: Frame number: 97, processFrame: modelClass = [-99, 0, 0], modelEntropy = [0.0, 0.0, 0.0], modelConfidence = [0.0, 0.0, 0.0]
01-13 00:37:37.048  4022  4212 D SnpeWhyDistractionNativ: Frame number: 98, processFrame: modelClass = [-99, 0, 0], modelEntropy = [0.0, 0.0, 0.0], modelConfidence = [0.0, 0.0, 0.0]
01-13 00:37:37.168  4022  4212 D SnpeWhyDistractionNativ: Frame number: 99, processFrame: modelClass = [3, 0, 0], modelEntropy = [1.0005993, 0.0, 0.0], modelConfidence = [0.5621129, 0.0, 0.0]
01-13 00:37:37.236  4022  4212 D SnpeWhyDistractionNativ: Frame number: 100, processFrame: modelClass = [-99, 0, 0], modelEntropy = [0.0, 0.0, 0.0], modelConfidence = [0.0, 0.0, 0.0]
01-13 00:37:37.329  4022  4212 D SnpeWhyDistractionNativ: Frame number: 101, processFrame: modelClass = [-99, 0, 0], modelEntropy = [0.0, 0.0, 0.0], modelConfidence = [0.0, 0.0, 0.0]
01-13 00:37:37.470  4022  4212 D SnpeWhyDistractionNativ: Frame number: 102, processFrame: modelClass = [0, 0, 0], modelEntropy = [1.0841924, 0.0, 0.0], modelConfidence = [0.3774874, 0.0, 0.0]
01-13 00:37:37.548  4022  4212 D SnpeWhyDistractionNativ: Frame number: 103, processFrame: modelClass = [-99, 0, 0], modelEntropy = [0.0, 0.0, 0.0], modelConfidence = [0.0, 0.0, 0.0]
01-13 00:37:37.628  4022  4212 D SnpeWhyDistractionNativ: Frame number: 104, processFrame: modelClass = [-99, 0, 0], modelEntropy = [0.0, 0.0, 0.0], modelConfidence = [0.0, 0.0, 0.0]
01-13 00:37:37.770  4022  4212 D SnpeWhyDistractionNativ: Frame number: 105, processFrame: modelClass = [0, 0, 0], modelEntropy = [1.0233909, 0.0, 0.0], modelConfidence = [0.5132057, 0.0, 0.0]
01-13 00:37:37.841  4022  4212 D SnpeWhyDistractionNativ: Frame number: 106, processFrame: modelClass = [-99, 0, 0], modelEntropy = [0.0, 0.0, 0.0], modelConfidence = [0.0, 0.0, 0.0]
01-13 00:37:37.948  4022  4212 D SnpeWhyDistractionNativ: Frame number: 107, processFrame: modelClass = [-99, 0, 0], modelEntropy = [0.0, 0.0, 0.0], modelConfidence = [0.0, 0.0, 0.0]
01-13 00:37:38.069  4022  4212 D SnpeWhyDistractionNativ: Frame number: 108, processFrame: modelClass = [3, 0, 0], modelEntropy = [0.7408438, 0.0, 0.0], modelConfidence = [0.65374327, 0.0, 0.0]
01-13 00:37:38.152  4022  4212 D SnpeWhyDistractionNativ: Frame number: 109, processFrame: modelClass = [-99, 0, 0], modelEntropy = [0.0, 0.0, 0.0], modelConfidence = [0.0, 0.0, 0.0]
01-13 00:37:38.232  4022  4212 D SnpeWhyDistractionNativ: Frame number: 110, processFrame: modelClass = [-99, 0, 0], modelEntropy = [0.0, 0.0, 0.0], modelConfidence = [0.0, 0.0, 0.0]
01-13 00:37:38.372  4022  4212 D SnpeWhyDistractionNativ: Frame number: 111, processFrame: modelClass = [3, 0, 0], modelEntropy = [0.87553185, 0.0, 0.0], modelConfidence = [0.5413118, 0.0, 0.0]
01-13 00:37:38.436  4022  4212 D SnpeWhyDistractionNativ: Frame number: 112, processFrame: modelClass = [-99, 0, 0], modelEntropy = [0.0, 0.0, 0.0], modelConfidence = [0.0, 0.0, 0.0]
01-13 00:37:38.534  4022  4212 D SnpeWhyDistractionNativ: Frame number: 113, processFrame: modelClass = [-99, 0, 0], modelEntropy = [0.0, 0.0, 0.0], modelConfidence = [0.0, 0.0, 0.0]
01-13 00:37:38.671  4022  4212 D SnpeWhyDistractionNativ: Frame number: 114, processFrame: modelClass = [3, 0, 0], modelEntropy = [0.80123407, 0.0, 0.0], modelConfidence = [0.71761644, 0.0, 0.0]
01-13 00:37:38.752  4022  4212 D SnpeWhyDistractionNativ: Frame number: 115, processFrame: modelClass = [-99, 0, 0], modelEntropy = [0.0, 0.0, 0.0], modelConfidence = [0.0, 0.0, 0.0]
01-13 00:37:38.835  4022  4212 D SnpeWhyDistractionNativ: Frame number: 116, processFrame: modelClass = [-99, 0, 0], modelEntropy = [0.0, 0.0, 0.0], modelConfidence = [0.0, 0.0, 0.0]
01-13 00:37:38.966  4022  4212 D SnpeWhyDistractionNativ: Frame number: 117, processFrame: modelClass = [3, 0, 0], modelEntropy = [0.7831308, 0.0, 0.0], modelConfidence = [0.72060144, 0.0, 0.0]
01-13 00:37:39.046  4022  4212 D SnpeWhyDistractionNativ: Frame number: 118, processFrame: modelClass = [-99, 0, 0], modelEntropy = [0.0, 0.0, 0.0], modelConfidence = [0.0, 0.0, 0.0]
01-13 00:37:39.144  4022  4212 D SnpeWhyDistractionNativ: Frame number: 119, processFrame: modelClass = [-99, 0, 0], modelEntropy = [0.0, 0.0, 0.0], modelConfidence = [0.0, 0.0, 0.0]
01-13 00:37:39.278  4022  4212 D SnpeWhyDistractionNativ: Frame number: 120, processFrame: modelClass = [3, 0, 0], modelEntropy = [1.0041701, 0.0, 0.0], modelConfidence = [0.5911672, 0.0, 0.0]
01-13 00:37:39.356  4022  4212 D SnpeWhyDistractionNativ: Frame number: 121, processFrame: modelClass = [-99, 0, 0], modelEntropy = [0.0, 0.0, 0.0], modelConfidence = [0.0, 0.0, 0.0]
01-13 00:37:39.434  4022  4212 D SnpeWhyDistractionNativ: Frame number: 122, processFrame: modelClass = [-99, 0, 0], modelEntropy = [0.0, 0.0, 0.0], modelConfidence = [0.0, 0.0, 0.0]
01-13 00:37:39.571  4022  4212 D SnpeWhyDistractionNativ: Frame number: 123, processFrame: modelClass = [3, 0, 0], modelEntropy = [0.95243555, 0.0, 0.0], modelConfidence = [0.60125387, 0.0, 0.0]
01-13 00:37:39.638  4022  4212 D SnpeWhyDistractionNativ: Frame number: 124, processFrame: modelClass = [-99, 0, 0], modelEntropy = [0.0, 0.0, 0.0], modelConfidence = [0.0, 0.0, 0.0]
01-13 00:37:39.736  4022  4212 D SnpeWhyDistractionNativ: Frame number: 125, processFrame: modelClass = [-99, 0, 0], modelEntropy = [0.0, 0.0, 0.0], modelConfidence = [0.0, 0.0, 0.0]
01-13 00:37:39.869  4022  4212 D SnpeWhyDistractionNativ: Frame number: 126, processFrame: modelClass = [3, 0, 0], modelEntropy = [0.92943066, 0.0, 0.0], modelConfidence = [0.59908426, 0.0, 0.0]
01-13 00:37:39.953  4022  4212 D SnpeWhyDistractionNativ: Frame number: 127, processFrame: modelClass = [-99, 0, 0], modelEntropy = [0.0, 0.0, 0.0], modelConfidence = [0.0, 0.0, 0.0]
01-13 00:37:40.051  4022  4212 D SnpeWhyDistractionNativ: Frame number: 128, processFrame: modelClass = [-99, 0, 0], modelEntropy = [0.0, 0.0, 0.0], modelConfidence = [0.0, 0.0, 0.0]
01-13 00:37:40.167  4022  4212 D SnpeWhyDistractionNativ: Frame number: 129, processFrame: modelClass = [3, 0, 0], modelEntropy = [0.87759745, 0.0, 0.0], modelConfidence = [0.6536384, 0.0, 0.0]
01-13 00:37:40.248  4022  4212 D SnpeWhyDistractionNativ: Frame number: 130, processFrame: modelClass = [-99, 0, 0], modelEntropy = [0.0, 0.0, 0.0], modelConfidence = [0.0, 0.0, 0.0]
01-13 00:37:40.347  4022  4212 D SnpeWhyDistractionNativ: Frame number: 131, processFrame: modelClass = [-99, 0, 0], modelEntropy = [0.0, 0.0, 0.0], modelConfidence = [0.0, 0.0, 0.0]
01-13 00:37:40.472  4022  4212 D SnpeWhyDistractionNativ: Frame number: 132, processFrame: modelClass = [3, 0, 0], modelEntropy = [1.0001204, 0.0, 0.0], modelConfidence = [0.5545473, 0.0, 0.0]
01-13 00:37:40.539  4022  4212 D SnpeWhyDistractionNativ: Frame number: 133, processFrame: modelClass = [-99, 0, 0], modelEntropy = [0.0, 0.0, 0.0], modelConfidence = [0.0, 0.0, 0.0]
01-13 00:37:40.650  4022  4212 D SnpeWhyDistractionNativ: Frame number: 134, processFrame: modelClass = [-99, 0, 0], modelEntropy = [0.0, 0.0, 0.0], modelConfidence = [0.0, 0.0, 0.0]
01-13 00:37:40.794  4022  4212 D SnpeWhyDistractionNativ: Frame number: 135, processFrame: modelClass = [3, 0, 0], modelEntropy = [0.887526, 0.0, 0.0], modelConfidence = [0.63613653, 0.0, 0.0]
01-13 00:37:40.855  4022  4212 D SnpeWhyDistractionNativ: Frame number: 136, processFrame: modelClass = [-99, 0, 0], modelEntropy = [0.0, 0.0, 0.0], modelConfidence = [0.0, 0.0, 0.0]
01-13 00:37:40.940  4022  4212 D SnpeWhyDistractionNativ: Frame number: 137, processFrame: modelClass = [-99, 0, 0], modelEntropy = [0.0, 0.0, 0.0], modelConfidence = [0.0, 0.0, 0.0]
01-13 00:37:41.073  4022  4212 D SnpeWhyDistractionNativ: Frame number: 138, processFrame: modelClass = [3, 0, 0], modelEntropy = [1.0050042, 0.0, 0.0], modelConfidence = [0.56987673, 0.0, 0.0]
01-13 00:37:41.151  4022  4212 D SnpeWhyDistractionNativ: Frame number: 139, processFrame: modelClass = [-99, 0, 0], modelEntropy = [0.0, 0.0, 0.0], modelConfidence = [0.0, 0.0, 0.0]
01-13 00:37:41.238  4022  4212 D SnpeWhyDistractionNativ: Frame number: 140, processFrame: modelClass = [-99, 0, 0], modelEntropy = [0.0, 0.0, 0.0], modelConfidence = [0.0, 0.0, 0.0]
01-13 00:37:41.376  4022  4212 D SnpeWhyDistractionNativ: Frame number: 141, processFrame: modelClass = [3, 0, 0], modelEntropy = [1.0983464, 0.0, 0.0], modelConfidence = [0.55043757, 0.0, 0.0]
01-13 00:37:41.451  4022  4212 D SnpeWhyDistractionNativ: Frame number: 142, processFrame: modelClass = [-99, 0, 0], modelEntropy = [0.0, 0.0, 0.0], modelConfidence = [0.0, 0.0, 0.0]
01-13 00:37:41.546  4022  4212 D SnpeWhyDistractionNativ: Frame number: 143, processFrame: modelClass = [-99, 0, 0], modelEntropy = [0.0, 0.0, 0.0], modelConfidence = [0.0, 0.0, 0.0]
01-13 00:37:41.652  4022  4212 D SnpeWhyDistractionNativ: Frame number: 144, processFrame: modelClass = [3, 0, 0], modelEntropy = [1.0407885, 0.0, 0.0], modelConfidence = [0.48885712, 0.0, 0.0]
01-13 00:37:41.743  4022  4212 D SnpeWhyDistractionNativ: Frame number: 145, processFrame: modelClass = [-99, 0, 0], modelEntropy = [0.0, 0.0, 0.0], modelConfidence = [0.0, 0.0, 0.0]
01-13 00:37:41.838  4022  4212 D SnpeWhyDistractionNativ: Frame number: 146, processFrame: modelClass = [-99, 0, 0], modelEntropy = [0.0, 0.0, 0.0], modelConfidence = [0.0, 0.0, 0.0]
01-13 00:37:41.976  4022  4212 D SnpeWhyDistractionNativ: Frame number: 147, processFrame: modelClass = [3, 0, 0], modelEntropy = [1.0541832, 0.0, 0.0], modelConfidence = [0.4764663, 0.0, 0.0]
01-13 00:37:42.042  4022  4212 D SnpeWhyDistractionNativ: Frame number: 148, processFrame: modelClass = [-99, 0, 0], modelEntropy = [0.0, 0.0, 0.0], modelConfidence = [0.0, 0.0, 0.0]
01-13 00:37:42.136  4022  4212 D SnpeWhyDistractionNativ: Frame number: 149, processFrame: modelClass = [-99, 0, 0], modelEntropy = [0.0, 0.0, 0.0], modelConfidence = [0.0, 0.0, 0.0]
01-13 00:37:42.287  4022  4212 D SnpeWhyDistractionNativ: Frame number: 150, processFrame: modelClass = [3, 0, 0], modelEntropy = [0.9078611, 0.0, 0.0], modelConfidence = [0.65233827, 0.0, 0.0]
01-13 00:37:42.380  4022  4212 D SnpeWhyDistractionNativ: Frame number: 151, processFrame: modelClass = [-99, 0, 0], modelEntropy = [0.0, 0.0, 0.0], modelConfidence = [0.0, 0.0, 0.0]
01-13 00:37:42.451  4022  4212 D SnpeWhyDistractionNativ: Frame number: 152, processFrame: modelClass = [-99, 0, 0], modelEntropy = [0.0, 0.0, 0.0], modelConfidence = [0.0, 0.0, 0.0]
01-13 00:37:42.583  4022  4212 D SnpeWhyDistractionNativ: Frame number: 153, processFrame: modelClass = [3, 0, 0], modelEntropy = [0.968608, 0.0, 0.0], modelConfidence = [0.57426, 0.0, 0.0]
01-13 00:37:42.651  4022  4212 D SnpeWhyDistractionNativ: Frame number: 154, processFrame: modelClass = [-99, 0, 0], modelEntropy = [0.0, 0.0, 0.0], modelConfidence = [0.0, 0.0, 0.0]
01-13 00:37:42.746  4022  4212 D SnpeWhyDistractionNativ: Frame number: 155, processFrame: modelClass = [-99, 0, 0], modelEntropy = [0.0, 0.0, 0.0], modelConfidence = [0.0, 0.0, 0.0]
01-13 00:37:42.853  4022  4212 D SnpeWhyDistractionNativ: Frame number: 156, processFrame: modelClass = [3, 0, 0], modelEntropy = [1.0214245, 0.0, 0.0], modelConfidence = [0.52844805, 0.0, 0.0]
01-13 00:37:42.944  4022  4212 D SnpeWhyDistractionNativ: Frame number: 157, processFrame: modelClass = [-99, 0, 0], modelEntropy = [0.0, 0.0, 0.0], modelConfidence = [0.0, 0.0, 0.0]
01-13 00:37:43.050  4022  4212 D SnpeWhyDistractionNativ: Frame number: 158, processFrame: modelClass = [-99, 0, 0], modelEntropy = [0.0, 0.0, 0.0], modelConfidence = [0.0, 0.0, 0.0]
01-13 00:37:43.178  4022  4212 D SnpeWhyDistractionNativ: Frame number: 159, processFrame: modelClass = [3, 0, 0], modelEntropy = [0.92448086, 0.0, 0.0], modelConfidence = [0.66174877, 0.0, 0.0]
01-13 00:37:43.260  4022  4212 D SnpeWhyDistractionNativ: Frame number: 160, processFrame: modelClass = [-99, 0, 0], modelEntropy = [0.0, 0.0, 0.0], modelConfidence = [0.0, 0.0, 0.0]
01-13 00:37:43.367  4022  4212 D SnpeWhyDistractionNativ: Frame number: 161, processFrame: modelClass = [-99, 0, 0], modelEntropy = [0.0, 0.0, 0.0], modelConfidence = [0.0, 0.0, 0.0]
01-13 00:37:43.480  4022  4212 D SnpeWhyDistractionNativ: Frame number: 162, processFrame: modelClass = [3, 0, 0], modelEntropy = [1.0307621, 0.0, 0.0], modelConfidence = [0.52125865, 0.0, 0.0]
01-13 00:37:43.559  4022  4212 D SnpeWhyDistractionNativ: Frame number: 163, processFrame: modelClass = [-99, 0, 0], modelEntropy = [0.0, 0.0, 0.0], modelConfidence = [0.0, 0.0, 0.0]
01-13 00:37:43.648  4022  4212 D SnpeWhyDistractionNativ: Frame number: 164, processFrame: modelClass = [-99, 0, 0], modelEntropy = [0.0, 0.0, 0.0], modelConfidence = [0.0, 0.0, 0.0]
01-13 00:37:43.784  4022  4212 D SnpeWhyDistractionNativ: Frame number: 165, processFrame: modelClass = [3, 0, 0], modelEntropy = [0.87776446, 0.0, 0.0], modelConfidence = [0.66952294, 0.0, 0.0]
01-13 00:37:43.875  4022  4212 D SnpeWhyDistractionNativ: Frame number: 166, processFrame: modelClass = [-99, 0, 0], modelEntropy = [0.0, 0.0, 0.0], modelConfidence = [0.0, 0.0, 0.0]
01-13 00:37:43.945  4022  4212 D SnpeWhyDistractionNativ: Frame number: 167, processFrame: modelClass = [-99, 0, 0], modelEntropy = [0.0, 0.0, 0.0], modelConfidence = [0.0, 0.0, 0.0]
01-13 00:37:44.072  4022  4212 D SnpeWhyDistractionNativ: Frame number: 168, processFrame: modelClass = [1, 0, 0], modelEntropy = [0.8729087, 0.0, 0.0], modelConfidence = [0.6745149, 0.0, 0.0]
01-13 00:37:44.152  4022  4212 D SnpeWhyDistractionNativ: Frame number: 169, processFrame: modelClass = [-99, 0, 0], modelEntropy = [0.0, 0.0, 0.0], modelConfidence = [0.0, 0.0, 0.0]
01-13 00:37:44.242  4022  4212 D SnpeWhyDistractionNativ: Frame number: 170, processFrame: modelClass = [-99, 0, 0], modelEntropy = [0.0, 0.0, 0.0], modelConfidence = [0.0, 0.0, 0.0]
01-13 00:37:44.381  4022  4212 D SnpeWhyDistractionNativ: Frame number: 171, processFrame: modelClass = [3, 0, 0], modelEntropy = [1.0474043, 0.0, 0.0], modelConfidence = [0.5048326, 0.0, 0.0]
01-13 00:37:44.462  4022  4212 D SnpeWhyDistractionNativ: Frame number: 172, processFrame: modelClass = [-99, 0, 0], modelEntropy = [0.0, 0.0, 0.0], modelConfidence = [0.0, 0.0, 0.0]
01-13 00:37:44.549  4022  4212 D SnpeWhyDistractionNativ: Frame number: 173, processFrame: modelClass = [-99, 0, 0], modelEntropy = [0.0, 0.0, 0.0], modelConfidence = [0.0, 0.0, 0.0]
01-13 00:37:44.661  4022  4212 D SnpeWhyDistractionNativ: Frame number: 174, processFrame: modelClass = [3, 0, 0], modelEntropy = [0.9895037, 0.0, 0.0], modelConfidence = [0.55529416, 0.0, 0.0]
01-13 00:37:44.755  4022  4212 D SnpeWhyDistractionNativ: Frame number: 175, processFrame: modelClass = [-99, 0, 0], modelEntropy = [0.0, 0.0, 0.0], modelConfidence = [0.0, 0.0, 0.0]
01-13 00:37:44.842  4022  4212 D SnpeWhyDistractionNativ: Frame number: 176, processFrame: modelClass = [-99, 0, 0], modelEntropy = [0.0, 0.0, 0.0], modelConfidence = [0.0, 0.0, 0.0]
01-13 00:37:44.991  4022  4212 D SnpeWhyDistractionNativ: Frame number: 177, processFrame: modelClass = [3, 0, 0], modelEntropy = [0.7428138, 0.0, 0.0], modelConfidence = [0.757318, 0.0, 0.0]
01-13 00:37:45.061  4022  4212 D SnpeWhyDistractionNativ: Frame number: 178, processFrame: modelClass = [-99, 0, 0], modelEntropy = [0.0, 0.0, 0.0], modelConfidence = [0.0, 0.0, 0.0]
01-13 00:37:45.146  4022  4212 D SnpeWhyDistractionNativ: Frame number: 179, processFrame: modelClass = [-99, 0, 0], modelEntropy = [0.0, 0.0, 0.0], modelConfidence = [0.0, 0.0, 0.0]
01-13 00:37:45.283  4022  4212 D SnpeWhyDistractionNativ: Frame number: 180, processFrame: modelClass = [3, 0, 0], modelEntropy = [0.7010614, 0.0, 0.0], modelConfidence = [0.78214073, 0.0, 0.0]
01-13 00:37:45.369  4022  4212 D SnpeWhyDistractionNativ: Frame number: 181, processFrame: modelClass = [-99, 0, 0], modelEntropy = [0.0, 0.0, 0.0], modelConfidence = [0.0, 0.0, 0.0]
01-13 00:37:45.440  4022  4212 D SnpeWhyDistractionNativ: Frame number: 182, processFrame: modelClass = [-99, 0, 0], modelEntropy = [0.0, 0.0, 0.0], modelConfidence = [0.0, 0.0, 0.0]
01-13 00:37:45.582  4022  4212 D SnpeWhyDistractionNativ: Frame number: 183, processFrame: modelClass = [3, 0, 0], modelEntropy = [0.8045852, 0.0, 0.0], modelConfidence = [0.72443485, 0.0, 0.0]
01-13 00:37:45.649  4022  4212 D SnpeWhyDistractionNativ: Frame number: 184, processFrame: modelClass = [-99, 0, 0], modelEntropy = [0.0, 0.0, 0.0], modelConfidence = [0.0, 0.0, 0.0]
01-13 00:37:45.743  4022  4212 D SnpeWhyDistractionNativ: Frame number: 185, processFrame: modelClass = [-99, 0, 0], modelEntropy = [0.0, 0.0, 0.0], modelConfidence = [0.0, 0.0, 0.0]
01-13 00:37:45.881  4022  4212 D SnpeWhyDistractionNativ: Frame number: 186, processFrame: modelClass = [1, 0, 0], modelEntropy = [0.9511666, 0.0, 0.0], modelConfidence = [0.59574246, 0.0, 0.0]
01-13 00:37:45.969  4022  4212 D SnpeWhyDistractionNativ: Frame number: 187, processFrame: modelClass = [-99, 0, 0], modelEntropy = [0.0, 0.0, 0.0], modelConfidence = [0.0, 0.0, 0.0]
01-13 00:37:46.045  4022  4212 D SnpeWhyDistractionNativ: Frame number: 188, processFrame: modelClass = [-99, 0, 0], modelEntropy = [0.0, 0.0, 0.0], modelConfidence = [0.0, 0.0, 0.0]
01-13 00:37:46.163  4022  4212 D SnpeWhyDistractionNativ: Frame number: 189, processFrame: modelClass = [3, 0, 0], modelEntropy = [0.9626259, 0.0, 0.0], modelConfidence = [0.6359307, 0.0, 0.0]
01-13 00:37:46.243  4022  4212 D SnpeWhyDistractionNativ: Frame number: 190, processFrame: modelClass = [-99, 0, 0], modelEntropy = [0.0, 0.0, 0.0], modelConfidence = [0.0, 0.0, 0.0]
01-13 00:37:46.344  4022  4212 D SnpeWhyDistractionNativ: Frame number: 191, processFrame: modelClass = [-99, 0, 0], modelEntropy = [0.0, 0.0, 0.0], modelConfidence = [0.0, 0.0, 0.0]
01-13 00:37:46.461  4022  4212 D SnpeWhyDistractionNativ: Frame number: 192, processFrame: modelClass = [3, 0, 0], modelEntropy = [0.81074196, 0.0, 0.0], modelConfidence = [0.7383427, 0.0, 0.0]
01-13 00:37:46.550  4022  4212 D SnpeWhyDistractionNativ: Frame number: 193, processFrame: modelClass = [-99, 0, 0], modelEntropy = [0.0, 0.0, 0.0], modelConfidence = [0.0, 0.0, 0.0]
01-13 00:37:46.643  4022  4212 D SnpeWhyDistractionNativ: Frame number: 194, processFrame: modelClass = [-99, 0, 0], modelEntropy = [0.0, 0.0, 0.0], modelConfidence = [0.0, 0.0, 0.0]
01-13 00:37:46.796  4022  4212 D SnpeWhyDistractionNativ: Frame number: 195, processFrame: modelClass = [3, 0, 0], modelEntropy = [0.79912156, 0.0, 0.0], modelConfidence = [0.70346636, 0.0, 0.0]
01-13 00:37:46.858  4022  4212 D SnpeWhyDistractionNativ: Frame number: 196, processFrame: modelClass = [-99, 0, 0], modelEntropy = [0.0, 0.0, 0.0], modelConfidence = [0.0, 0.0, 0.0]
01-13 00:37:46.948  4022  4212 D SnpeWhyDistractionNativ: Frame number: 197, processFrame: modelClass = [-99, 0, 0], modelEntropy = [0.0, 0.0, 0.0], modelConfidence = [0.0, 0.0, 0.0]
01-13 00:37:47.065  4022  4212 D SnpeWhyDistractionNativ: Frame number: 198, processFrame: modelClass = [3, 0, 0], modelEntropy = [0.74828, 0.0, 0.0], modelConfidence = [0.75481, 0.0, 0.0]
01-13 00:37:47.149  4022  4212 D SnpeWhyDistractionNativ: Frame number: 199, processFrame: modelClass = [-99, 0, 0], modelEntropy = [0.0, 0.0, 0.0], modelConfidence = [0.0, 0.0, 0.0]
01-13 00:37:47.250  4022  4212 D SnpeWhyDistractionNativ: Frame number: 200, processFrame: modelClass = [-99, 0, 0], modelEntropy = [0.0, 0.0, 0.0], modelConfidence = [0.0, 0.0, 0.0]
01-13 00:37:47.383  4022  4212 D SnpeWhyDistractionNativ: Frame number: 201, processFrame: modelClass = [3, 0, 0], modelEntropy = [0.7992252, 0.0, 0.0], modelConfidence = [0.7309766, 0.0, 0.0]
01-13 00:37:47.455  4022  4212 D SnpeWhyDistractionNativ: Frame number: 202, processFrame: modelClass = [-99, 0, 0], modelEntropy = [0.0, 0.0, 0.0], modelConfidence = [0.0, 0.0, 0.0]
01-13 00:37:47.547  4022  4212 D SnpeWhyDistractionNativ: Frame number: 203, processFrame: modelClass = [-99, 0, 0], modelEntropy = [0.0, 0.0, 0.0], modelConfidence = [0.0, 0.0, 0.0]
01-13 00:37:47.674  4022  4212 D SnpeWhyDistractionNativ: Frame number: 204, processFrame: modelClass = [3, 0, 0], modelEntropy = [1.0722839, 0.0, 0.0], modelConfidence = [0.45118582, 0.0, 0.0]
01-13 00:37:47.755  4022  4212 D SnpeWhyDistractionNativ: Frame number: 205, processFrame: modelClass = [-99, 0, 0], modelEntropy = [0.0, 0.0, 0.0], modelConfidence = [0.0, 0.0, 0.0]
01-13 00:37:47.845  4022  4212 D SnpeWhyDistractionNativ: Frame number: 206, processFrame: modelClass = [-99, 0, 0], modelEntropy = [0.0, 0.0, 0.0], modelConfidence = [0.0, 0.0, 0.0]
01-13 00:37:47.996  4022  4212 D SnpeWhyDistractionNativ: Frame number: 207, processFrame: modelClass = [3, 0, 0], modelEntropy = [1.0820172, 0.0, 0.0], modelConfidence = [0.505882, 0.0, 0.0]
01-13 00:37:48.069  4022  4212 D SnpeWhyDistractionNativ: Frame number: 208, processFrame: modelClass = [-99, 0, 0], modelEntropy = [0.0, 0.0, 0.0], modelConfidence = [0.0, 0.0, 0.0]
01-13 00:37:48.149  4022  4212 D SnpeWhyDistractionNativ: Frame number: 209, processFrame: modelClass = [-99, 0, 0], modelEntropy = [0.0, 0.0, 0.0], modelConfidence = [0.0, 0.0, 0.0]
01-13 00:37:48.267  4022  4212 D SnpeWhyDistractionNativ: Frame number: 210, processFrame: modelClass = [3, 0, 0], modelEntropy = [1.0964396, 0.0, 0.0], modelConfidence = [0.43321666, 0.0, 0.0]
01-13 00:37:48.353  4022  4212 D SnpeWhyDistractionNativ: Frame number: 211, processFrame: modelClass = [-99, 0, 0], modelEntropy = [0.0, 0.0, 0.0], modelConfidence = [0.0, 0.0, 0.0]
01-13 00:37:48.450  4022  4212 D SnpeWhyDistractionNativ: Frame number: 212, processFrame: modelClass = [-99, 0, 0], modelEntropy = [0.0, 0.0, 0.0], modelConfidence = [0.0, 0.0, 0.0]
01-13 00:37:48.597  4022  4212 D SnpeWhyDistractionNativ: Frame number: 213, processFrame: modelClass = [3, 0, 0], modelEntropy = [1.0822127, 0.0, 0.0], modelConfidence = [0.56538045, 0.0, 0.0]
01-13 00:37:48.658  4022  4212 D SnpeWhyDistractionNativ: Frame number: 214, processFrame: modelClass = [-99, 0, 0], modelEntropy = [0.0, 0.0, 0.0], modelConfidence = [0.0, 0.0, 0.0]
01-13 00:37:48.746  4022  4212 D SnpeWhyDistractionNativ: Frame number: 215, processFrame: modelClass = [-99, 0, 0], modelEntropy = [0.0, 0.0, 0.0], modelConfidence = [0.0, 0.0, 0.0]
01-13 00:37:48.884  4022  4212 D SnpeWhyDistractionNativ: Frame number: 216, processFrame: modelClass = [3, 0, 0], modelEntropy = [0.8480352, 0.0, 0.0], modelConfidence = [0.65378344, 0.0, 0.0]
01-13 00:37:48.967  4022  4212 D SnpeWhyDistractionNativ: Frame number: 217, processFrame: modelClass = [-99, 0, 0], modelEntropy = [0.0, 0.0, 0.0], modelConfidence = [0.0, 0.0, 0.0]
01-13 00:37:49.051  4022  4212 D SnpeWhyDistractionNativ: Frame number: 218, processFrame: modelClass = [-99, 0, 0], modelEntropy = [0.0, 0.0, 0.0], modelConfidence = [0.0, 0.0, 0.0]
01-13 00:37:49.196  4022  4212 D SnpeWhyDistractionNativ: Frame number: 219, processFrame: modelClass = [3, 0, 0], modelEntropy = [1.0471376, 0.0, 0.0], modelConfidence = [0.5493579, 0.0, 0.0]
01-13 00:37:49.274  4022  4212 D SnpeWhyDistractionNativ: Frame number: 220, processFrame: modelClass = [-99, 0, 0], modelEntropy = [0.0, 0.0, 0.0], modelConfidence = [0.0, 0.0, 0.0]
01-13 00:37:49.359  4022  4212 D SnpeWhyDistractionNativ: Frame number: 221, processFrame: modelClass = [-99, 0, 0], modelEntropy = [0.0, 0.0, 0.0], modelConfidence = [0.0, 0.0, 0.0]
01-13 00:37:49.471  4022  4212 D SnpeWhyDistractionNativ: Frame number: 222, processFrame: modelClass = [3, 0, 0], modelEntropy = [1.1289258, 0.0, 0.0], modelConfidence = [0.36762792, 0.0, 0.0]
01-13 00:37:49.569  4022  4212 D SnpeWhyDistractionNativ: Frame number: 223, processFrame: modelClass = [-99, 0, 0], modelEntropy = [0.0, 0.0, 0.0], modelConfidence = [0.0, 0.0, 0.0]
01-13 00:37:49.652  4022  4212 D SnpeWhyDistractionNativ: Frame number: 224, processFrame: modelClass = [-99, 0, 0], modelEntropy = [0.0, 0.0, 0.0], modelConfidence = [0.0, 0.0, 0.0]
01-13 00:37:49.774  4022  4212 D SnpeWhyDistractionNativ: Frame number: 225, processFrame: modelClass = [3, 0, 0], modelEntropy = [1.0674413, 0.0, 0.0], modelConfidence = [0.45135492, 0.0, 0.0]
01-13 00:37:49.870  4022  4212 D SnpeWhyDistractionNativ: Frame number: 226, processFrame: modelClass = [-99, 0, 0], modelEntropy = [0.0, 0.0, 0.0], modelConfidence = [0.0, 0.0, 0.0]
01-13 00:37:49.970  4022  4212 D SnpeWhyDistractionNativ: Frame number: 227, processFrame: modelClass = [-99, 0, 0], modelEntropy = [0.0, 0.0, 0.0], modelConfidence = [0.0, 0.0, 0.0]
01-13 00:37:50.066  4022  4212 D SnpeWhyDistractionNativ: Frame number: 228, processFrame: modelClass = [1, 0, 0], modelEntropy = [1.094634, 0.0, 0.0], modelConfidence = [0.3756913, 0.0, 0.0]
01-13 00:37:50.154  4022  4212 D SnpeWhyDistractionNativ: Frame number: 229, processFrame: modelClass = [-99, 0, 0], modelEntropy = [0.0, 0.0, 0.0], modelConfidence = [0.0, 0.0, 0.0]
01-13 00:37:50.252  4022  4212 D SnpeWhyDistractionNativ: Frame number: 230, processFrame: modelClass = [-99, 0, 0], modelEntropy = [0.0, 0.0, 0.0], modelConfidence = [0.0, 0.0, 0.0]
01-13 00:37:50.394  4022  4212 D SnpeWhyDistractionNativ: Frame number: 231, processFrame: modelClass = [3, 0, 0], modelEntropy = [0.9017422, 0.0, 0.0], modelConfidence = [0.58285284, 0.0, 0.0]
01-13 00:37:50.461  4022  4212 D SnpeWhyDistractionNativ: Frame number: 232, processFrame: modelClass = [-99, 0, 0], modelEntropy = [0.0, 0.0, 0.0], modelConfidence = [0.0, 0.0, 0.0]
01-13 00:37:50.568  4022  4212 D SnpeWhyDistractionNativ: Frame number: 233, processFrame: modelClass = [-99, 0, 0], modelEntropy = [0.0, 0.0, 0.0], modelConfidence = [0.0, 0.0, 0.0]
01-13 00:37:50.685  4022  4212 D SnpeWhyDistractionNativ: Frame number: 234, processFrame: modelClass = [3, 0, 0], modelEntropy = [1.0414848, 0.0, 0.0], modelConfidence = [0.43370986, 0.0, 0.0]
01-13 00:37:50.771  4022  4212 D SnpeWhyDistractionNativ: Frame number: 235, processFrame: modelClass = [-99, 0, 0], modelEntropy = [0.0, 0.0, 0.0], modelConfidence = [0.0, 0.0, 0.0]
01-13 00:37:50.850  4022  4212 D SnpeWhyDistractionNativ: Frame number: 236, processFrame: modelClass = [-99, 0, 0], modelEntropy = [0.0, 0.0, 0.0], modelConfidence = [0.0, 0.0, 0.0]
01-13 00:37:51.012  4022  4212 D SnpeWhyDistractionNativ: Frame number: 237, processFrame: modelClass = [3, 0, 0], modelEntropy = [1.0689131, 0.0, 0.0], modelConfidence = [0.45743284, 0.0, 0.0]
01-13 00:37:51.068  4022  4212 D SnpeWhyDistractionNativ: Frame number: 238, processFrame: modelClass = [-99, 0, 0], modelEntropy = [0.0, 0.0, 0.0], modelConfidence = [0.0, 0.0, 0.0]
01-13 00:37:51.154  4022  4212 D SnpeWhyDistractionNativ: Frame number: 239, processFrame: modelClass = [-99, 0, 0], modelEntropy = [0.0, 0.0, 0.0], modelConfidence = [0.0, 0.0, 0.0]
01-13 00:37:51.276  4022  4212 D SnpeWhyDistractionNativ: Frame number: 240, processFrame: modelClass = [3, 0, 0], modelEntropy = [1.0529811, 0.0, 0.0], modelConfidence = [0.48336875, 0.0, 0.0]
01-13 00:37:51.370  4022  4212 D SnpeWhyDistractionNativ: Frame number: 241, processFrame: modelClass = [-99, 0, 0], modelEntropy = [0.0, 0.0, 0.0], modelConfidence = [0.0, 0.0, 0.0]
01-13 00:37:51.452  4022  4212 D SnpeWhyDistractionNativ: Frame number: 242, processFrame: modelClass = [-99, 0, 0], modelEntropy = [0.0, 0.0, 0.0], modelConfidence = [0.0, 0.0, 0.0]
01-13 00:37:51.602  4022  4212 D SnpeWhyDistractionNativ: Frame number: 243, processFrame: modelClass = [3, 0, 0], modelEntropy = [0.96464604, 0.0, 0.0], modelConfidence = [0.57935417, 0.0, 0.0]
01-13 00:37:51.672  4022  4212 D SnpeWhyDistractionNativ: Frame number: 244, processFrame: modelClass = [-99, 0, 0], modelEntropy = [0.0, 0.0, 0.0], modelConfidence = [0.0, 0.0, 0.0]
01-13 00:37:51.762  4022  4212 D SnpeWhyDistractionNativ: Frame number: 245, processFrame: modelClass = [-99, 0, 0], modelEntropy = [0.0, 0.0, 0.0], modelConfidence = [0.0, 0.0, 0.0]
01-13 00:37:51.876  4022  4212 D SnpeWhyDistractionNativ: Frame number: 246, processFrame: modelClass = [3, 0, 0], modelEntropy = [0.9728582, 0.0, 0.0], modelConfidence = [0.5671352, 0.0, 0.0]
01-13 00:37:51.969  4022  4212 D SnpeWhyDistractionNativ: Frame number: 247, processFrame: modelClass = [-99, 0, 0], modelEntropy = [0.0, 0.0, 0.0], modelConfidence = [0.0, 0.0, 0.0]
01-13 00:37:52.058  4022  4212 D SnpeWhyDistractionNativ: Frame number: 248, processFrame: modelClass = [-99, 0, 0], modelEntropy = [0.0, 0.0, 0.0], modelConfidence = [0.0, 0.0, 0.0]
01-13 00:37:52.207  4022  4212 D SnpeWhyDistractionNativ: Frame number: 249, processFrame: modelClass = [3, 0, 0], modelEntropy = [0.9462926, 0.0, 0.0], modelConfidence = [0.5939292, 0.0, 0.0]
01-13 00:37:52.290  4022  4212 D SnpeWhyDistractionNativ: Frame number: 250, processFrame: modelClass = [-99, 0, 0], modelEntropy = [0.0, 0.0, 0.0], modelConfidence = [0.0, 0.0, 0.0]
01-13 00:37:52.374  4022  4212 D SnpeWhyDistractionNativ: Frame number: 251, processFrame: modelClass = [-99, 0, 0], modelEntropy = [0.0, 0.0, 0.0], modelConfidence = [0.0, 0.0, 0.0]
01-13 00:37:52.491  4022  4212 D SnpeWhyDistractionNativ: Frame number: 252, processFrame: modelClass = [3, 0, 0], modelEntropy = [0.6469967, 0.0, 0.0], modelConfidence = [0.7948412, 0.0, 0.0]
01-13 00:37:52.574  4022  4212 D SnpeWhyDistractionNativ: Frame number: 253, processFrame: modelClass = [-99, 0, 0], modelEntropy = [0.0, 0.0, 0.0], modelConfidence = [0.0, 0.0, 0.0]
01-13 00:37:52.660  4022  4212 D SnpeWhyDistractionNativ: Frame number: 254, processFrame: modelClass = [-99, 0, 0], modelEntropy = [0.0, 0.0, 0.0], modelConfidence = [0.0, 0.0, 0.0]
01-13 00:37:52.810  4022  4212 D SnpeWhyDistractionNativ: Frame number: 255, processFrame: modelClass = [3, 0, 0], modelEntropy = [0.8263771, 0.0, 0.0], modelConfidence = [0.72441, 0.0, 0.0]
01-13 00:37:52.875  4022  4212 D SnpeWhyDistractionNativ: Frame number: 256, processFrame: modelClass = [-99, 0, 0], modelEntropy = [0.0, 0.0, 0.0], modelConfidence = [0.0, 0.0, 0.0]
01-13 00:37:52.967  4022  4212 D SnpeWhyDistractionNativ: Frame number: 257, processFrame: modelClass = [-99, 0, 0], modelEntropy = [0.0, 0.0, 0.0], modelConfidence = [0.0, 0.0, 0.0]
01-13 00:37:53.093  4022  4212 D SnpeWhyDistractionNativ: Frame number: 258, processFrame: modelClass = [3, 0, 0], modelEntropy = [1.0240293, 0.0, 0.0], modelConfidence = [0.51362807, 0.0, 0.0]
01-13 00:37:53.178  4022  4212 D SnpeWhyDistractionNativ: Frame number: 259, processFrame: modelClass = [-99, 0, 0], modelEntropy = [0.0, 0.0, 0.0], modelConfidence = [0.0, 0.0, 0.0]
01-13 00:37:53.258  4022  4212 D SnpeWhyDistractionNativ: Frame number: 260, processFrame: modelClass = [-99, 0, 0], modelEntropy = [0.0, 0.0, 0.0], modelConfidence = [0.0, 0.0, 0.0]
01-13 00:37:53.392  4022  4212 D SnpeWhyDistractionNativ: Frame number: 261, processFrame: modelClass = [3, 0, 0], modelEntropy = [0.9002912, 0.0, 0.0], modelConfidence = [0.64967304, 0.0, 0.0]
01-13 00:37:53.474  4022  4212 D SnpeWhyDistractionNativ: Frame number: 262, processFrame: modelClass = [-99, 0, 0], modelEntropy = [0.0, 0.0, 0.0], modelConfidence = [0.0, 0.0, 0.0]
01-13 00:37:53.565  4022  4212 D SnpeWhyDistractionNativ: Frame number: 263, processFrame: modelClass = [-99, 0, 0], modelEntropy = [0.0, 0.0, 0.0], modelConfidence = [0.0, 0.0, 0.0]
01-13 00:37:53.702  4022  4212 D SnpeWhyDistractionNativ: Frame number: 264, processFrame: modelClass = [3, 0, 0], modelEntropy = [0.80366534, 0.0, 0.0], modelConfidence = [0.71230674, 0.0, 0.0]
01-13 00:37:53.775  4022  4212 D SnpeWhyDistractionNativ: Frame number: 265, processFrame: modelClass = [-99, 0, 0], modelEntropy = [0.0, 0.0, 0.0], modelConfidence = [0.0, 0.0, 0.0]
01-13 00:37:53.853  4022  4212 D SnpeWhyDistractionNativ: Frame number: 266, processFrame: modelClass = [-99, 0, 0], modelEntropy = [0.0, 0.0, 0.0], modelConfidence = [0.0, 0.0, 0.0]
01-13 00:37:54.004  4022  4212 D SnpeWhyDistractionNativ: Frame number: 267, processFrame: modelClass = [3, 0, 0], modelEntropy = [0.84190303, 0.0, 0.0], modelConfidence = [0.6962413, 0.0, 0.0]
01-13 00:37:54.085  4022  4212 D SnpeWhyDistractionNativ: Frame number: 268, processFrame: modelClass = [-99, 0, 0], modelEntropy = [0.0, 0.0, 0.0], modelConfidence = [0.0, 0.0, 0.0]
01-13 00:37:54.168  4022  4212 D SnpeWhyDistractionNativ: Frame number: 269, processFrame: modelClass = [-99, 0, 0], modelEntropy = [0.0, 0.0, 0.0], modelConfidence = [0.0, 0.0, 0.0]
01-13 00:37:54.306  4022  4212 D SnpeWhyDistractionNativ: Frame number: 270, processFrame: modelClass = [1, 0, 0], modelEntropy = [0.9248568, 0.0, 0.0], modelConfidence = [0.58075863, 0.0, 0.0]
01-13 00:37:54.386  4022  4212 D SnpeWhyDistractionNativ: Frame number: 271, processFrame: modelClass = [-99, 0, 0], modelEntropy = [0.0, 0.0, 0.0], modelConfidence = [0.0, 0.0, 0.0]
01-13 00:37:54.462  4022  4212 D SnpeWhyDistractionNativ: Frame number: 272, processFrame: modelClass = [-99, 0, 0], modelEntropy = [0.0, 0.0, 0.0], modelConfidence = [0.0, 0.0, 0.0]
01-13 00:37:54.597  4022  4212 D SnpeWhyDistractionNativ: Frame number: 273, processFrame: modelClass = [3, 0, 0], modelEntropy = [0.4348136, 0.0, 0.0], modelConfidence = [0.85501194, 0.0, 0.0]
01-13 00:37:54.666  4022  4212 D SnpeWhyDistractionNativ: Frame number: 274, processFrame: modelClass = [-99, 0, 0], modelEntropy = [0.0, 0.0, 0.0], modelConfidence = [0.0, 0.0, 0.0]
01-13 00:37:54.765  4022  4212 D SnpeWhyDistractionNativ: Frame number: 275, processFrame: modelClass = [-99, 0, 0], modelEntropy = [0.0, 0.0, 0.0], modelConfidence = [0.0, 0.0, 0.0]
01-13 00:37:54.899  4022  4212 D SnpeWhyDistractionNativ: Frame number: 276, processFrame: modelClass = [3, 0, 0], modelEntropy = [0.5112269, 0.0, 0.0], modelConfidence = [0.81507176, 0.0, 0.0]
01-13 00:37:54.975  4022  4212 D SnpeWhyDistractionNativ: Frame number: 277, processFrame: modelClass = [-99, 0, 0], modelEntropy = [0.0, 0.0, 0.0], modelConfidence = [0.0, 0.0, 0.0]
01-13 00:37:55.070  4022  4212 D SnpeWhyDistractionNativ: Frame number: 278, processFrame: modelClass = [-99, 0, 0], modelEntropy = [0.0, 0.0, 0.0], modelConfidence = [0.0, 0.0, 0.0]
01-13 00:37:55.210  4022  4212 D SnpeWhyDistractionNativ: Frame number: 279, processFrame: modelClass = [3, 0, 0], modelEntropy = [0.65397114, 0.0, 0.0], modelConfidence = [0.6873602, 0.0, 0.0]
01-13 00:37:55.272  4022  4212 D SnpeWhyDistractionNativ: Frame number: 280, processFrame: modelClass = [-99, 0, 0], modelEntropy = [0.0, 0.0, 0.0], modelConfidence = [0.0, 0.0, 0.0]
01-13 00:37:55.369  4022  4212 D SnpeWhyDistractionNativ: Frame number: 281, processFrame: modelClass = [-99, 0, 0], modelEntropy = [0.0, 0.0, 0.0], modelConfidence = [0.0, 0.0, 0.0]
01-13 00:37:55.483  4022  4212 D SnpeWhyDistractionNativ: Frame number: 282, processFrame: modelClass = [3, 0, 0], modelEntropy = [0.68647265, 0.0, 0.0], modelConfidence = [0.61188394, 0.0, 0.0]
01-13 00:37:55.572  4022  4212 D SnpeWhyDistractionNativ: Frame number: 283, processFrame: modelClass = [-99, 0, 0], modelEntropy = [0.0, 0.0, 0.0], modelConfidence = [0.0, 0.0, 0.0]
01-13 00:37:55.666  4022  4212 D SnpeWhyDistractionNativ: Frame number: 284, processFrame: modelClass = [-99, 0, 0], modelEntropy = [0.0, 0.0, 0.0], modelConfidence = [0.0, 0.0, 0.0]
01-13 00:37:55.805  4022  4212 D SnpeWhyDistractionNativ: Frame number: 285, processFrame: modelClass = [3, 0, 0], modelEntropy = [0.6781573, 0.0, 0.0], modelConfidence = [0.70646524, 0.0, 0.0]
01-13 00:37:55.875  4022  4212 D SnpeWhyDistractionNativ: Frame number: 286, processFrame: modelClass = [-99, 0, 0], modelEntropy = [0.0, 0.0, 0.0], modelConfidence = [0.0, 0.0, 0.0]
01-13 00:37:55.975  4022  4212 D SnpeWhyDistractionNativ: Frame number: 287, processFrame: modelClass = [-99, 0, 0], modelEntropy = [0.0, 0.0, 0.0], modelConfidence = [0.0, 0.0, 0.0]
01-13 00:37:56.107  4022  4212 D SnpeWhyDistractionNativ: Frame number: 288, processFrame: modelClass = [3, 0, 0], modelEntropy = [0.78309935, 0.0, 0.0], modelConfidence = [0.6558454, 0.0, 0.0]
01-13 00:37:56.183  4022  4212 D SnpeWhyDistractionNativ: Frame number: 289, processFrame: modelClass = [-99, 0, 0], modelEntropy = [0.0, 0.0, 0.0], modelConfidence = [0.0, 0.0, 0.0]
01-13 00:37:56.268  4022  4212 D SnpeWhyDistractionNativ: Frame number: 290, processFrame: modelClass = [-99, 0, 0], modelEntropy = [0.0, 0.0, 0.0], modelConfidence = [0.0, 0.0, 0.0]
01-13 00:37:56.387  4022  4212 D SnpeWhyDistractionNativ: Frame number: 291, processFrame: modelClass = [3, 0, 0], modelEntropy = [0.52950555, 0.0, 0.0], modelConfidence = [0.8138649, 0.0, 0.0]
01-13 00:37:56.474  4022  4212 D SnpeWhyDistractionNativ: Frame number: 292, processFrame: modelClass = [-99, 0, 0], modelEntropy = [0.0, 0.0, 0.0], modelConfidence = [0.0, 0.0, 0.0]
01-13 00:37:56.572  4022  4212 D SnpeWhyDistractionNativ: Frame number: 293, processFrame: modelClass = [-99, 0, 0], modelEntropy = [0.0, 0.0, 0.0], modelConfidence = [0.0, 0.0, 0.0]
01-13 00:37:56.704  4022  4212 D SnpeWhyDistractionNativ: Frame number: 294, processFrame: modelClass = [3, 0, 0], modelEntropy = [0.44609302, 0.0, 0.0], modelConfidence = [0.843861, 0.0, 0.0]
01-13 00:37:56.789  4022  4212 D SnpeWhyDistractionNativ: Frame number: 295, processFrame: modelClass = [-99, 0, 0], modelEntropy = [0.0, 0.0, 0.0], modelConfidence = [0.0, 0.0, 0.0]
01-13 00:37:56.871  4022  4212 D SnpeWhyDistractionNativ: Frame number: 296, processFrame: modelClass = [-99, 0, 0], modelEntropy = [0.0, 0.0, 0.0], modelConfidence = [0.0, 0.0, 0.0]
01-13 00:37:57.014  4022  4212 D SnpeWhyDistractionNativ: Frame number: 297, processFrame: modelClass = [3, 0, 0], modelEntropy = [0.95071596, 0.0, 0.0], modelConfidence = [0.5415038, 0.0, 0.0]
01-13 00:37:57.111  4022  4212 D SnpeWhyDistractionNativ: Frame number: 298, processFrame: modelClass = [-99, 0, 0], modelEntropy = [0.0, 0.0, 0.0], modelConfidence = [0.0, 0.0, 0.0]
01-13 00:37:57.186  4022  4212 D SnpeWhyDistractionNativ: Frame number: 299, processFrame: modelClass = [-99, 0, 0], modelEntropy = [0.0, 0.0, 0.0], modelConfidence = [0.0, 0.0, 0.0]
01-13 00:37:57.293  4022  4212 D SnpeWhyDistractionNativ: Frame number: 300, processFrame: modelClass = [3, 0, 0], modelEntropy = [0.9148804, 0.0, 0.0], modelConfidence = [0.627349, 0.0, 0.0]
01-13 00:37:57.393  4022  4212 D SnpeWhyDistractionNativ: Frame number: 301, processFrame: modelClass = [-99, 0, 0], modelEntropy = [0.0, 0.0, 0.0], modelConfidence = [0.0, 0.0, 0.0]
01-13 00:37:57.498  4022  4212 D SnpeWhyDistractionNativ: Frame number: 302, processFrame: modelClass = [-99, 0, 0], modelEntropy = [0.0, 0.0, 0.0], modelConfidence = [0.0, 0.0, 0.0]
01-13 00:37:57.595  4022  4212 D SnpeWhyDistractionNativ: Frame number: 303, processFrame: modelClass = [3, 0, 0], modelEntropy = [0.61505973, 0.0, 0.0], modelConfidence = [0.81055635, 0.0, 0.0]
01-13 00:37:57.679  4022  4212 D SnpeWhyDistractionNativ: Frame number: 304, processFrame: modelClass = [-99, 0, 0], modelEntropy = [0.0, 0.0, 0.0], modelConfidence = [0.0, 0.0, 0.0]
01-13 00:37:57.774  4022  4212 D SnpeWhyDistractionNativ: Frame number: 305, processFrame: modelClass = [-99, 0, 0], modelEntropy = [0.0, 0.0, 0.0], modelConfidence = [0.0, 0.0, 0.0]
01-13 00:37:57.891  4022  4212 D SnpeWhyDistractionNativ: Frame number: 306, processFrame: modelClass = [3, 0, 0], modelEntropy = [0.77116853, 0.0, 0.0], modelConfidence = [0.6774459, 0.0, 0.0]
01-13 00:37:57.972  4022  4212 D SnpeWhyDistractionNativ: Frame number: 307, processFrame: modelClass = [-99, 0, 0], modelEntropy = [0.0, 0.0, 0.0], modelConfidence = [0.0, 0.0, 0.0]
01-13 00:37:58.072  4022  4212 D SnpeWhyDistractionNativ: Frame number: 308, processFrame: modelClass = [-99, 0, 0], modelEntropy = [0.0, 0.0, 0.0], modelConfidence = [0.0, 0.0, 0.0]
01-13 00:37:58.197  4022  4212 D SnpeWhyDistractionNativ: Frame number: 309, processFrame: modelClass = [3, 0, 0], modelEntropy = [0.64775103, 0.0, 0.0], modelConfidence = [0.7449914, 0.0, 0.0]
01-13 00:37:58.285  4022  4212 D SnpeWhyDistractionNativ: Frame number: 310, processFrame: modelClass = [-99, 0, 0], modelEntropy = [0.0, 0.0, 0.0], modelConfidence = [0.0, 0.0, 0.0]
01-13 00:37:58.392  4022  4212 D SnpeWhyDistractionNativ: Frame number: 311, processFrame: modelClass = [-99, 0, 0], modelEntropy = [0.0, 0.0, 0.0], modelConfidence = [0.0, 0.0, 0.0]
01-13 00:37:58.516  4022  4212 D SnpeWhyDistractionNativ: Frame number: 312, processFrame: modelClass = [3, 0, 0], modelEntropy = [0.69661415, 0.0, 0.0], modelConfidence = [0.6988203, 0.0, 0.0]
01-13 00:37:58.584  4022  4212 D SnpeWhyDistractionNativ: Frame number: 313, processFrame: modelClass = [-99, 0, 0], modelEntropy = [0.0, 0.0, 0.0], modelConfidence = [0.0, 0.0, 0.0]
01-13 00:37:58.670  4022  4212 D SnpeWhyDistractionNativ: Frame number: 314, processFrame: modelClass = [-99, 0, 0], modelEntropy = [0.0, 0.0, 0.0], modelConfidence = [0.0, 0.0, 0.0]
01-13 00:37:58.815  4022  4212 D SnpeWhyDistractionNativ: Frame number: 315, processFrame: modelClass = [3, 0, 0], modelEntropy = [0.58738977, 0.0, 0.0], modelConfidence = [0.8223502, 0.0, 0.0]
01-13 00:37:58.884  4022  4212 D SnpeWhyDistractionNativ: Frame number: 316, processFrame: modelClass = [-99, 0, 0], modelEntropy = [0.0, 0.0, 0.0], modelConfidence = [0.0, 0.0, 0.0]
01-13 00:37:58.975  4022  4212 D SnpeWhyDistractionNativ: Frame number: 317, processFrame: modelClass = [-99, 0, 0], modelEntropy = [0.0, 0.0, 0.0], modelConfidence = [0.0, 0.0, 0.0]
01-13 00:37:59.105  4022  4212 D SnpeWhyDistractionNativ: Frame number: 318, processFrame: modelClass = [3, 0, 0], modelEntropy = [0.9574931, 0.0, 0.0], modelConfidence = [0.5676792, 0.0, 0.0]
01-13 00:37:59.178  4022  4212 D SnpeWhyDistractionNativ: Frame number: 319, processFrame: modelClass = [-99, 0, 0], modelEntropy = [0.0, 0.0, 0.0], modelConfidence = [0.0, 0.0, 0.0]
01-13 00:37:59.280  4022  4212 D SnpeWhyDistractionNativ: Frame number: 320, processFrame: modelClass = [-99, 0, 0], modelEntropy = [0.0, 0.0, 0.0], modelConfidence = [0.0, 0.0, 0.0]
01-13 00:37:59.399  4022  4212 D SnpeWhyDistractionNativ: Frame number: 321, processFrame: modelClass = [3, 0, 0], modelEntropy = [0.65262365, 0.0, 0.0], modelConfidence = [0.7726768, 0.0, 0.0]
01-13 00:37:59.477  4022  4212 D SnpeWhyDistractionNativ: Frame number: 322, processFrame: modelClass = [-99, 0, 0], modelEntropy = [0.0, 0.0, 0.0], modelConfidence = [0.0, 0.0, 0.0]
01-13 00:37:59.584  4022  4212 D SnpeWhyDistractionNativ: Frame number: 323, processFrame: modelClass = [-99, 0, 0], modelEntropy = [0.0, 0.0, 0.0], modelConfidence = [0.0, 0.0, 0.0]
01-13 00:37:59.711  4022  4212 D SnpeWhyDistractionNativ: Frame number: 324, processFrame: modelClass = [3, 0, 0], modelEntropy = [0.83472, 0.0, 0.0], modelConfidence = [0.542598, 0.0, 0.0]
01-13 00:37:59.785  4022  4212 D SnpeWhyDistractionNativ: Frame number: 325, processFrame: modelClass = [-99, 0, 0], modelEntropy = [0.0, 0.0, 0.0], modelConfidence = [0.0, 0.0, 0.0]
01-13 00:37:59.879  4022  4212 D SnpeWhyDistractionNativ: Frame number: 326, processFrame: modelClass = [-99, 0, 0], modelEntropy = [0.0, 0.0, 0.0], modelConfidence = [0.0, 0.0, 0.0]
01-13 00:38:00.024  4022  4212 D SnpeWhyDistractionNativ: Frame number: 327, processFrame: modelClass = [3, 0, 0], modelEntropy = [0.67796135, 0.0, 0.0], modelConfidence = [0.70661044, 0.0, 0.0]
01-13 00:38:00.084  4022  4212 D SnpeWhyDistractionNativ: Frame number: 328, processFrame: modelClass = [-99, 0, 0], modelEntropy = [0.0, 0.0, 0.0], modelConfidence = [0.0, 0.0, 0.0]
01-13 00:38:00.190  4022  4212 D SnpeWhyDistractionNativ: Frame number: 329, processFrame: modelClass = [-99, 0, 0], modelEntropy = [0.0, 0.0, 0.0], modelConfidence = [0.0, 0.0, 0.0]
01-13 00:38:00.320  4022  4212 D SnpeWhyDistractionNativ: Frame number: 330, processFrame: modelClass = [3, 0, 0], modelEntropy = [0.7669095, 0.0, 0.0], modelConfidence = [0.5341386, 0.0, 0.0]
01-13 00:38:00.398  4022  4212 D SnpeWhyDistractionNativ: Frame number: 331, processFrame: modelClass = [-99, 0, 0], modelEntropy = [0.0, 0.0, 0.0], modelConfidence = [0.0, 0.0, 0.0]
01-13 00:38:00.478  4022  4212 D SnpeWhyDistractionNativ: Frame number: 332, processFrame: modelClass = [-99, 0, 0], modelEntropy = [0.0, 0.0, 0.0], modelConfidence = [0.0, 0.0, 0.0]
01-13 00:38:00.618  4022  4212 D SnpeWhyDistractionNativ: Frame number: 333, processFrame: modelClass = [3, 0, 0], modelEntropy = [0.5885673, 0.0, 0.0], modelConfidence = [0.78973484, 0.0, 0.0]
01-13 00:38:00.679  4022  4212 D SnpeWhyDistractionNativ: Frame number: 334, processFrame: modelClass = [-99, 0, 0], modelEntropy = [0.0, 0.0, 0.0], modelConfidence = [0.0, 0.0, 0.0]
01-13 00:38:00.784  4022  4212 D SnpeWhyDistractionNativ: Frame number: 335, processFrame: modelClass = [-99, 0, 0], modelEntropy = [0.0, 0.0, 0.0], modelConfidence = [0.0, 0.0, 0.0]
01-13 00:38:00.914  4022  4212 D SnpeWhyDistractionNativ: Frame number: 336, processFrame: modelClass = [3, 0, 0], modelEntropy = [0.80057746, 0.0, 0.0], modelConfidence = [0.64034605, 0.0, 0.0]
01-13 00:38:00.999  4022  4212 D SnpeWhyDistractionNativ: Frame number: 337, processFrame: modelClass = [-99, 0, 0], modelEntropy = [0.0, 0.0, 0.0], modelConfidence = [0.0, 0.0, 0.0]
01-13 00:38:01.077  4022  4212 D SnpeWhyDistractionNativ: Frame number: 338, processFrame: modelClass = [-99, 0, 0], modelEntropy = [0.0, 0.0, 0.0], modelConfidence = [0.0, 0.0, 0.0]
01-13 00:38:01.200  4022  4212 D SnpeWhyDistractionNativ: Frame number: 339, processFrame: modelClass = [3, 0, 0], modelEntropy = [0.8547834, 0.0, 0.0], modelConfidence = [0.6688604, 0.0, 0.0]
01-13 00:38:01.280  4022  4212 D SnpeWhyDistractionNativ: Frame number: 340, processFrame: modelClass = [-99, 0, 0], modelEntropy = [0.0, 0.0, 0.0], modelConfidence = [0.0, 0.0, 0.0]
01-13 00:38:01.385  4022  4212 D SnpeWhyDistractionNativ: Frame number: 341, processFrame: modelClass = [-99, 0, 0], modelEntropy = [0.0, 0.0, 0.0], modelConfidence = [0.0, 0.0, 0.0]
01-13 00:38:01.494  4022  4212 D SnpeWhyDistractionNativ: Frame number: 342, processFrame: modelClass = [3, 0, 0], modelEntropy = [0.7847049, 0.0, 0.0], modelConfidence = [0.666741, 0.0, 0.0]
01-13 00:38:01.585  4022  4212 D SnpeWhyDistractionNativ: Frame number: 343, processFrame: modelClass = [-99, 0, 0], modelEntropy = [0.0, 0.0, 0.0], modelConfidence = [0.0, 0.0, 0.0]
01-13 00:38:01.680  4022  4212 D SnpeWhyDistractionNativ: Frame number: 344, processFrame: modelClass = [-99, 0, 0], modelEntropy = [0.0, 0.0, 0.0], modelConfidence = [0.0, 0.0, 0.0]
01-13 00:38:01.803  4022  4212 D SnpeWhyDistractionNativ: Frame number: 345, processFrame: modelClass = [3, 0, 0], modelEntropy = [0.7715939, 0.0, 0.0], modelConfidence = [0.76442015, 0.0, 0.0]
01-13 00:38:01.880  4022  4212 D SnpeWhyDistractionNativ: Frame number: 346, processFrame: modelClass = [-99, 0, 0], modelEntropy = [0.0, 0.0, 0.0], modelConfidence = [0.0, 0.0, 0.0]
01-13 00:38:01.985  4022  4212 D SnpeWhyDistractionNativ: Frame number: 347, processFrame: modelClass = [-99, 0, 0], modelEntropy = [0.0, 0.0, 0.0], modelConfidence = [0.0, 0.0, 0.0]
01-13 00:38:02.102  4022  4212 D SnpeWhyDistractionNativ: Frame number: 348, processFrame: modelClass = [3, 0, 0], modelEntropy = [0.733924, 0.0, 0.0], modelConfidence = [0.60438883, 0.0, 0.0]
01-13 00:38:02.184  4022  4212 D SnpeWhyDistractionNativ: Frame number: 349, processFrame: modelClass = [-99, 0, 0], modelEntropy = [0.0, 0.0, 0.0], modelConfidence = [0.0, 0.0, 0.0]
01-13 00:38:02.278  4022  4212 D SnpeWhyDistractionNativ: Frame number: 350, processFrame: modelClass = [-99, 0, 0], modelEntropy = [0.0, 0.0, 0.0], modelConfidence = [0.0, 0.0, 0.0]
01-13 00:38:02.434  4022  4212 D SnpeWhyDistractionNativ: Frame number: 351, processFrame: modelClass = [3, 0, 0], modelEntropy = [0.46170115, 0.0, 0.0], modelConfidence = [0.8693409, 0.0, 0.0]
01-13 00:38:02.512  4022  4212 D SnpeWhyDistractionNativ: Frame number: 352, processFrame: modelClass = [-99, 0, 0], modelEntropy = [0.0, 0.0, 0.0], modelConfidence = [0.0, 0.0, 0.0]
01-13 00:38:02.590  4022  4212 D SnpeWhyDistractionNativ: Frame number: 353, processFrame: modelClass = [-99, 0, 0], modelEntropy = [0.0, 0.0, 0.0], modelConfidence = [0.0, 0.0, 0.0]
01-13 00:38:02.695  4022  4212 D SnpeWhyDistractionNativ: Frame number: 354, processFrame: modelClass = [3, 0, 0], modelEntropy = [0.95550954, 0.0, 0.0], modelConfidence = [0.5605085, 0.0, 0.0]
01-13 00:38:02.787  4022  4212 D SnpeWhyDistractionNativ: Frame number: 355, processFrame: modelClass = [-99, 0, 0], modelEntropy = [0.0, 0.0, 0.0], modelConfidence = [0.0, 0.0, 0.0]
01-13 00:38:02.878  4022  4212 D SnpeWhyDistractionNativ: Frame number: 356, processFrame: modelClass = [-99, 0, 0], modelEntropy = [0.0, 0.0, 0.0], modelConfidence = [0.0, 0.0, 0.0]
01-13 00:38:03.018  4022  4212 D SnpeWhyDistractionNativ: Frame number: 357, processFrame: modelClass = [3, 0, 0], modelEntropy = [1.0390593, 0.0, 0.0], modelConfidence = [0.553805, 0.0, 0.0]
01-13 00:38:03.088  4022  4212 D SnpeWhyDistractionNativ: Frame number: 358, processFrame: modelClass = [-99, 0, 0], modelEntropy = [0.0, 0.0, 0.0], modelConfidence = [0.0, 0.0, 0.0]
01-13 00:38:03.193  4022  4212 D SnpeWhyDistractionNativ: Frame number: 359, processFrame: modelClass = [-99, 0, 0], modelEntropy = [0.0, 0.0, 0.0], modelConfidence = [0.0, 0.0, 0.0]
01-13 00:38:03.303  4022  4212 D SnpeWhyDistractionNativ: Frame number: 360, processFrame: modelClass = [3, 0, 0], modelEntropy = [0.93966204, 0.0, 0.0], modelConfidence = [0.6092523, 0.0, 0.0]
01-13 00:38:03.392  4022  4212 D SnpeWhyDistractionNativ: Frame number: 361, processFrame: modelClass = [-99, 0, 0], modelEntropy = [0.0, 0.0, 0.0], modelConfidence = [0.0, 0.0, 0.0]
01-13 00:38:03.490  4022  4212 D SnpeWhyDistractionNativ: Frame number: 362, processFrame: modelClass = [-99, 0, 0], modelEntropy = [0.0, 0.0, 0.0], modelConfidence = [0.0, 0.0, 0.0]
01-13 00:38:03.633  4022  4212 D SnpeWhyDistractionNativ: Frame number: 363, processFrame: modelClass = [3, 0, 0], modelEntropy = [0.8980049, 0.0, 0.0], modelConfidence = [0.65967363, 0.0, 0.0]
01-13 00:38:03.708  4022  4212 D SnpeWhyDistractionNativ: Frame number: 364, processFrame: modelClass = [-99, 0, 0], modelEntropy = [0.0, 0.0, 0.0], modelConfidence = [0.0, 0.0, 0.0]
01-13 00:38:03.799  4022  4212 D SnpeWhyDistractionNativ: Frame number: 365, processFrame: modelClass = [-99, 0, 0], modelEntropy = [0.0, 0.0, 0.0], modelConfidence = [0.0, 0.0, 0.0]
01-13 00:38:03.900  4022  4212 D SnpeWhyDistractionNativ: Frame number: 366, processFrame: modelClass = [3, 0, 0], modelEntropy = [0.7734464, 0.0, 0.0], modelConfidence = [0.7119745, 0.0, 0.0]
01-13 00:38:03.985  4022  4212 D SnpeWhyDistractionNativ: Frame number: 367, processFrame: modelClass = [-99, 0, 0], modelEntropy = [0.0, 0.0, 0.0], modelConfidence = [0.0, 0.0, 0.0]
01-13 00:38:04.090  4022  4212 D SnpeWhyDistractionNativ: Frame number: 368, processFrame: modelClass = [-99, 0, 0], modelEntropy = [0.0, 0.0, 0.0], modelConfidence = [0.0, 0.0, 0.0]
01-13 00:38:04.226  4022  4212 D SnpeWhyDistractionNativ: Frame number: 369, processFrame: modelClass = [3, 0, 0], modelEntropy = [0.86135083, 0.0, 0.0], modelConfidence = [0.6022177, 0.0, 0.0]
01-13 00:38:04.307  4022  4212 D SnpeWhyDistractionNativ: Frame number: 370, processFrame: modelClass = [-99, 0, 0], modelEntropy = [0.0, 0.0, 0.0], modelConfidence = [0.0, 0.0, 0.0]
01-13 00:38:04.383  4022  4212 D SnpeWhyDistractionNativ: Frame number: 371, processFrame: modelClass = [-99, 0, 0], modelEntropy = [0.0, 0.0, 0.0], modelConfidence = [0.0, 0.0, 0.0]
01-13 00:38:04.529  4022  4212 D SnpeWhyDistractionNativ: Frame number: 372, processFrame: modelClass = [3, 0, 0], modelEntropy = [1.1349443, 0.0, 0.0], modelConfidence = [0.57014513, 0.0, 0.0]
01-13 00:38:04.616  4022  4212 D SnpeWhyDistractionNativ: Frame number: 373, processFrame: modelClass = [-99, 0, 0], modelEntropy = [0.0, 0.0, 0.0], modelConfidence = [0.0, 0.0, 0.0]
01-13 00:38:04.687  4022  4212 D SnpeWhyDistractionNativ: Frame number: 374, processFrame: modelClass = [-99, 0, 0], modelEntropy = [0.0, 0.0, 0.0], modelConfidence = [0.0, 0.0, 0.0]
01-13 00:38:04.838  4022  4212 D SnpeWhyDistractionNativ: Frame number: 375, processFrame: modelClass = [3, 0, 0], modelEntropy = [0.8555991, 0.0, 0.0], modelConfidence = [0.5242944, 0.0, 0.0]
01-13 00:38:04.911  4022  4212 D SnpeWhyDistractionNativ: Frame number: 376, processFrame: modelClass = [-99, 0, 0], modelEntropy = [0.0, 0.0, 0.0], modelConfidence = [0.0, 0.0, 0.0]
01-13 00:38:04.995  4022  4212 D SnpeWhyDistractionNativ: Frame number: 377, processFrame: modelClass = [-99, 0, 0], modelEntropy = [0.0, 0.0, 0.0], modelConfidence = [0.0, 0.0, 0.0]
01-13 00:38:05.100  4022  4212 D SnpeWhyDistractionNativ: Frame number: 378, processFrame: modelClass = [3, 0, 0], modelEntropy = [0.87130517, 0.0, 0.0], modelConfidence = [0.5551314, 0.0, 0.0]
01-13 00:38:05.197  4022  4212 D SnpeWhyDistractionNativ: Frame number: 379, processFrame: modelClass = [-99, 0, 0], modelEntropy = [0.0, 0.0, 0.0], modelConfidence = [0.0, 0.0, 0.0]
01-13 00:38:05.292  4022  4212 D SnpeWhyDistractionNativ: Frame number: 380, processFrame: modelClass = [-99, 0, 0], modelEntropy = [0.0, 0.0, 0.0], modelConfidence = [0.0, 0.0, 0.0]
01-13 00:38:05.432  4022  4212 D SnpeWhyDistractionNativ: Frame number: 381, processFrame: modelClass = [3, 0, 0], modelEntropy = [0.7210071, 0.0, 0.0], modelConfidence = [0.743299, 0.0, 0.0]
01-13 00:38:05.494  4022  4212 D SnpeWhyDistractionNativ: Frame number: 382, processFrame: modelClass = [-99, 0, 0], modelEntropy = [0.0, 0.0, 0.0], modelConfidence = [0.0, 0.0, 0.0]
01-13 00:38:05.584  4022  4212 D SnpeWhyDistractionNativ: Frame number: 383, processFrame: modelClass = [-99, 0, 0], modelEntropy = [0.0, 0.0, 0.0], modelConfidence = [0.0, 0.0, 0.0]
01-13 00:38:05.712  4022  4212 D SnpeWhyDistractionNativ: Frame number: 384, processFrame: modelClass = [3, 0, 0], modelEntropy = [0.77601206, 0.0, 0.0], modelConfidence = [0.6780939, 0.0, 0.0]
01-13 00:38:05.810  4022  4212 D SnpeWhyDistractionNativ: Frame number: 385, processFrame: modelClass = [-99, 0, 0], modelEntropy = [0.0, 0.0, 0.0], modelConfidence = [0.0, 0.0, 0.0]
01-13 00:38:05.887  4022  4212 D SnpeWhyDistractionNativ: Frame number: 386, processFrame: modelClass = [-99, 0, 0], modelEntropy = [0.0, 0.0, 0.0], modelConfidence = [0.0, 0.0, 0.0]
01-13 00:38:06.029  4022  4212 D SnpeWhyDistractionNativ: Frame number: 387, processFrame: modelClass = [3, 0, 0], modelEntropy = [0.73951596, 0.0, 0.0], modelConfidence = [0.6740365, 0.0, 0.0]
01-13 00:38:06.106  4022  4212 D SnpeWhyDistractionNativ: Frame number: 388, processFrame: modelClass = [-99, 0, 0], modelEntropy = [0.0, 0.0, 0.0], modelConfidence = [0.0, 0.0, 0.0]
01-13 00:38:06.195  4022  4212 D SnpeWhyDistractionNativ: Frame number: 389, processFrame: modelClass = [-99, 0, 0], modelEntropy = [0.0, 0.0, 0.0], modelConfidence = [0.0, 0.0, 0.0]
01-13 00:38:06.311  4022  4212 D SnpeWhyDistractionNativ: Frame number: 390, processFrame: modelClass = [3, 0, 0], modelEntropy = [1.0055944, 0.0, 0.0], modelConfidence = [0.5668348, 0.0, 0.0]
01-13 00:38:06.402  4022  4212 D SnpeWhyDistractionNativ: Frame number: 391, processFrame: modelClass = [-99, 0, 0], modelEntropy = [0.0, 0.0, 0.0], modelConfidence = [0.0, 0.0, 0.0]
01-13 00:38:06.488  4022  4212 D SnpeWhyDistractionNativ: Frame number: 392, processFrame: modelClass = [-99, 0, 0], modelEntropy = [0.0, 0.0, 0.0], modelConfidence = [0.0, 0.0, 0.0]
01-13 00:38:06.637  4022  4212 D SnpeWhyDistractionNativ: Frame number: 393, processFrame: modelClass = [0, 0, 0], modelEntropy = [0.88826305, 0.0, 0.0], modelConfidence = [0.4986732, 0.0, 0.0]
01-13 00:38:06.693  4022  4212 D SnpeWhyDistractionNativ: Frame number: 394, processFrame: modelClass = [-99, 0, 0], modelEntropy = [0.0, 0.0, 0.0], modelConfidence = [0.0, 0.0, 0.0]
01-13 00:38:06.795  4022  4212 D SnpeWhyDistractionNativ: Frame number: 395, processFrame: modelClass = [-99, 0, 0], modelEntropy = [0.0, 0.0, 0.0], modelConfidence = [0.0, 0.0, 0.0]
01-13 00:38:06.928  4022  4212 D SnpeWhyDistractionNativ: Frame number: 396, processFrame: modelClass = [3, 0, 0], modelEntropy = [0.9521404, 0.0, 0.0], modelConfidence = [0.60560554, 0.0, 0.0]
01-13 00:38:07.015  4022  4212 D SnpeWhyDistractionNativ: Frame number: 397, processFrame: modelClass = [-99, 0, 0], modelEntropy = [0.0, 0.0, 0.0], modelConfidence = [0.0, 0.0, 0.0]
01-13 00:38:07.092  4022  4212 D SnpeWhyDistractionNativ: Frame number: 398, processFrame: modelClass = [-99, 0, 0], modelEntropy = [0.0, 0.0, 0.0], modelConfidence = [0.0, 0.0, 0.0]
01-13 00:38:07.240  4022  4212 D SnpeWhyDistractionNativ: Frame number: 399, processFrame: modelClass = [3, 0, 0], modelEntropy = [1.1031088, 0.0, 0.0], modelConfidence = [0.39055917, 0.0, 0.0]
01-13 00:38:07.315  4022  4212 D SnpeWhyDistractionNativ: Frame number: 400, processFrame: modelClass = [-99, 0, 0], modelEntropy = [0.0, 0.0, 0.0], modelConfidence = [0.0, 0.0, 0.0]
01-13 00:38:07.400  4022  4212 D SnpeWhyDistractionNativ: Frame number: 401, processFrame: modelClass = [-99, 0, 0], modelEntropy = [0.0, 0.0, 0.0], modelConfidence = [0.0, 0.0, 0.0]
01-13 00:38:07.508  4022  4212 D SnpeWhyDistractionNativ: Frame number: 402, processFrame: modelClass = [3, 0, 0], modelEntropy = [1.0306948, 0.0, 0.0], modelConfidence = [0.4914744, 0.0, 0.0]
01-13 00:38:07.603  4022  4212 D SnpeWhyDistractionNativ: Frame number: 403, processFrame: modelClass = [-99, 0, 0], modelEntropy = [0.0, 0.0, 0.0], modelConfidence = [0.0, 0.0, 0.0]
01-13 00:38:07.694  4022  4212 D SnpeWhyDistractionNativ: Frame number: 404, processFrame: modelClass = [-99, 0, 0], modelEntropy = [0.0, 0.0, 0.0], modelConfidence = [0.0, 0.0, 0.0]
01-13 00:38:07.838  4022  4212 D SnpeWhyDistractionNativ: Frame number: 405, processFrame: modelClass = [0, 0, 0], modelEntropy = [1.0892385, 0.0, 0.0], modelConfidence = [0.4158734, 0.0, 0.0]
01-13 00:38:07.900  4022  4212 D SnpeWhyDistractionNativ: Frame number: 406, processFrame: modelClass = [-99, 0, 0], modelEntropy = [0.0, 0.0, 0.0], modelConfidence = [0.0, 0.0, 0.0]
01-13 00:38:07.994  4022  4212 D SnpeWhyDistractionNativ: Frame number: 407, processFrame: modelClass = [-99, 0, 0], modelEntropy = [0.0, 0.0, 0.0], modelConfidence = [0.0, 0.0, 0.0]
01-13 00:38:08.113  4022  4212 D SnpeWhyDistractionNativ: Frame number: 408, processFrame: modelClass = [1, 0, 0], modelEntropy = [1.1041245, 0.0, 0.0], modelConfidence = [0.35839623, 0.0, 0.0]
01-13 00:38:08.206  4022  4212 D SnpeWhyDistractionNativ: Frame number: 409, processFrame: modelClass = [-99, 0, 0], modelEntropy = [0.0, 0.0, 0.0], modelConfidence = [0.0, 0.0, 0.0]
01-13 00:38:08.299  4022  4212 D SnpeWhyDistractionNativ: Frame number: 410, processFrame: modelClass = [-99, 0, 0], modelEntropy = [0.0, 0.0, 0.0], modelConfidence = [0.0, 0.0, 0.0]
01-13 00:38:08.439  4022  4212 D SnpeWhyDistractionNativ: Frame number: 411, processFrame: modelClass = [3, 0, 0], modelEntropy = [1.0426244, 0.0, 0.0], modelConfidence = [0.4744689, 0.0, 0.0]
01-13 00:38:08.512  4022  4212 D SnpeWhyDistractionNativ: Frame number: 412, processFrame: modelClass = [-99, 0, 0], modelEntropy = [0.0, 0.0, 0.0], modelConfidence = [0.0, 0.0, 0.0]
01-13 00:38:08.601  4022  4212 D SnpeWhyDistractionNativ: Frame number: 413, processFrame: modelClass = [-99, 0, 0], modelEntropy = [0.0, 0.0, 0.0], modelConfidence = [0.0, 0.0, 0.0]
01-13 00:38:08.714  4022  4212 D SnpeWhyDistractionNativ: Frame number: 414, processFrame: modelClass = [3, 0, 0], modelEntropy = [1.0881386, 0.0, 0.0], modelConfidence = [0.38142234, 0.0, 0.0]
01-13 00:38:08.806  4022  4212 D SnpeWhyDistractionNativ: Frame number: 415, processFrame: modelClass = [-99, 0, 0], modelEntropy = [0.0, 0.0, 0.0], modelConfidence = [0.0, 0.0, 0.0]
01-13 00:38:08.899  4022  4212 D SnpeWhyDistractionNativ: Frame number: 416, processFrame: modelClass = [-99, 0, 0], modelEntropy = [0.0, 0.0, 0.0], modelConfidence = [0.0, 0.0, 0.0]
01-13 00:38:09.033  4022  4212 D SnpeWhyDistractionNativ: Frame number: 417, processFrame: modelClass = [3, 0, 0], modelEntropy = [0.8699073, 0.0, 0.0], modelConfidence = [0.6654351, 0.0, 0.0]
01-13 00:38:09.112  4022  4212 D SnpeWhyDistractionNativ: Frame number: 418, processFrame: modelClass = [-99, 0, 0], modelEntropy = [0.0, 0.0, 0.0], modelConfidence = [0.0, 0.0, 0.0]
01-13 00:38:09.204  4022  4212 D SnpeWhyDistractionNativ: Frame number: 419, processFrame: modelClass = [-99, 0, 0], modelEntropy = [0.0, 0.0, 0.0], modelConfidence = [0.0, 0.0, 0.0]
01-13 00:38:09.315  4022  4212 D SnpeWhyDistractionNativ: Frame number: 420, processFrame: modelClass = [3, 0, 0], modelEntropy = [1.1152915, 0.0, 0.0], modelConfidence = [0.39559686, 0.0, 0.0]
01-13 00:38:09.403  4022  4212 D SnpeWhyDistractionNativ: Frame number: 421, processFrame: modelClass = [-99, 0, 0], modelEntropy = [0.0, 0.0, 0.0], modelConfidence = [0.0, 0.0, 0.0]
01-13 00:38:09.503  4022  4212 D SnpeWhyDistractionNativ: Frame number: 422, processFrame: modelClass = [-99, 0, 0], modelEntropy = [0.0, 0.0, 0.0], modelConfidence = [0.0, 0.0, 0.0]
01-13 00:38:09.637  4022  4212 D SnpeWhyDistractionNativ: Frame number: 423, processFrame: modelClass = [3, 0, 0], modelEntropy = [0.7960309, 0.0, 0.0], modelConfidence = [0.5559646, 0.0, 0.0]
01-13 00:38:09.705  4022  4212 D SnpeWhyDistractionNativ: Frame number: 424, processFrame: modelClass = [-99, 0, 0], modelEntropy = [0.0, 0.0, 0.0], modelConfidence = [0.0, 0.0, 0.0]
01-13 00:38:09.809  4022  4212 D SnpeWhyDistractionNativ: Frame number: 425, processFrame: modelClass = [-99, 0, 0], modelEntropy = [0.0, 0.0, 0.0], modelConfidence = [0.0, 0.0, 0.0]
01-13 00:38:09.943  4022  4212 D SnpeWhyDistractionNativ: Frame number: 426, processFrame: modelClass = [3, 0, 0], modelEntropy = [0.70667875, 0.0, 0.0], modelConfidence = [0.77980196, 0.0, 0.0]
01-13 00:38:10.027  4022  4212 D SnpeWhyDistractionNativ: Frame number: 427, processFrame: modelClass = [-99, 0, 0], modelEntropy = [0.0, 0.0, 0.0], modelConfidence = [0.0, 0.0, 0.0]
01-13 00:38:10.112  4022  4212 D SnpeWhyDistractionNativ: Frame number: 428, processFrame: modelClass = [-99, 0, 0], modelEntropy = [0.0, 0.0, 0.0], modelConfidence = [0.0, 0.0, 0.0]
01-13 00:38:10.232  4022  4212 D SnpeWhyDistractionNativ: Frame number: 429, processFrame: modelClass = [3, 0, 0], modelEntropy = [0.7427815, 0.0, 0.0], modelConfidence = [0.73538417, 0.0, 0.0]
01-13 00:38:10.310  4022  4212 D SnpeWhyDistractionNativ: Frame number: 430, processFrame: modelClass = [-99, 0, 0], modelEntropy = [0.0, 0.0, 0.0], modelConfidence = [0.0, 0.0, 0.0]
01-13 00:38:10.408  4022  4212 D SnpeWhyDistractionNativ: Frame number: 431, processFrame: modelClass = [-99, 0, 0], modelEntropy = [0.0, 0.0, 0.0], modelConfidence = [0.0, 0.0, 0.0]
01-13 00:38:10.521  4022  4212 D SnpeWhyDistractionNativ: Frame number: 432, processFrame: modelClass = [3, 0, 0], modelEntropy = [1.036463, 0.0, 0.0], modelConfidence = [0.49142, 0.0, 0.0]
01-13 00:38:10.612  4022  4212 D SnpeWhyDistractionNativ: Frame number: 433, processFrame: modelClass = [-99, 0, 0], modelEntropy = [0.0, 0.0, 0.0], modelConfidence = [0.0, 0.0, 0.0]
01-13 00:38:10.705  4022  4212 D SnpeWhyDistractionNativ: Frame number: 434, processFrame: modelClass = [-99, 0, 0], modelEntropy = [0.0, 0.0, 0.0], modelConfidence = [0.0, 0.0, 0.0]
01-13 00:38:10.840  4022  4212 D SnpeWhyDistractionNativ: Frame number: 435, processFrame: modelClass = [3, 0, 0], modelEntropy = [0.78892714, 0.0, 0.0], modelConfidence = [0.5136038, 0.0, 0.0]
01-13 00:38:10.906  4022  4212 D SnpeWhyDistractionNativ: Frame number: 436, processFrame: modelClass = [-99, 0, 0], modelEntropy = [0.0, 0.0, 0.0], modelConfidence = [0.0, 0.0, 0.0]
01-13 00:38:11.007  4022  4212 D SnpeWhyDistractionNativ: Frame number: 437, processFrame: modelClass = [-99, 0, 0], modelEntropy = [0.0, 0.0, 0.0], modelConfidence = [0.0, 0.0, 0.0]
01-13 00:38:11.145  4022  4212 D SnpeWhyDistractionNativ: Frame number: 438, processFrame: modelClass = [3, 0, 0], modelEntropy = [0.8524437, 0.0, 0.0], modelConfidence = [0.5819402, 0.0, 0.0]
01-13 00:38:11.224  4022  4212 D SnpeWhyDistractionNativ: Frame number: 439, processFrame: modelClass = [-99, 0, 0], modelEntropy = [0.0, 0.0, 0.0], modelConfidence = [0.0, 0.0, 0.0]
01-13 00:38:11.305  4022  4212 D SnpeWhyDistractionNativ: Frame number: 440, processFrame: modelClass = [-99, 0, 0], modelEntropy = [0.0, 0.0, 0.0], modelConfidence = [0.0, 0.0, 0.0]
01-13 00:38:11.444  4022  4212 D SnpeWhyDistractionNativ: Frame number: 441, processFrame: modelClass = [3, 0, 0], modelEntropy = [0.86843866, 0.0, 0.0], modelConfidence = [0.5935192, 0.0, 0.0]
01-13 00:38:11.509  4022  4212 D SnpeWhyDistractionNativ: Frame number: 442, processFrame: modelClass = [-99, 0, 0], modelEntropy = [0.0, 0.0, 0.0], modelConfidence = [0.0, 0.0, 0.0]
01-13 00:38:11.606  4022  4212 D SnpeWhyDistractionNativ: Frame number: 443, processFrame: modelClass = [-99, 0, 0], modelEntropy = [0.0, 0.0, 0.0], modelConfidence = [0.0, 0.0, 0.0]
01-13 00:38:11.719  4022  4212 D SnpeWhyDistractionNativ: Frame number: 444, processFrame: modelClass = [3, 0, 0], modelEntropy = [1.1417935, 0.0, 0.0], modelConfidence = [0.4125219, 0.0, 0.0]
01-13 00:38:11.811  4022  4212 D SnpeWhyDistractionNativ: Frame number: 445, processFrame: modelClass = [-99, 0, 0], modelEntropy = [0.0, 0.0, 0.0], modelConfidence = [0.0, 0.0, 0.0]
01-13 00:38:11.904  4022  4212 D SnpeWhyDistractionNativ: Frame number: 446, processFrame: modelClass = [-99, 0, 0], modelEntropy = [0.0, 0.0, 0.0], modelConfidence = [0.0, 0.0, 0.0]
01-13 00:38:12.034  4022  4212 D SnpeWhyDistractionNativ: Frame number: 447, processFrame: modelClass = [3, 0, 0], modelEntropy = [1.0352196, 0.0, 0.0], modelConfidence = [0.5589937, 0.0, 0.0]
01-13 00:38:12.105  4022  4212 D SnpeWhyDistractionNativ: Frame number: 448, processFrame: modelClass = [-99, 0, 0], modelEntropy = [0.0, 0.0, 0.0], modelConfidence = [0.0, 0.0, 0.0]
01-13 00:38:12.206  4022  4212 D SnpeWhyDistractionNativ: Frame number: 449, processFrame: modelClass = [-99, 0, 0], modelEntropy = [0.0, 0.0, 0.0], modelConfidence = [0.0, 0.0, 0.0]
01-13 00:38:12.323  4022  4212 D SnpeWhyDistractionNativ: Frame number: 450, processFrame: modelClass = [3, 0, 0], modelEntropy = [1.0839051, 0.0, 0.0], modelConfidence = [0.41919586, 0.0, 0.0]
01-13 00:38:12.411  4022  4212 D SnpeWhyDistractionNativ: Frame number: 451, processFrame: modelClass = [-99, 0, 0], modelEntropy = [0.0, 0.0, 0.0], modelConfidence = [0.0, 0.0, 0.0]
01-13 00:38:12.509  4022  4212 D SnpeWhyDistractionNativ: Frame number: 452, processFrame: modelClass = [-99, 0, 0], modelEntropy = [0.0, 0.0, 0.0], modelConfidence = [0.0, 0.0, 0.0]
01-13 00:38:12.628  4022  4212 D SnpeWhyDistractionNativ: Frame number: 453, processFrame: modelClass = [3, 0, 0], modelEntropy = [1.0736154, 0.0, 0.0], modelConfidence = [0.48020574, 0.0, 0.0]
01-13 00:38:12.711  4022  4212 D SnpeWhyDistractionNativ: Frame number: 454, processFrame: modelClass = [-99, 0, 0], modelEntropy = [0.0, 0.0, 0.0], modelConfidence = [0.0, 0.0, 0.0]
01-13 00:38:12.806  4022  4212 D SnpeWhyDistractionNativ: Frame number: 455, processFrame: modelClass = [-99, 0, 0], modelEntropy = [0.0, 0.0, 0.0], modelConfidence = [0.0, 0.0, 0.0]
01-13 00:38:12.921  4022  4212 D SnpeWhyDistractionNativ: Frame number: 456, processFrame: modelClass = [3, 0, 0], modelEntropy = [0.96744543, 0.0, 0.0], modelConfidence = [0.6124168, 0.0, 0.0]
01-13 00:38:13.012  4022  4212 D SnpeWhyDistractionNativ: Frame number: 457, processFrame: modelClass = [-99, 0, 0], modelEntropy = [0.0, 0.0, 0.0], modelConfidence = [0.0, 0.0, 0.0]
01-13 00:38:13.106  4022  4212 D SnpeWhyDistractionNativ: Frame number: 458, processFrame: modelClass = [-99, 0, 0], modelEntropy = [0.0, 0.0, 0.0], modelConfidence = [0.0, 0.0, 0.0]
01-13 00:38:13.244  4022  4212 D SnpeWhyDistractionNativ: Frame number: 459, processFrame: modelClass = [3, 0, 0], modelEntropy = [1.0301096, 0.0, 0.0], modelConfidence = [0.48878402, 0.0, 0.0]
01-13 00:38:13.317  4022  4212 D SnpeWhyDistractionNativ: Frame number: 460, processFrame: modelClass = [-99, 0, 0], modelEntropy = [0.0, 0.0, 0.0], modelConfidence = [0.0, 0.0, 0.0]
01-13 00:38:13.408  4022  4212 D SnpeWhyDistractionNativ: Frame number: 461, processFrame: modelClass = [-99, 0, 0], modelEntropy = [0.0, 0.0, 0.0], modelConfidence = [0.0, 0.0, 0.0]
01-13 00:38:13.535  4022  4212 D SnpeWhyDistractionNativ: Frame number: 462, processFrame: modelClass = [3, 0, 0], modelEntropy = [1.0896316, 0.0, 0.0], modelConfidence = [0.41288015, 0.0, 0.0]
01-13 00:38:13.609  4022  4212 D SnpeWhyDistractionNativ: Frame number: 463, processFrame: modelClass = [-99, 0, 0], modelEntropy = [0.0, 0.0, 0.0], modelConfidence = [0.0, 0.0, 0.0]
01-13 00:38:13.699  4022  4212 D SnpeWhyDistractionNativ: Frame number: 464, processFrame: modelClass = [-99, 0, 0], modelEntropy = [0.0, 0.0, 0.0], modelConfidence = [0.0, 0.0, 0.0]
01-13 00:38:13.839  4022  4212 D SnpeWhyDistractionNativ: Frame number: 465, processFrame: modelClass = [3, 0, 0], modelEntropy = [1.0968031, 0.0, 0.0], modelConfidence = [0.3655287, 0.0, 0.0]
01-13 00:38:13.912  4022  4212 D SnpeWhyDistractionNativ: Frame number: 466, processFrame: modelClass = [-99, 0, 0], modelEntropy = [0.0, 0.0, 0.0], modelConfidence = [0.0, 0.0, 0.0]
01-13 00:38:14.006  4022  4212 D SnpeWhyDistractionNativ: Frame number: 467, processFrame: modelClass = [-99, 0, 0], modelEntropy = [0.0, 0.0, 0.0], modelConfidence = [0.0, 0.0, 0.0]
01-13 00:38:14.127  4022  4212 D SnpeWhyDistractionNativ: Frame number: 468, processFrame: modelClass = [3, 0, 0], modelEntropy = [1.162724, 0.0, 0.0], modelConfidence = [0.43439448, 0.0, 0.0]
01-13 00:38:14.206  4022  4212 D SnpeWhyDistractionNativ: Frame number: 469, processFrame: modelClass = [-99, 0, 0], modelEntropy = [0.0, 0.0, 0.0], modelConfidence = [0.0, 0.0, 0.0]
01-13 00:38:14.303  4022  4212 D SnpeWhyDistractionNativ: Frame number: 470, processFrame: modelClass = [-99, 0, 0], modelEntropy = [0.0, 0.0, 0.0], modelConfidence = [0.0, 0.0, 0.0]
01-13 00:38:14.457  4022  4212 D SnpeWhyDistractionNativ: Frame number: 471, processFrame: modelClass = [1, 0, 0], modelEntropy = [1.0344869, 0.0, 0.0], modelConfidence = [0.4692604, 0.0, 0.0]
01-13 00:38:14.533  4022  4212 D SnpeWhyDistractionNativ: Frame number: 472, processFrame: modelClass = [-99, 0, 0], modelEntropy = [0.0, 0.0, 0.0], modelConfidence = [0.0, 0.0, 0.0]
01-13 00:38:14.605  4022  4212 D SnpeWhyDistractionNativ: Frame number: 473, processFrame: modelClass = [-99, 0, 0], modelEntropy = [0.0, 0.0, 0.0], modelConfidence = [0.0, 0.0, 0.0]
01-13 00:38:14.724  4022  4212 D SnpeWhyDistractionNativ: Frame number: 474, processFrame: modelClass = [3, 0, 0], modelEntropy = [0.8659623, 0.0, 0.0], modelConfidence = [0.5761982, 0.0, 0.0]
01-13 00:38:14.808  4022  4212 D SnpeWhyDistractionNativ: Frame number: 475, processFrame: modelClass = [-99, 0, 0], modelEntropy = [0.0, 0.0, 0.0], modelConfidence = [0.0, 0.0, 0.0]
01-13 00:38:14.930  4022  4212 D SnpeWhyDistractionNativ: Frame number: 476, processFrame: modelClass = [-99, 0, 0], modelEntropy = [0.0, 0.0, 0.0], modelConfidence = [0.0, 0.0, 0.0]
01-13 00:38:15.041  4022  4212 D SnpeWhyDistractionNativ: Frame number: 477, processFrame: modelClass = [4, 0, 0], modelEntropy = [0.88120687, 0.0, 0.0], modelConfidence = [0.5382195, 0.0, 0.0]
01-13 00:38:15.110  4022  4212 D SnpeWhyDistractionNativ: Frame number: 478, processFrame: modelClass = [-1, 0, 0], modelEntropy = [0.0, 0.0, 0.0], modelConfidence = [0.0, 0.0, 0.0]
01-13 00:38:15.207  4022  4212 D SnpeWhyDistractionNativ: Frame number: 479, processFrame: modelClass = [-1, 0, 0], modelEntropy = [0.0, 0.0, 0.0], modelConfidence = [0.0, 0.0, 0.0]
01-13 00:38:15.303  4022  4212 D SnpeWhyDistractionNativ: Frame number: 480, processFrame: modelClass = [-1, 0, 0], modelEntropy = [0.0, 0.0, 0.0], modelConfidence = [0.0, 0.0, 0.0]
01-13 00:38:15.406  4022  4212 D SnpeWhyDistractionNativ: Frame number: 481, processFrame: modelClass = [-1, 0, 0], modelEntropy = [0.0, 0.0, 0.0], modelConfidence = [0.0, 0.0, 0.0]
01-13 00:38:15.515  4022  4212 D SnpeWhyDistractionNativ: Frame number: 482, processFrame: modelClass = [-1, 0, 0], modelEntropy = [0.0, 0.0, 0.0], modelConfidence = [0.0, 0.0, 0.0]
01-13 00:38:15.611  4022  4212 D SnpeWhyDistractionNativ: Frame number: 483, processFrame: modelClass = [-1, 0, 0], modelEntropy = [0.0, 0.0, 0.0], modelConfidence = [0.0, 0.0, 0.0]
01-13 00:38:15.717  4022  4212 D SnpeWhyDistractionNativ: Frame number: 484, processFrame: modelClass = [-1, 0, 0], modelEntropy = [0.0, 0.0, 0.0], modelConfidence = [0.0, 0.0, 0.0]
01-13 00:38:15.810  4022  4212 D SnpeWhyDistractionNativ: Frame number: 485, processFrame: modelClass = [-1, 0, 0], modelEntropy = [0.0, 0.0, 0.0], modelConfidence = [0.0, 0.0, 0.0]
01-13 00:38:15.906  4022  4212 D SnpeWhyDistractionNativ: Frame number: 486, processFrame: modelClass = [-1, 0, 0], modelEntropy = [0.0, 0.0, 0.0], modelConfidence = [0.0, 0.0, 0.0]
01-13 00:38:16.011  4022  4212 D SnpeWhyDistractionNativ: Frame number: 487, processFrame: modelClass = [-1, 0, 0], modelEntropy = [0.0, 0.0, 0.0], modelConfidence = [0.0, 0.0, 0.0]
01-13 00:38:16.110  4022  4212 D SnpeWhyDistractionNativ: Frame number: 488, processFrame: modelClass = [-1, 0, 0], modelEntropy = [0.0, 0.0, 0.0], modelConfidence = [0.0, 0.0, 0.0]
01-13 00:38:16.211  4022  4212 D SnpeWhyDistractionNativ: Frame number: 489, processFrame: modelClass = [-1, 0, 0], modelEntropy = [0.0, 0.0, 0.0], modelConfidence = [0.0, 0.0, 0.0]
01-13 00:38:16.313  4022  4212 D SnpeWhyDistractionNativ: Frame number: 490, processFrame: modelClass = [-1, 0, 0], modelEntropy = [0.0, 0.0, 0.0], modelConfidence = [0.0, 0.0, 0.0]
01-13 00:38:16.430  4022  4212 D SnpeWhyDistractionNativ: Frame number: 491, processFrame: modelClass = [-1, 0, 0], modelEntropy = [0.0, 0.0, 0.0], modelConfidence = [0.0, 0.0, 0.0]
01-13 00:38:16.512  4022  4212 D SnpeWhyDistractionNativ: Frame number: 492, processFrame: modelClass = [-1, 0, 0], modelEntropy = [0.0, 0.0, 0.0], modelConfidence = [0.0, 0.0, 0.0]
01-13 00:38:16.614  4022  4212 D SnpeWhyDistractionNativ: Frame number: 493, processFrame: modelClass = [-1, 0, 0], modelEntropy = [0.0, 0.0, 0.0], modelConfidence = [0.0, 0.0, 0.0]
01-13 00:38:16.702  4022  4212 D SnpeWhyDistractionNativ: Frame number: 494, processFrame: modelClass = [-1, 0, 0], modelEntropy = [0.0, 0.0, 0.0], modelConfidence = [0.0, 0.0, 0.0]
01-13 00:38:16.816  4022  4212 D SnpeWhyDistractionNativ: Frame number: 495, processFrame: modelClass = [-1, 0, 0], modelEntropy = [0.0, 0.0, 0.0], modelConfidence = [0.0, 0.0, 0.0]
01-13 00:38:16.903  4022  4212 D SnpeWhyDistractionNativ: Frame number: 496, processFrame: modelClass = [-1, 0, 0], modelEntropy = [0.0, 0.0, 0.0], modelConfidence = [0.0, 0.0, 0.0]
01-13 00:38:17.014  4022  4212 D SnpeWhyDistractionNativ: Frame number: 497, processFrame: modelClass = [-1, 0, 0], modelEntropy = [0.0, 0.0, 0.0], modelConfidence = [0.0, 0.0, 0.0]
01-13 00:38:17.101  4022  4212 D SnpeWhyDistractionNativ: Frame number: 498, processFrame: modelClass = [-1, 0, 0], modelEntropy = [0.0, 0.0, 0.0], modelConfidence = [0.0, 0.0, 0.0]
01-13 00:38:17.216  4022  4212 D SnpeWhyDistractionNativ: Frame number: 499, processFrame: modelClass = [-1, 0, 0], modelEntropy = [0.0, 0.0, 0.0], modelConfidence = [0.0, 0.0, 0.0]
01-13 00:38:17.303  4022  4212 D SnpeWhyDistractionNativ: Frame number: 500, processFrame: modelClass = [-1, 0, 0], modelEntropy = [0.0, 0.0, 0.0], modelConfidence = [0.0, 0.0, 0.0]
01-13 00:38:17.414  4022  4212 D SnpeWhyDistractionNativ: Frame number: 501, processFrame: modelClass = [-1, 0, 0], modelEntropy = [0.0, 0.0, 0.0], modelConfidence = [0.0, 0.0, 0.0]
01-13 00:38:17.512  4022  4212 D SnpeWhyDistractionNativ: Frame number: 502, processFrame: modelClass = [-1, 0, 0], modelEntropy = [0.0, 0.0, 0.0], modelConfidence = [0.0, 0.0, 0.0]
01-13 00:38:17.615  4022  4212 D SnpeWhyDistractionNativ: Frame number: 503, processFrame: modelClass = [-1, 0, 0], modelEntropy = [0.0, 0.0, 0.0], modelConfidence = [0.0, 0.0, 0.0]
01-13 00:38:17.707  4022  4212 D SnpeWhyDistractionNativ: Frame number: 504, processFrame: modelClass = [-1, 0, 0], modelEntropy = [0.0, 0.0, 0.0], modelConfidence = [0.0, 0.0, 0.0]
01-13 00:38:17.818  4022  4212 D SnpeWhyDistractionNativ: Frame number: 505, processFrame: modelClass = [-1, 0, 0], modelEntropy = [0.0, 0.0, 0.0], modelConfidence = [0.0, 0.0, 0.0]
01-13 00:38:17.906  4022  4212 D SnpeWhyDistractionNativ: Frame number: 506, processFrame: modelClass = [-1, 0, 0], modelEntropy = [0.0, 0.0, 0.0], modelConfidence = [0.0, 0.0, 0.0]
01-13 00:38:18.024  4022  4212 D SnpeWhyDistractionNativ: Frame number: 507, processFrame: modelClass = [-1, 0, 0], modelEntropy = [0.0, 0.0, 0.0], modelConfidence = [0.0, 0.0, 0.0]
01-13 00:38:18.105  4022  4212 D SnpeWhyDistractionNativ: Frame number: 508, processFrame: modelClass = [-1, 0, 0], modelEntropy = [0.0, 0.0, 0.0], modelConfidence = [0.0, 0.0, 0.0]
01-13 00:38:18.212  4022  4212 D SnpeWhyDistractionNativ: Frame number: 509, processFrame: modelClass = [-1, 0, 0], modelEntropy = [0.0, 0.0, 0.0], modelConfidence = [0.0, 0.0, 0.0]
01-13 00:38:18.306  4022  4212 D SnpeWhyDistractionNativ: Frame number: 510, processFrame: modelClass = [-1, 0, 0], modelEntropy = [0.0, 0.0, 0.0], modelConfidence = [0.0, 0.0, 0.0]
01-13 00:38:18.419  4022  4212 D SnpeWhyDistractionNativ: Frame number: 511, processFrame: modelClass = [-1, 0, 0], modelEntropy = [0.0, 0.0, 0.0], modelConfidence = [0.0, 0.0, 0.0]
01-13 00:38:18.506  4022  4212 D SnpeWhyDistractionNativ: Frame number: 512, processFrame: modelClass = [-1, 0, 0], modelEntropy = [0.0, 0.0, 0.0], modelConfidence = [0.0, 0.0, 0.0]
01-13 00:38:18.616  4022  4212 D SnpeWhyDistractionNativ: Frame number: 513, processFrame: modelClass = [-1, 0, 0], modelEntropy = [0.0, 0.0, 0.0], modelConfidence = [0.0, 0.0, 0.0]
01-13 00:38:18.706  4022  4212 D SnpeWhyDistractionNativ: Frame number: 514, processFrame: modelClass = [-1, 0, 0], modelEntropy = [0.0, 0.0, 0.0], modelConfidence = [0.0, 0.0, 0.0]
01-13 00:38:18.821  4022  4212 D SnpeWhyDistractionNativ: Frame number: 515, processFrame: modelClass = [-1, 0, 0], modelEntropy = [0.0, 0.0, 0.0], modelConfidence = [0.0, 0.0, 0.0]
01-13 00:38:18.911  4022  4212 D SnpeWhyDistractionNativ: Frame number: 516, processFrame: modelClass = [-1, 0, 0], modelEntropy = [0.0, 0.0, 0.0], modelConfidence = [0.0, 0.0, 0.0]
01-13 00:38:19.024  4022  4212 D SnpeWhyDistractionNativ: Frame number: 517, processFrame: modelClass = [-1, 0, 0], modelEntropy = [0.0, 0.0, 0.0], modelConfidence = [0.0, 0.0, 0.0]
01-13 00:38:19.115  4022  4212 D SnpeWhyDistractionNativ: Frame number: 518, processFrame: modelClass = [-1, 0, 0], modelEntropy = [0.0, 0.0, 0.0], modelConfidence = [0.0, 0.0, 0.0]
01-13 00:38:19.228  4022  4212 D SnpeWhyDistractionNativ: Frame number: 519, processFrame: modelClass = [-1, 0, 0], modelEntropy = [0.0, 0.0, 0.0], modelConfidence = [0.0, 0.0, 0.0]
01-13 00:38:19.310  4022  4212 D SnpeWhyDistractionNativ: Frame number: 520, processFrame: modelClass = [-1, 0, 0], modelEntropy = [0.0, 0.0, 0.0], modelConfidence = [0.0, 0.0, 0.0]
01-13 00:38:19.421  4022  4212 D SnpeWhyDistractionNativ: Frame number: 521, processFrame: modelClass = [-1, 0, 0], modelEntropy = [0.0, 0.0, 0.0], modelConfidence = [0.0, 0.0, 0.0]
01-13 00:38:19.509  4022  4212 D SnpeWhyDistractionNativ: Frame number: 522, processFrame: modelClass = [-1, 0, 0], modelEntropy = [0.0, 0.0, 0.0], modelConfidence = [0.0, 0.0, 0.0]
01-13 00:38:19.616  4022  4212 D SnpeWhyDistractionNativ: Frame number: 523, processFrame: modelClass = [-1, 0, 0], modelEntropy = [0.0, 0.0, 0.0], modelConfidence = [0.0, 0.0, 0.0]
01-13 00:38:19.714  4022  4212 D SnpeWhyDistractionNativ: Frame number: 524, processFrame: modelClass = [-1, 0, 0], modelEntropy = [0.0, 0.0, 0.0], modelConfidence = [0.0, 0.0, 0.0]
01-13 00:38:19.819  4022  4212 D SnpeWhyDistractionNativ: Frame number: 525, processFrame: modelClass = [-1, 0, 0], modelEntropy = [0.0, 0.0, 0.0], modelConfidence = [0.0, 0.0, 0.0]
01-13 00:38:19.914  4022  4212 D SnpeWhyDistractionNativ: Frame number: 526, processFrame: modelClass = [-1, 0, 0], modelEntropy = [0.0, 0.0, 0.0], modelConfidence = [0.0, 0.0, 0.0]
01-13 00:38:20.018  4022  4212 D SnpeWhyDistractionNativ: Frame number: 527, processFrame: modelClass = [-1, 0, 0], modelEntropy = [0.0, 0.0, 0.0], modelConfidence = [0.0, 0.0, 0.0]
01-13 00:38:20.122  4022  4212 D SnpeWhyDistractionNativ: Frame number: 528, processFrame: modelClass = [-1, 0, 0], modelEntropy = [0.0, 0.0, 0.0], modelConfidence = [0.0, 0.0, 0.0]
01-13 00:38:20.221  4022  4212 D SnpeWhyDistractionNativ: Frame number: 529, processFrame: modelClass = [-1, 0, 0], modelEntropy = [0.0, 0.0, 0.0], modelConfidence = [0.0, 0.0, 0.0]
01-13 00:38:20.314  4022  4212 D SnpeWhyDistractionNativ: Frame number: 530, processFrame: modelClass = [-1, 0, 0], modelEntropy = [0.0, 0.0, 0.0], modelConfidence = [0.0, 0.0, 0.0]
01-13 00:38:20.418  4022  4212 D SnpeWhyDistractionNativ: Frame number: 531, processFrame: modelClass = [-1, 0, 0], modelEntropy = [0.0, 0.0, 0.0], modelConfidence = [0.0, 0.0, 0.0]
01-13 00:38:20.528  4022  4212 D SnpeWhyDistractionNativ: Frame number: 532, processFrame: modelClass = [-1, 0, 0], modelEntropy = [0.0, 0.0, 0.0], modelConfidence = [0.0, 0.0, 0.0]
01-13 00:38:20.625  4022  4212 D SnpeWhyDistractionNativ: Frame number: 533, processFrame: modelClass = [-1, 0, 0], modelEntropy = [0.0, 0.0, 0.0], modelConfidence = [0.0, 0.0, 0.0]
01-13 00:38:20.728  4022  4212 D SnpeWhyDistractionNativ: Frame number: 534, processFrame: modelClass = [-1, 0, 0], modelEntropy = [0.0, 0.0, 0.0], modelConfidence = [0.0, 0.0, 0.0]
01-13 00:38:20.833  4022  4212 D SnpeWhyDistractionNativ: Frame number: 535, processFrame: modelClass = [-1, 0, 0], modelEntropy = [0.0, 0.0, 0.0], modelConfidence = [0.0, 0.0, 0.0]
01-13 00:38:20.927  4022  4212 D SnpeWhyDistractionNativ: Frame number: 536, processFrame: modelClass = [-1, 0, 0], modelEntropy = [0.0, 0.0, 0.0], modelConfidence = [0.0, 0.0, 0.0]
01-13 00:38:21.025  4022  4212 D SnpeWhyDistractionNativ: Frame number: 537, processFrame: modelClass = [-1, 0, 0], modelEntropy = [0.0, 0.0, 0.0], modelConfidence = [0.0, 0.0, 0.0]
01-13 00:38:21.129  4022  4212 D SnpeWhyDistractionNativ: Frame number: 538, processFrame: modelClass = [-1, 0, 0], modelEntropy = [0.0, 0.0, 0.0], modelConfidence = [0.0, 0.0, 0.0]
01-13 00:38:21.238  4022  4212 D SnpeWhyDistractionNativ: Frame number: 539, processFrame: modelClass = [-1, 0, 0], modelEntropy = [0.0, 0.0, 0.0], modelConfidence = [0.0, 0.0, 0.0]
01-13 00:38:21.318  4022  4212 D SnpeWhyDistractionNativ: Frame number: 540, processFrame: modelClass = [-1, 0, 0], modelEntropy = [0.0, 0.0, 0.0], modelConfidence = [0.0, 0.0, 0.0]
01-13 00:38:21.436  4022  4212 D SnpeWhyDistractionNativ: Frame number: 541, processFrame: modelClass = [-1, 0, 0], modelEntropy = [0.0, 0.0, 0.0], modelConfidence = [0.0, 0.0, 0.0]
01-13 00:38:21.516  4022  4212 D SnpeWhyDistractionNativ: Frame number: 542, processFrame: modelClass = [-1, 0, 0], modelEntropy = [0.0, 0.0, 0.0], modelConfidence = [0.0, 0.0, 0.0]
01-13 00:38:21.619  4022  4212 D SnpeWhyDistractionNativ: Frame number: 543, processFrame: modelClass = [-1, 0, 0], modelEntropy = [0.0, 0.0, 0.0], modelConfidence = [0.0, 0.0, 0.0]
01-13 00:38:21.723  4022  4212 D SnpeWhyDistractionNativ: Frame number: 544, processFrame: modelClass = [-1, 0, 0], modelEntropy = [0.0, 0.0, 0.0], modelConfidence = [0.0, 0.0, 0.0]
01-13 00:38:21.836  4022  4212 D SnpeWhyDistractionNativ: Frame number: 545, processFrame: modelClass = [-1, 0, 0], modelEntropy = [0.0, 0.0, 0.0], modelConfidence = [0.0, 0.0, 0.0]
01-13 00:38:21.924  4022  4212 D SnpeWhyDistractionNativ: Frame number: 546, processFrame: modelClass = [-1, 0, 0], modelEntropy = [0.0, 0.0, 0.0], modelConfidence = [0.0, 0.0, 0.0]
01-13 00:38:22.034  4022  4212 D SnpeWhyDistractionNativ: Frame number: 547, processFrame: modelClass = [-1, 0, 0], modelEntropy = [0.0, 0.0, 0.0], modelConfidence = [0.0, 0.0, 0.0]
01-13 00:38:22.114  4022  4212 D SnpeWhyDistractionNativ: Frame number: 548, processFrame: modelClass = [-1, 0, 0], modelEntropy = [0.0, 0.0, 0.0], modelConfidence = [0.0, 0.0, 0.0]
01-13 00:38:22.226  4022  4212 D SnpeWhyDistractionNativ: Frame number: 549, processFrame: modelClass = [-1, 0, 0], modelEntropy = [0.0, 0.0, 0.0], modelConfidence = [0.0, 0.0, 0.0]
01-13 00:38:22.318  4022  4212 D SnpeWhyDistractionNativ: Frame number: 550, processFrame: modelClass = [-1, 0, 0], modelEntropy = [0.0, 0.0, 0.0], modelConfidence = [0.0, 0.0, 0.0]
01-13 00:38:22.439  4022  4212 D SnpeWhyDistractionNativ: Frame number: 551, processFrame: modelClass = [-1, 0, 0], modelEntropy = [0.0, 0.0, 0.0], modelConfidence = [0.0, 0.0, 0.0]
01-13 00:38:22.517  4022  4212 D SnpeWhyDistractionNativ: Frame number: 552, processFrame: modelClass = [-1, 0, 0], modelEntropy = [0.0, 0.0, 0.0], modelConfidence = [0.0, 0.0, 0.0]
01-13 00:38:22.628  4022  4212 D SnpeWhyDistractionNativ: Frame number: 553, processFrame: modelClass = [-1, 0, 0], modelEntropy = [0.0, 0.0, 0.0], modelConfidence = [0.0, 0.0, 0.0]
01-13 00:38:22.720  4022  4212 D SnpeWhyDistractionNativ: Frame number: 554, processFrame: modelClass = [-1, 0, 0], modelEntropy = [0.0, 0.0, 0.0], modelConfidence = [0.0, 0.0, 0.0]
01-13 00:38:22.830  4022  4212 D SnpeWhyDistractionNativ: Frame number: 555, processFrame: modelClass = [-1, 0, 0], modelEntropy = [0.0, 0.0, 0.0], modelConfidence = [0.0, 0.0, 0.0]
01-13 00:38:22.924  4022  4212 D SnpeWhyDistractionNativ: Frame number: 556, processFrame: modelClass = [-1, 0, 0], modelEntropy = [0.0, 0.0, 0.0], modelConfidence = [0.0, 0.0, 0.0]
01-13 00:38:23.014  4022  4212 D SnpeWhyDistractionNativ: Frame number: 557, processFrame: modelClass = [-1, 0, 0], modelEntropy = [0.0, 0.0, 0.0], modelConfidence = [0.0, 0.0, 0.0]
01-13 00:38:23.123  4022  4212 D SnpeWhyDistractionNativ: Frame number: 558, processFrame: modelClass = [-1, 0, 0], modelEntropy = [0.0, 0.0, 0.0], modelConfidence = [0.0, 0.0, 0.0]
01-13 00:38:23.219  4022  4212 D SnpeWhyDistractionNativ: Frame number: 559, processFrame: modelClass = [-1, 0, 0], modelEntropy = [0.0, 0.0, 0.0], modelConfidence = [0.0, 0.0, 0.0]
01-13 00:38:23.314  4022  4212 D SnpeWhyDistractionNativ: Frame number: 560, processFrame: modelClass = [-1, 0, 0], modelEntropy = [0.0, 0.0, 0.0], modelConfidence = [0.0, 0.0, 0.0]
01-13 00:38:23.434  4022  4212 D SnpeWhyDistractionNativ: Frame number: 561, processFrame: modelClass = [-1, 0, 0], modelEntropy = [0.0, 0.0, 0.0], modelConfidence = [0.0, 0.0, 0.0]
01-13 00:38:23.516  4022  4212 D SnpeWhyDistractionNativ: Frame number: 562, processFrame: modelClass = [-1, 0, 0], modelEntropy = [0.0, 0.0, 0.0], modelConfidence = [0.0, 0.0, 0.0]
01-13 00:38:23.622  4022  4212 D SnpeWhyDistractionNativ: Frame number: 563, processFrame: modelClass = [-1, 0, 0], modelEntropy = [0.0, 0.0, 0.0], modelConfidence = [0.0, 0.0, 0.0]
01-13 00:38:23.718  4022  4212 D SnpeWhyDistractionNativ: Frame number: 564, processFrame: modelClass = [-1, 0, 0], modelEntropy = [0.0, 0.0, 0.0], modelConfidence = [0.0, 0.0, 0.0]
01-13 00:38:23.835  4022  4212 D SnpeWhyDistractionNativ: Frame number: 565, processFrame: modelClass = [-1, 0, 0], modelEntropy = [0.0, 0.0, 0.0], modelConfidence = [0.0, 0.0, 0.0]
01-13 00:38:23.921  4022  4212 D SnpeWhyDistractionNativ: Frame number: 566, processFrame: modelClass = [-1, 0, 0], modelEntropy = [0.0, 0.0, 0.0], modelConfidence = [0.0, 0.0, 0.0]
01-13 00:38:24.023  4022  4212 D SnpeWhyDistractionNativ: Frame number: 567, processFrame: modelClass = [-1, 0, 0], modelEntropy = [0.0, 0.0, 0.0], modelConfidence = [0.0, 0.0, 0.0]
01-13 00:38:24.126  4022  4212 D SnpeWhyDistractionNativ: Frame number: 568, processFrame: modelClass = [-1, 0, 0], modelEntropy = [0.0, 0.0, 0.0], modelConfidence = [0.0, 0.0, 0.0]
01-13 00:38:24.255  4022  4212 D SnpeWhyDistractionNativ: destroyNativeObject: Destroyed why-distraction native object
