--------- beginning of main
--------- beginning of system
01-13 01:39:58.911 13639 13724 D SnpeWhyDistractionNativ: initNativeObject: Initialized Why-Distraction native wrapper 
01-13 01:39:58.964 13639 13724 D SnpeWhyDistractionNativ: Frame number: 1, processFrame: modelClass = [-99, 0, 0], modelEntropy = [0.0, 0.0, 0.0], modelConfidence = [0.0, 0.0, 0.0]
01-13 01:39:59.020 13639 13724 D SnpeWhyDistractionNativ: Frame number: 2, processFrame: modelClass = [-99, 0, 0], modelEntropy = [0.0, 0.0, 0.0], modelConfidence = [0.0, 0.0, 0.0]
01-13 01:39:59.106 13639 13724 D SnpeWhyDistractionNativ: Frame number: 3, processFrame: modelClass = [3, 0, 0], modelEntropy = [1.0602839, 0.0, 0.0], modelConfidence = [0.4808113, 0.0, 0.0]
01-13 01:39:59.178 13639 13724 D SnpeWhyDistractionNativ: Frame number: 4, processFrame: modelClass = [-99, 0, 0], modelEntropy = [0.0, 0.0, 0.0], modelConfidence = [0.0, 0.0, 0.0]
01-13 01:39:59.237 13639 13724 D SnpeWhyDistractionNativ: Frame number: 5, processFrame: modelClass = [-99, 0, 0], modelEntropy = [0.0, 0.0, 0.0], modelConfidence = [0.0, 0.0, 0.0]
01-13 01:39:59.332 13639 13724 D SnpeWhyDistractionNativ: Frame number: 6, processFrame: modelClass = [3, 0, 0], modelEntropy = [1.0097113, 0.0, 0.0], modelConfidence = [0.52333915, 0.0, 0.0]
01-13 01:39:59.367 13639 13724 D SnpeWhyDistractionNativ: Frame number: 7, processFrame: modelClass = [-99, 0, 0], modelEntropy = [0.0, 0.0, 0.0], modelConfidence = [0.0, 0.0, 0.0]
01-13 01:39:59.446 13639 13724 D SnpeWhyDistractionNativ: Frame number: 8, processFrame: modelClass = [-99, 0, 0], modelEntropy = [0.0, 0.0, 0.0], modelConfidence = [0.0, 0.0, 0.0]
01-13 01:39:59.506 13639 13724 D SnpeWhyDistractionNativ: Frame number: 9, processFrame: modelClass = [3, 0, 0], modelEntropy = [1.0729877, 0.0, 0.0], modelConfidence = [0.43928283, 0.0, 0.0]
01-13 01:39:59.569 13639 13724 D SnpeWhyDistractionNativ: Frame number: 10, processFrame: modelClass = [-99, 0, 0], modelEntropy = [0.0, 0.0, 0.0], modelConfidence = [0.0, 0.0, 0.0]
01-13 01:39:59.618 13639 13724 D SnpeWhyDistractionNativ: Frame number: 11, processFrame: modelClass = [-99, 0, 0], modelEntropy = [0.0, 0.0, 0.0], modelConfidence = [0.0, 0.0, 0.0]
01-13 01:39:59.729 13639 13724 D SnpeWhyDistractionNativ: Frame number: 12, processFrame: modelClass = [3, 0, 0], modelEntropy = [1.0693504, 0.0, 0.0], modelConfidence = [0.4606957, 0.0, 0.0]
01-13 01:39:59.817 13639 13724 D SnpeWhyDistractionNativ: Frame number: 13, processFrame: modelClass = [-99, 0, 0], modelEntropy = [0.0, 0.0, 0.0], modelConfidence = [0.0, 0.0, 0.0]
01-13 01:39:59.944 13639 13724 D SnpeWhyDistractionNativ: Frame number: 14, processFrame: modelClass = [-99, 0, 0], modelEntropy = [0.0, 0.0, 0.0], modelConfidence = [0.0, 0.0, 0.0]
01-13 01:40:00.031 13639 13724 D SnpeWhyDistractionNativ: Frame number: 15, processFrame: modelClass = [0, 0, 0], modelEntropy = [1.0398937, 0.0, 0.0], modelConfidence = [0.49163207, 0.0, 0.0]
01-13 01:40:00.114 13639 13724 D SnpeWhyDistractionNativ: Frame number: 16, processFrame: modelClass = [-99, 0, 0], modelEntropy = [0.0, 0.0, 0.0], modelConfidence = [0.0, 0.0, 0.0]
01-13 01:40:00.219 13639 13724 D SnpeWhyDistractionNativ: Frame number: 17, processFrame: modelClass = [-99, 0, 0], modelEntropy = [0.0, 0.0, 0.0], modelConfidence = [0.0, 0.0, 0.0]
01-13 01:40:00.345 13639 13724 D SnpeWhyDistractionNativ: Frame number: 18, processFrame: modelClass = [3, 0, 0], modelEntropy = [1.1388764, 0.0, 0.0], modelConfidence = [0.44985622, 0.0, 0.0]
01-13 01:40:00.417 13639 13724 D SnpeWhyDistractionNativ: Frame number: 19, processFrame: modelClass = [-99, 0, 0], modelEntropy = [0.0, 0.0, 0.0], modelConfidence = [0.0, 0.0, 0.0]
01-13 01:40:00.490 13639 13724 D SnpeWhyDistractionNativ: Frame number: 20, processFrame: modelClass = [-99, 0, 0], modelEntropy = [0.0, 0.0, 0.0], modelConfidence = [0.0, 0.0, 0.0]
01-13 01:40:00.609 13639 13724 D SnpeWhyDistractionNativ: Frame number: 21, processFrame: modelClass = [2, 0, 0], modelEntropy = [1.1079658, 0.0, 0.0], modelConfidence = [0.35956627, 0.0, 0.0]
01-13 01:40:00.702 13639 13724 D SnpeWhyDistractionNativ: Frame number: 22, processFrame: modelClass = [-99, 0, 0], modelEntropy = [0.0, 0.0, 0.0], modelConfidence = [0.0, 0.0, 0.0]
01-13 01:40:00.790 13639 13724 D SnpeWhyDistractionNativ: Frame number: 23, processFrame: modelClass = [-99, 0, 0], modelEntropy = [0.0, 0.0, 0.0], modelConfidence = [0.0, 0.0, 0.0]
01-13 01:40:00.909 13639 13724 D SnpeWhyDistractionNativ: Frame number: 24, processFrame: modelClass = [3, 0, 0], modelEntropy = [1.0011581, 0.0, 0.0], modelConfidence = [0.51012766, 0.0, 0.0]
01-13 01:40:00.990 13639 13724 D SnpeWhyDistractionNativ: Frame number: 25, processFrame: modelClass = [-99, 0, 0], modelEntropy = [0.0, 0.0, 0.0], modelConfidence = [0.0, 0.0, 0.0]
01-13 01:40:01.081 13639 13724 D SnpeWhyDistractionNativ: Frame number: 26, processFrame: modelClass = [-99, 0, 0], modelEntropy = [0.0, 0.0, 0.0], modelConfidence = [0.0, 0.0, 0.0]
01-13 01:40:01.212 13639 13724 D SnpeWhyDistractionNativ: Frame number: 27, processFrame: modelClass = [2, 0, 0], modelEntropy = [1.0806602, 0.0, 0.0], modelConfidence = [0.42541286, 0.0, 0.0]
01-13 01:40:01.293 13639 13724 D SnpeWhyDistractionNativ: Frame number: 28, processFrame: modelClass = [-99, 0, 0], modelEntropy = [0.0, 0.0, 0.0], modelConfidence = [0.0, 0.0, 0.0]
01-13 01:40:01.416 13639 13724 D SnpeWhyDistractionNativ: Frame number: 29, processFrame: modelClass = [-99, 0, 0], modelEntropy = [0.0, 0.0, 0.0], modelConfidence = [0.0, 0.0, 0.0]
01-13 01:40:01.512 13639 13724 D SnpeWhyDistractionNativ: Frame number: 30, processFrame: modelClass = [3, 0, 0], modelEntropy = [1.0453779, 0.0, 0.0], modelConfidence = [0.48464856, 0.0, 0.0]
01-13 01:40:01.598 13639 13724 D SnpeWhyDistractionNativ: Frame number: 31, processFrame: modelClass = [-99, 0, 0], modelEntropy = [0.0, 0.0, 0.0], modelConfidence = [0.0, 0.0, 0.0]
01-13 01:40:01.695 13639 13724 D SnpeWhyDistractionNativ: Frame number: 32, processFrame: modelClass = [-99, 0, 0], modelEntropy = [0.0, 0.0, 0.0], modelConfidence = [0.0, 0.0, 0.0]
01-13 01:40:01.815 13639 13724 D SnpeWhyDistractionNativ: Frame number: 33, processFrame: modelClass = [3, 0, 0], modelEntropy = [1.0495398, 0.0, 0.0], modelConfidence = [0.46659327, 0.0, 0.0]
01-13 01:40:01.889 13639 13724 D SnpeWhyDistractionNativ: Frame number: 34, processFrame: modelClass = [-99, 0, 0], modelEntropy = [0.0, 0.0, 0.0], modelConfidence = [0.0, 0.0, 0.0]
01-13 01:40:01.987 13639 13724 D SnpeWhyDistractionNativ: Frame number: 35, processFrame: modelClass = [-99, 0, 0], modelEntropy = [0.0, 0.0, 0.0], modelConfidence = [0.0, 0.0, 0.0]
01-13 01:40:02.114 13639 13724 D SnpeWhyDistractionNativ: Frame number: 36, processFrame: modelClass = [3, 0, 0], modelEntropy = [0.7636722, 0.0, 0.0], modelConfidence = [0.62913, 0.0, 0.0]
01-13 01:40:02.186 13639 13724 D SnpeWhyDistractionNativ: Frame number: 37, processFrame: modelClass = [-99, 0, 0], modelEntropy = [0.0, 0.0, 0.0], modelConfidence = [0.0, 0.0, 0.0]
01-13 01:40:02.299 13639 13724 D SnpeWhyDistractionNativ: Frame number: 38, processFrame: modelClass = [-99, 0, 0], modelEntropy = [0.0, 0.0, 0.0], modelConfidence = [0.0, 0.0, 0.0]
01-13 01:40:02.425 13639 13724 D SnpeWhyDistractionNativ: Frame number: 39, processFrame: modelClass = [3, 0, 0], modelEntropy = [0.8267937, 0.0, 0.0], modelConfidence = [0.5781332, 0.0, 0.0]
01-13 01:40:02.499 13639 13724 D SnpeWhyDistractionNativ: Frame number: 40, processFrame: modelClass = [-99, 0, 0], modelEntropy = [0.0, 0.0, 0.0], modelConfidence = [0.0, 0.0, 0.0]
01-13 01:40:02.605 13639 13724 D SnpeWhyDistractionNativ: Frame number: 41, processFrame: modelClass = [-99, 0, 0], modelEntropy = [0.0, 0.0, 0.0], modelConfidence = [0.0, 0.0, 0.0]
01-13 01:40:02.721 13639 13724 D SnpeWhyDistractionNativ: Frame number: 42, processFrame: modelClass = [3, 0, 0], modelEntropy = [0.9003784, 0.0, 0.0], modelConfidence = [0.57732904, 0.0, 0.0]
01-13 01:40:02.823 13639 13724 D SnpeWhyDistractionNativ: Frame number: 43, processFrame: modelClass = [-99, 0, 0], modelEntropy = [0.0, 0.0, 0.0], modelConfidence = [0.0, 0.0, 0.0]
01-13 01:40:02.888 13639 13724 D SnpeWhyDistractionNativ: Frame number: 44, processFrame: modelClass = [-99, 0, 0], modelEntropy = [0.0, 0.0, 0.0], modelConfidence = [0.0, 0.0, 0.0]
01-13 01:40:03.032 13639 13724 D SnpeWhyDistractionNativ: Frame number: 45, processFrame: modelClass = [3, 0, 0], modelEntropy = [0.93278503, 0.0, 0.0], modelConfidence = [0.56003225, 0.0, 0.0]
01-13 01:40:03.131 13639 13724 D SnpeWhyDistractionNativ: Frame number: 46, processFrame: modelClass = [-99, 0, 0], modelEntropy = [0.0, 0.0, 0.0], modelConfidence = [0.0, 0.0, 0.0]
01-13 01:40:03.214 13639 13724 D SnpeWhyDistractionNativ: Frame number: 47, processFrame: modelClass = [-99, 0, 0], modelEntropy = [0.0, 0.0, 0.0], modelConfidence = [0.0, 0.0, 0.0]
01-13 01:40:03.325 13639 13724 D SnpeWhyDistractionNativ: Frame number: 48, processFrame: modelClass = [2, 0, 0], modelEntropy = [0.95811677, 0.0, 0.0], modelConfidence = [0.58638984, 0.0, 0.0]
01-13 01:40:03.408 13639 13724 D SnpeWhyDistractionNativ: Frame number: 49, processFrame: modelClass = [-99, 0, 0], modelEntropy = [0.0, 0.0, 0.0], modelConfidence = [0.0, 0.0, 0.0]
01-13 01:40:03.508 13639 13724 D SnpeWhyDistractionNativ: Frame number: 50, processFrame: modelClass = [-99, 0, 0], modelEntropy = [0.0, 0.0, 0.0], modelConfidence = [0.0, 0.0, 0.0]
01-13 01:40:03.647 13639 13724 D SnpeWhyDistractionNativ: Frame number: 51, processFrame: modelClass = [3, 0, 0], modelEntropy = [1.0697542, 0.0, 0.0], modelConfidence = [0.44463882, 0.0, 0.0]
01-13 01:40:03.701 13639 13724 D SnpeWhyDistractionNativ: Frame number: 52, processFrame: modelClass = [-99, 0, 0], modelEntropy = [0.0, 0.0, 0.0], modelConfidence = [0.0, 0.0, 0.0]
01-13 01:40:03.820 13639 13724 D SnpeWhyDistractionNativ: Frame number: 53, processFrame: modelClass = [-99, 0, 0], modelEntropy = [0.0, 0.0, 0.0], modelConfidence = [0.0, 0.0, 0.0]
01-13 01:40:03.932 13639 13724 D SnpeWhyDistractionNativ: Frame number: 54, processFrame: modelClass = [2, 0, 0], modelEntropy = [0.96358377, 0.0, 0.0], modelConfidence = [0.49331176, 0.0, 0.0]
01-13 01:40:04.026 13639 13724 D SnpeWhyDistractionNativ: Frame number: 55, processFrame: modelClass = [-99, 0, 0], modelEntropy = [0.0, 0.0, 0.0], modelConfidence = [0.0, 0.0, 0.0]
01-13 01:40:04.101 13639 13724 D SnpeWhyDistractionNativ: Frame number: 56, processFrame: modelClass = [-99, 0, 0], modelEntropy = [0.0, 0.0, 0.0], modelConfidence = [0.0, 0.0, 0.0]
01-13 01:40:04.233 13639 13724 D SnpeWhyDistractionNativ: Frame number: 57, processFrame: modelClass = [2, 0, 0], modelEntropy = [0.71287805, 0.0, 0.0], modelConfidence = [0.70299625, 0.0, 0.0]
01-13 01:40:04.303 13639 13724 D SnpeWhyDistractionNativ: Frame number: 58, processFrame: modelClass = [-99, 0, 0], modelEntropy = [0.0, 0.0, 0.0], modelConfidence = [0.0, 0.0, 0.0]
01-13 01:40:04.381 13639 13724 D SnpeWhyDistractionNativ: Frame number: 59, processFrame: modelClass = [-99, 0, 0], modelEntropy = [0.0, 0.0, 0.0], modelConfidence = [0.0, 0.0, 0.0]
01-13 01:40:04.541 13639 13724 D SnpeWhyDistractionNativ: Frame number: 60, processFrame: modelClass = [3, 0, 0], modelEntropy = [1.0399597, 0.0, 0.0], modelConfidence = [0.41675445, 0.0, 0.0]
01-13 01:40:04.650 13639 13724 D SnpeWhyDistractionNativ: Frame number: 61, processFrame: modelClass = [-99, 0, 0], modelEntropy = [0.0, 0.0, 0.0], modelConfidence = [0.0, 0.0, 0.0]
01-13 01:40:04.748 13639 13724 D SnpeWhyDistractionNativ: Frame number: 62, processFrame: modelClass = [-99, 0, 0], modelEntropy = [0.0, 0.0, 0.0], modelConfidence = [0.0, 0.0, 0.0]
01-13 01:40:04.859 13639 13724 D SnpeWhyDistractionNativ: Frame number: 63, processFrame: modelClass = [3, 0, 0], modelEntropy = [0.9951822, 0.0, 0.0], modelConfidence = [0.46039066, 0.0, 0.0]
01-13 01:40:04.941 13639 13724 D SnpeWhyDistractionNativ: Frame number: 64, processFrame: modelClass = [-99, 0, 0], modelEntropy = [0.0, 0.0, 0.0], modelConfidence = [0.0, 0.0, 0.0]
01-13 01:40:05.043 13639 13724 D SnpeWhyDistractionNativ: Frame number: 65, processFrame: modelClass = [-99, 0, 0], modelEntropy = [0.0, 0.0, 0.0], modelConfidence = [0.0, 0.0, 0.0]
01-13 01:40:05.136 13639 13724 D SnpeWhyDistractionNativ: Frame number: 66, processFrame: modelClass = [3, 0, 0], modelEntropy = [0.9377598, 0.0, 0.0], modelConfidence = [0.54946893, 0.0, 0.0]
01-13 01:40:05.245 13639 13724 D SnpeWhyDistractionNativ: Frame number: 67, processFrame: modelClass = [-99, 0, 0], modelEntropy = [0.0, 0.0, 0.0], modelConfidence = [0.0, 0.0, 0.0]
01-13 01:40:05.350 13639 13724 D SnpeWhyDistractionNativ: Frame number: 68, processFrame: modelClass = [-99, 0, 0], modelEntropy = [0.0, 0.0, 0.0], modelConfidence = [0.0, 0.0, 0.0]
01-13 01:40:05.508 13639 13724 D SnpeWhyDistractionNativ: Frame number: 69, processFrame: modelClass = [3, 0, 0], modelEntropy = [0.89122945, 0.0, 0.0], modelConfidence = [0.48892987, 0.0, 0.0]
01-13 01:40:05.547 13639 13724 D SnpeWhyDistractionNativ: Frame number: 70, processFrame: modelClass = [-99, 0, 0], modelEntropy = [0.0, 0.0, 0.0], modelConfidence = [0.0, 0.0, 0.0]
01-13 01:40:05.652 13639 13724 D SnpeWhyDistractionNativ: Frame number: 71, processFrame: modelClass = [-99, 0, 0], modelEntropy = [0.0, 0.0, 0.0], modelConfidence = [0.0, 0.0, 0.0]
01-13 01:40:05.722 13639 13724 D SnpeWhyDistractionNativ: Frame number: 72, processFrame: modelClass = [3, 0, 0], modelEntropy = [0.98178107, 0.0, 0.0], modelConfidence = [0.50674075, 0.0, 0.0]
01-13 01:40:05.794 13639 13724 D SnpeWhyDistractionNativ: Frame number: 73, processFrame: modelClass = [-99, 0, 0], modelEntropy = [0.0, 0.0, 0.0], modelConfidence = [0.0, 0.0, 0.0]
01-13 01:40:05.885 13639 13724 D SnpeWhyDistractionNativ: Frame number: 74, processFrame: modelClass = [-99, 0, 0], modelEntropy = [0.0, 0.0, 0.0], modelConfidence = [0.0, 0.0, 0.0]
01-13 01:40:06.034 13639 13724 D SnpeWhyDistractionNativ: Frame number: 75, processFrame: modelClass = [2, 0, 0], modelEntropy = [0.98665047, 0.0, 0.0], modelConfidence = [0.5614028, 0.0, 0.0]
01-13 01:40:06.104 13639 13724 D SnpeWhyDistractionNativ: Frame number: 76, processFrame: modelClass = [-99, 0, 0], modelEntropy = [0.0, 0.0, 0.0], modelConfidence = [0.0, 0.0, 0.0]
01-13 01:40:06.205 13639 13724 D SnpeWhyDistractionNativ: Frame number: 77, processFrame: modelClass = [-99, 0, 0], modelEntropy = [0.0, 0.0, 0.0], modelConfidence = [0.0, 0.0, 0.0]
01-13 01:40:06.333 13639 13724 D SnpeWhyDistractionNativ: Frame number: 78, processFrame: modelClass = [2, 0, 0], modelEntropy = [1.089598, 0.0, 0.0], modelConfidence = [0.39363933, 0.0, 0.0]
01-13 01:40:06.419 13639 13724 D SnpeWhyDistractionNativ: Frame number: 79, processFrame: modelClass = [-99, 0, 0], modelEntropy = [0.0, 0.0, 0.0], modelConfidence = [0.0, 0.0, 0.0]
01-13 01:40:06.496 13639 13724 D SnpeWhyDistractionNativ: Frame number: 80, processFrame: modelClass = [-99, 0, 0], modelEntropy = [0.0, 0.0, 0.0], modelConfidence = [0.0, 0.0, 0.0]
01-13 01:40:06.638 13639 13724 D SnpeWhyDistractionNativ: Frame number: 81, processFrame: modelClass = [2, 0, 0], modelEntropy = [0.9993062, 0.0, 0.0], modelConfidence = [0.56554997, 0.0, 0.0]
01-13 01:40:06.735 13639 13724 D SnpeWhyDistractionNativ: Frame number: 82, processFrame: modelClass = [-99, 0, 0], modelEntropy = [0.0, 0.0, 0.0], modelConfidence = [0.0, 0.0, 0.0]
01-13 01:40:06.805 13639 13724 D SnpeWhyDistractionNativ: Frame number: 83, processFrame: modelClass = [-99, 0, 0], modelEntropy = [0.0, 0.0, 0.0], modelConfidence = [0.0, 0.0, 0.0]
01-13 01:40:06.937 13639 13724 D SnpeWhyDistractionNativ: Frame number: 84, processFrame: modelClass = [2, 0, 0], modelEntropy = [1.0410454, 0.0, 0.0], modelConfidence = [0.51371807, 0.0, 0.0]
01-13 01:40:07.024 13639 13724 D SnpeWhyDistractionNativ: Frame number: 85, processFrame: modelClass = [-99, 0, 0], modelEntropy = [0.0, 0.0, 0.0], modelConfidence = [0.0, 0.0, 0.0]
01-13 01:40:07.104 13639 13724 D SnpeWhyDistractionNativ: Frame number: 86, processFrame: modelClass = [-99, 0, 0], modelEntropy = [0.0, 0.0, 0.0], modelConfidence = [0.0, 0.0, 0.0]
01-13 01:40:07.235 13639 13724 D SnpeWhyDistractionNativ: Frame number: 87, processFrame: modelClass = [3, 0, 0], modelEntropy = [1.0145549, 0.0, 0.0], modelConfidence = [0.44961104, 0.0, 0.0]
01-13 01:40:07.325 13639 13724 D SnpeWhyDistractionNativ: Frame number: 88, processFrame: modelClass = [-99, 0, 0], modelEntropy = [0.0, 0.0, 0.0], modelConfidence = [0.0, 0.0, 0.0]
01-13 01:40:07.405 13639 13724 D SnpeWhyDistractionNativ: Frame number: 89, processFrame: modelClass = [-99, 0, 0], modelEntropy = [0.0, 0.0, 0.0], modelConfidence = [0.0, 0.0, 0.0]
01-13 01:40:07.556 13639 13724 D SnpeWhyDistractionNativ: Frame number: 90, processFrame: modelClass = [3, 0, 0], modelEntropy = [0.99076325, 0.0, 0.0], modelConfidence = [0.51268005, 0.0, 0.0]
01-13 01:40:07.639 13639 13724 D SnpeWhyDistractionNativ: Frame number: 91, processFrame: modelClass = [-99, 0, 0], modelEntropy = [0.0, 0.0, 0.0], modelConfidence = [0.0, 0.0, 0.0]
01-13 01:40:07.697 13639 13724 D SnpeWhyDistractionNativ: Frame number: 92, processFrame: modelClass = [-99, 0, 0], modelEntropy = [0.0, 0.0, 0.0], modelConfidence = [0.0, 0.0, 0.0]
01-13 01:40:07.829 13639 13724 D SnpeWhyDistractionNativ: Frame number: 93, processFrame: modelClass = [2, 0, 0], modelEntropy = [1.0539479, 0.0, 0.0], modelConfidence = [0.43236694, 0.0, 0.0]
01-13 01:40:07.921 13639 13724 D SnpeWhyDistractionNativ: Frame number: 94, processFrame: modelClass = [-99, 0, 0], modelEntropy = [0.0, 0.0, 0.0], modelConfidence = [0.0, 0.0, 0.0]
01-13 01:40:08.018 13639 13724 D SnpeWhyDistractionNativ: Frame number: 95, processFrame: modelClass = [-99, 0, 0], modelEntropy = [0.0, 0.0, 0.0], modelConfidence = [0.0, 0.0, 0.0]
01-13 01:40:08.138 13639 13724 D SnpeWhyDistractionNativ: Frame number: 96, processFrame: modelClass = [0, 0, 0], modelEntropy = [1.0637753, 0.0, 0.0], modelConfidence = [0.4623682, 0.0, 0.0]
01-13 01:40:08.218 13639 13724 D SnpeWhyDistractionNativ: Frame number: 97, processFrame: modelClass = [-99, 0, 0], modelEntropy = [0.0, 0.0, 0.0], modelConfidence = [0.0, 0.0, 0.0]
01-13 01:40:08.301 13639 13724 D SnpeWhyDistractionNativ: Frame number: 98, processFrame: modelClass = [-99, 0, 0], modelEntropy = [0.0, 0.0, 0.0], modelConfidence = [0.0, 0.0, 0.0]
01-13 01:40:08.441 13639 13724 D SnpeWhyDistractionNativ: Frame number: 99, processFrame: modelClass = [0, 0, 0], modelEntropy = [1.0980165, 0.0, 0.0], modelConfidence = [0.4015457, 0.0, 0.0]
01-13 01:40:08.509 13639 13724 D SnpeWhyDistractionNativ: Frame number: 100, processFrame: modelClass = [-99, 0, 0], modelEntropy = [0.0, 0.0, 0.0], modelConfidence = [0.0, 0.0, 0.0]
01-13 01:40:08.606 13639 13724 D SnpeWhyDistractionNativ: Frame number: 101, processFrame: modelClass = [-99, 0, 0], modelEntropy = [0.0, 0.0, 0.0], modelConfidence = [0.0, 0.0, 0.0]
01-13 01:40:08.742 13639 13724 D SnpeWhyDistractionNativ: Frame number: 102, processFrame: modelClass = [2, 0, 0], modelEntropy = [1.0133523, 0.0, 0.0], modelConfidence = [0.4759397, 0.0, 0.0]
01-13 01:40:08.835 13639 13724 D SnpeWhyDistractionNativ: Frame number: 103, processFrame: modelClass = [-99, 0, 0], modelEntropy = [0.0, 0.0, 0.0], modelConfidence = [0.0, 0.0, 0.0]
01-13 01:40:08.908 13639 13724 D SnpeWhyDistractionNativ: Frame number: 104, processFrame: modelClass = [-99, 0, 0], modelEntropy = [0.0, 0.0, 0.0], modelConfidence = [0.0, 0.0, 0.0]
01-13 01:40:09.066 13639 13724 D SnpeWhyDistractionNativ: Frame number: 105, processFrame: modelClass = [2, 0, 0], modelEntropy = [1.0597297, 0.0, 0.0], modelConfidence = [0.42680633, 0.0, 0.0]
01-13 01:40:09.156 13639 13724 D SnpeWhyDistractionNativ: Frame number: 106, processFrame: modelClass = [-99, 0, 0], modelEntropy = [0.0, 0.0, 0.0], modelConfidence = [0.0, 0.0, 0.0]
01-13 01:40:09.214 13639 13724 D SnpeWhyDistractionNativ: Frame number: 107, processFrame: modelClass = [-99, 0, 0], modelEntropy = [0.0, 0.0, 0.0], modelConfidence = [0.0, 0.0, 0.0]
01-13 01:40:09.326 13639 13724 D SnpeWhyDistractionNativ: Frame number: 108, processFrame: modelClass = [2, 0, 0], modelEntropy = [1.0521202, 0.0, 0.0], modelConfidence = [0.46545467, 0.0, 0.0]
01-13 01:40:09.428 13639 13724 D SnpeWhyDistractionNativ: Frame number: 109, processFrame: modelClass = [-99, 0, 0], modelEntropy = [0.0, 0.0, 0.0], modelConfidence = [0.0, 0.0, 0.0]
01-13 01:40:09.523 13639 13724 D SnpeWhyDistractionNativ: Frame number: 110, processFrame: modelClass = [-99, 0, 0], modelEntropy = [0.0, 0.0, 0.0], modelConfidence = [0.0, 0.0, 0.0]
01-13 01:40:09.631 13639 13724 D SnpeWhyDistractionNativ: Frame number: 111, processFrame: modelClass = [2, 0, 0], modelEntropy = [0.987716, 0.0, 0.0], modelConfidence = [0.56902707, 0.0, 0.0]
01-13 01:40:09.745 13639 13724 D SnpeWhyDistractionNativ: Frame number: 112, processFrame: modelClass = [-99, 0, 0], modelEntropy = [0.0, 0.0, 0.0], modelConfidence = [0.0, 0.0, 0.0]
01-13 01:40:09.817 13639 13724 D SnpeWhyDistractionNativ: Frame number: 113, processFrame: modelClass = [-99, 0, 0], modelEntropy = [0.0, 0.0, 0.0], modelConfidence = [0.0, 0.0, 0.0]
01-13 01:40:09.983 13639 13724 D SnpeWhyDistractionNativ: Frame number: 114, processFrame: modelClass = [2, 0, 0], modelEntropy = [1.0015423, 0.0, 0.0], modelConfidence = [0.45088392, 0.0, 0.0]
01-13 01:40:10.085 13639 13724 D SnpeWhyDistractionNativ: Frame number: 115, processFrame: modelClass = [-99, 0, 0], modelEntropy = [0.0, 0.0, 0.0], modelConfidence = [0.0, 0.0, 0.0]
01-13 01:40:10.145 13639 13724 D SnpeWhyDistractionNativ: Frame number: 116, processFrame: modelClass = [-99, 0, 0], modelEntropy = [0.0, 0.0, 0.0], modelConfidence = [0.0, 0.0, 0.0]
01-13 01:40:10.245 13639 13724 D SnpeWhyDistractionNativ: Frame number: 117, processFrame: modelClass = [2, 0, 0], modelEntropy = [1.0570235, 0.0, 0.0], modelConfidence = [0.4035601, 0.0, 0.0]
01-13 01:40:10.340 13639 13724 D SnpeWhyDistractionNativ: Frame number: 118, processFrame: modelClass = [-99, 0, 0], modelEntropy = [0.0, 0.0, 0.0], modelConfidence = [0.0, 0.0, 0.0]
01-13 01:40:10.434 13639 13724 D SnpeWhyDistractionNativ: Frame number: 119, processFrame: modelClass = [-99, 0, 0], modelEntropy = [0.0, 0.0, 0.0], modelConfidence = [0.0, 0.0, 0.0]
01-13 01:40:10.582 13639 13724 D SnpeWhyDistractionNativ: Frame number: 120, processFrame: modelClass = [3, 0, 0], modelEntropy = [1.0846921, 0.0, 0.0], modelConfidence = [0.40498233, 0.0, 0.0]
01-13 01:40:10.677 13639 13724 D SnpeWhyDistractionNativ: Frame number: 121, processFrame: modelClass = [-99, 0, 0], modelEntropy = [0.0, 0.0, 0.0], modelConfidence = [0.0, 0.0, 0.0]
01-13 01:40:10.723 13639 13724 D SnpeWhyDistractionNativ: Frame number: 122, processFrame: modelClass = [-99, 0, 0], modelEntropy = [0.0, 0.0, 0.0], modelConfidence = [0.0, 0.0, 0.0]
01-13 01:40:10.839 13639 13724 D SnpeWhyDistractionNativ: Frame number: 123, processFrame: modelClass = [2, 0, 0], modelEntropy = [1.0743401, 0.0, 0.0], modelConfidence = [0.41735125, 0.0, 0.0]
01-13 01:40:10.905 13639 13724 D SnpeWhyDistractionNativ: Frame number: 124, processFrame: modelClass = [-99, 0, 0], modelEntropy = [0.0, 0.0, 0.0], modelConfidence = [0.0, 0.0, 0.0]
01-13 01:40:11.010 13639 13724 D SnpeWhyDistractionNativ: Frame number: 125, processFrame: modelClass = [-99, 0, 0], modelEntropy = [0.0, 0.0, 0.0], modelConfidence = [0.0, 0.0, 0.0]
01-13 01:40:11.162 13639 13724 D SnpeWhyDistractionNativ: Frame number: 126, processFrame: modelClass = [2, 0, 0], modelEntropy = [1.0250486, 0.0, 0.0], modelConfidence = [0.52652407, 0.0, 0.0]
01-13 01:40:11.231 13639 13724 D SnpeWhyDistractionNativ: Frame number: 127, processFrame: modelClass = [-99, 0, 0], modelEntropy = [0.0, 0.0, 0.0], modelConfidence = [0.0, 0.0, 0.0]
01-13 01:40:11.320 13639 13724 D SnpeWhyDistractionNativ: Frame number: 128, processFrame: modelClass = [-99, 0, 0], modelEntropy = [0.0, 0.0, 0.0], modelConfidence = [0.0, 0.0, 0.0]
01-13 01:40:11.444 13639 13724 D SnpeWhyDistractionNativ: Frame number: 129, processFrame: modelClass = [3, 0, 0], modelEntropy = [1.0380938, 0.0, 0.0], modelConfidence = [0.4808062, 0.0, 0.0]
01-13 01:40:11.519 13639 13724 D SnpeWhyDistractionNativ: Frame number: 130, processFrame: modelClass = [-99, 0, 0], modelEntropy = [0.0, 0.0, 0.0], modelConfidence = [0.0, 0.0, 0.0]
01-13 01:40:11.630 13639 13724 D SnpeWhyDistractionNativ: Frame number: 131, processFrame: modelClass = [-99, 0, 0], modelEntropy = [0.0, 0.0, 0.0], modelConfidence = [0.0, 0.0, 0.0]
01-13 01:40:11.746 13639 13724 D SnpeWhyDistractionNativ: Frame number: 132, processFrame: modelClass = [3, 0, 0], modelEntropy = [1.1072443, 0.0, 0.0], modelConfidence = [0.43563962, 0.0, 0.0]
01-13 01:40:11.818 13639 13724 D SnpeWhyDistractionNativ: Frame number: 133, processFrame: modelClass = [-99, 0, 0], modelEntropy = [0.0, 0.0, 0.0], modelConfidence = [0.0, 0.0, 0.0]
01-13 01:40:11.924 13639 13724 D SnpeWhyDistractionNativ: Frame number: 134, processFrame: modelClass = [-99, 0, 0], modelEntropy = [0.0, 0.0, 0.0], modelConfidence = [0.0, 0.0, 0.0]
01-13 01:40:12.044 13639 13724 D SnpeWhyDistractionNativ: Frame number: 135, processFrame: modelClass = [2, 0, 0], modelEntropy = [1.0922261, 0.0, 0.0], modelConfidence = [0.3808468, 0.0, 0.0]
01-13 01:40:12.135 13639 13724 D SnpeWhyDistractionNativ: Frame number: 136, processFrame: modelClass = [-99, 0, 0], modelEntropy = [0.0, 0.0, 0.0], modelConfidence = [0.0, 0.0, 0.0]
01-13 01:40:12.217 13639 13724 D SnpeWhyDistractionNativ: Frame number: 137, processFrame: modelClass = [-99, 0, 0], modelEntropy = [0.0, 0.0, 0.0], modelConfidence = [0.0, 0.0, 0.0]
01-13 01:40:12.347 13639 13724 D SnpeWhyDistractionNativ: Frame number: 138, processFrame: modelClass = [0, 0, 0], modelEntropy = [1.1303697, 0.0, 0.0], modelConfidence = [0.39018124, 0.0, 0.0]
01-13 01:40:12.433 13639 13724 D SnpeWhyDistractionNativ: Frame number: 139, processFrame: modelClass = [-99, 0, 0], modelEntropy = [0.0, 0.0, 0.0], modelConfidence = [0.0, 0.0, 0.0]
01-13 01:40:12.523 13639 13724 D SnpeWhyDistractionNativ: Frame number: 140, processFrame: modelClass = [-99, 0, 0], modelEntropy = [0.0, 0.0, 0.0], modelConfidence = [0.0, 0.0, 0.0]
01-13 01:40:12.643 13639 13724 D SnpeWhyDistractionNativ: Frame number: 141, processFrame: modelClass = [3, 0, 0], modelEntropy = [1.0440394, 0.0, 0.0], modelConfidence = [0.52469224, 0.0, 0.0]
01-13 01:40:12.719 13639 13724 D SnpeWhyDistractionNativ: Frame number: 142, processFrame: modelClass = [-99, 0, 0], modelEntropy = [0.0, 0.0, 0.0], modelConfidence = [0.0, 0.0, 0.0]
01-13 01:40:12.814 13639 13724 D SnpeWhyDistractionNativ: Frame number: 143, processFrame: modelClass = [-99, 0, 0], modelEntropy = [0.0, 0.0, 0.0], modelConfidence = [0.0, 0.0, 0.0]
01-13 01:40:12.947 13639 13724 D SnpeWhyDistractionNativ: Frame number: 144, processFrame: modelClass = [2, 0, 0], modelEntropy = [1.0667222, 0.0, 0.0], modelConfidence = [0.43263054, 0.0, 0.0]
01-13 01:40:13.046 13639 13724 D SnpeWhyDistractionNativ: Frame number: 145, processFrame: modelClass = [-99, 0, 0], modelEntropy = [0.0, 0.0, 0.0], modelConfidence = [0.0, 0.0, 0.0]
01-13 01:40:13.138 13639 13724 D SnpeWhyDistractionNativ: Frame number: 146, processFrame: modelClass = [-99, 0, 0], modelEntropy = [0.0, 0.0, 0.0], modelConfidence = [0.0, 0.0, 0.0]
01-13 01:40:13.251 13639 13724 D SnpeWhyDistractionNativ: Frame number: 147, processFrame: modelClass = [3, 0, 0], modelEntropy = [1.1109319, 0.0, 0.0], modelConfidence = [0.3955861, 0.0, 0.0]
01-13 01:40:13.311 13639 13724 D SnpeWhyDistractionNativ: Frame number: 148, processFrame: modelClass = [-99, 0, 0], modelEntropy = [0.0, 0.0, 0.0], modelConfidence = [0.0, 0.0, 0.0]
01-13 01:40:13.413 13639 13724 D SnpeWhyDistractionNativ: Frame number: 149, processFrame: modelClass = [-99, 0, 0], modelEntropy = [0.0, 0.0, 0.0], modelConfidence = [0.0, 0.0, 0.0]
01-13 01:40:13.537 13639 13724 D SnpeWhyDistractionNativ: Frame number: 150, processFrame: modelClass = [3, 0, 0], modelEntropy = [1.1073787, 0.0, 0.0], modelConfidence = [0.39328477, 0.0, 0.0]
01-13 01:40:13.634 13639 13724 D SnpeWhyDistractionNativ: Frame number: 151, processFrame: modelClass = [-99, 0, 0], modelEntropy = [0.0, 0.0, 0.0], modelConfidence = [0.0, 0.0, 0.0]
01-13 01:40:13.710 13639 13724 D SnpeWhyDistractionNativ: Frame number: 152, processFrame: modelClass = [-99, 0, 0], modelEntropy = [0.0, 0.0, 0.0], modelConfidence = [0.0, 0.0, 0.0]
01-13 01:40:13.868 13639 13724 D SnpeWhyDistractionNativ: Frame number: 153, processFrame: modelClass = [3, 0, 0], modelEntropy = [1.1116887, 0.0, 0.0], modelConfidence = [0.44665468, 0.0, 0.0]
01-13 01:40:13.920 13639 13724 D SnpeWhyDistractionNativ: Frame number: 154, processFrame: modelClass = [-99, 0, 0], modelEntropy = [0.0, 0.0, 0.0], modelConfidence = [0.0, 0.0, 0.0]
01-13 01:40:14.025 13639 13724 D SnpeWhyDistractionNativ: Frame number: 155, processFrame: modelClass = [-99, 0, 0], modelEntropy = [0.0, 0.0, 0.0], modelConfidence = [0.0, 0.0, 0.0]
01-13 01:40:14.136 13639 13724 D SnpeWhyDistractionNativ: Frame number: 156, processFrame: modelClass = [2, 0, 0], modelEntropy = [1.1823156, 0.0, 0.0], modelConfidence = [0.39379728, 0.0, 0.0]
01-13 01:40:14.223 13639 13724 D SnpeWhyDistractionNativ: Frame number: 157, processFrame: modelClass = [-99, 0, 0], modelEntropy = [0.0, 0.0, 0.0], modelConfidence = [0.0, 0.0, 0.0]
01-13 01:40:14.309 13639 13724 D SnpeWhyDistractionNativ: Frame number: 158, processFrame: modelClass = [-99, 0, 0], modelEntropy = [0.0, 0.0, 0.0], modelConfidence = [0.0, 0.0, 0.0]
01-13 01:40:14.438 13639 13724 D SnpeWhyDistractionNativ: Frame number: 159, processFrame: modelClass = [0, 0, 0], modelEntropy = [1.0697328, 0.0, 0.0], modelConfidence = [0.45684242, 0.0, 0.0]
01-13 01:40:14.518 13639 13724 D SnpeWhyDistractionNativ: Frame number: 160, processFrame: modelClass = [-99, 0, 0], modelEntropy = [0.0, 0.0, 0.0], modelConfidence = [0.0, 0.0, 0.0]
01-13 01:40:14.611 13639 13724 D SnpeWhyDistractionNativ: Frame number: 161, processFrame: modelClass = [-99, 0, 0], modelEntropy = [0.0, 0.0, 0.0], modelConfidence = [0.0, 0.0, 0.0]
01-13 01:40:14.772 13639 13724 D SnpeWhyDistractionNativ: Frame number: 162, processFrame: modelClass = [2, 0, 0], modelEntropy = [1.1332666, 0.0, 0.0], modelConfidence = [0.37077165, 0.0, 0.0]
01-13 01:40:14.861 13639 13724 D SnpeWhyDistractionNativ: Frame number: 163, processFrame: modelClass = [-99, 0, 0], modelEntropy = [0.0, 0.0, 0.0], modelConfidence = [0.0, 0.0, 0.0]
01-13 01:40:14.912 13639 13724 D SnpeWhyDistractionNativ: Frame number: 164, processFrame: modelClass = [-99, 0, 0], modelEntropy = [0.0, 0.0, 0.0], modelConfidence = [0.0, 0.0, 0.0]
01-13 01:40:15.032 13639 13724 D SnpeWhyDistractionNativ: Frame number: 165, processFrame: modelClass = [2, 0, 0], modelEntropy = [1.1058124, 0.0, 0.0], modelConfidence = [0.5412802, 0.0, 0.0]
01-13 01:40:15.116 13639 13724 D SnpeWhyDistractionNativ: Frame number: 166, processFrame: modelClass = [-99, 0, 0], modelEntropy = [0.0, 0.0, 0.0], modelConfidence = [0.0, 0.0, 0.0]
01-13 01:40:15.220 13639 13724 D SnpeWhyDistractionNativ: Frame number: 167, processFrame: modelClass = [-99, 0, 0], modelEntropy = [0.0, 0.0, 0.0], modelConfidence = [0.0, 0.0, 0.0]
01-13 01:40:15.350 13639 13724 D SnpeWhyDistractionNativ: Frame number: 168, processFrame: modelClass = [2, 0, 0], modelEntropy = [1.0998198, 0.0, 0.0], modelConfidence = [0.36691794, 0.0, 0.0]
01-13 01:40:15.419 13639 13724 D SnpeWhyDistractionNativ: Frame number: 169, processFrame: modelClass = [-99, 0, 0], modelEntropy = [0.0, 0.0, 0.0], modelConfidence = [0.0, 0.0, 0.0]
01-13 01:40:15.506 13639 13724 D SnpeWhyDistractionNativ: Frame number: 170, processFrame: modelClass = [-99, 0, 0], modelEntropy = [0.0, 0.0, 0.0], modelConfidence = [0.0, 0.0, 0.0]
01-13 01:40:15.653 13639 13724 D SnpeWhyDistractionNativ: Frame number: 171, processFrame: modelClass = [2, 0, 0], modelEntropy = [1.0719713, 0.0, 0.0], modelConfidence = [0.4035641, 0.0, 0.0]
01-13 01:40:15.711 13639 13724 D SnpeWhyDistractionNativ: Frame number: 172, processFrame: modelClass = [-99, 0, 0], modelEntropy = [0.0, 0.0, 0.0], modelConfidence = [0.0, 0.0, 0.0]
01-13 01:40:15.810 13639 13724 D SnpeWhyDistractionNativ: Frame number: 173, processFrame: modelClass = [-99, 0, 0], modelEntropy = [0.0, 0.0, 0.0], modelConfidence = [0.0, 0.0, 0.0]
01-13 01:40:15.928 13639 13724 D SnpeWhyDistractionNativ: Frame number: 174, processFrame: modelClass = [2, 0, 0], modelEntropy = [1.0730734, 0.0, 0.0], modelConfidence = [0.41096506, 0.0, 0.0]
01-13 01:40:16.019 13639 13724 D SnpeWhyDistractionNativ: Frame number: 175, processFrame: modelClass = [-99, 0, 0], modelEntropy = [0.0, 0.0, 0.0], modelConfidence = [0.0, 0.0, 0.0]
01-13 01:40:16.127 13639 13724 D SnpeWhyDistractionNativ: Frame number: 176, processFrame: modelClass = [-99, 0, 0], modelEntropy = [0.0, 0.0, 0.0], modelConfidence = [0.0, 0.0, 0.0]
01-13 01:40:16.248 13639 13724 D SnpeWhyDistractionNativ: Frame number: 177, processFrame: modelClass = [3, 0, 0], modelEntropy = [1.1104633, 0.0, 0.0], modelConfidence = [0.37216586, 0.0, 0.0]
01-13 01:40:16.312 13639 13724 D SnpeWhyDistractionNativ: Frame number: 178, processFrame: modelClass = [-99, 0, 0], modelEntropy = [0.0, 0.0, 0.0], modelConfidence = [0.0, 0.0, 0.0]
01-13 01:40:16.407 13639 13724 D SnpeWhyDistractionNativ: Frame number: 179, processFrame: modelClass = [-99, 0, 0], modelEntropy = [0.0, 0.0, 0.0], modelConfidence = [0.0, 0.0, 0.0]
01-13 01:40:16.547 13639 13724 D SnpeWhyDistractionNativ: Frame number: 180, processFrame: modelClass = [2, 0, 0], modelEntropy = [1.0995909, 0.0, 0.0], modelConfidence = [0.35879737, 0.0, 0.0]
01-13 01:40:16.614 13639 13724 D SnpeWhyDistractionNativ: Frame number: 181, processFrame: modelClass = [-99, 0, 0], modelEntropy = [0.0, 0.0, 0.0], modelConfidence = [0.0, 0.0, 0.0]
01-13 01:40:16.718 13639 13724 D SnpeWhyDistractionNativ: Frame number: 182, processFrame: modelClass = [-99, 0, 0], modelEntropy = [0.0, 0.0, 0.0], modelConfidence = [0.0, 0.0, 0.0]
01-13 01:40:16.831 13639 13724 D SnpeWhyDistractionNativ: Frame number: 183, processFrame: modelClass = [2, 0, 0], modelEntropy = [1.069438, 0.0, 0.0], modelConfidence = [0.4445059, 0.0, 0.0]
01-13 01:40:16.915 13639 13724 D SnpeWhyDistractionNativ: Frame number: 184, processFrame: modelClass = [-99, 0, 0], modelEntropy = [0.0, 0.0, 0.0], modelConfidence = [0.0, 0.0, 0.0]
01-13 01:40:17.013 13639 13724 D SnpeWhyDistractionNativ: Frame number: 185, processFrame: modelClass = [-99, 0, 0], modelEntropy = [0.0, 0.0, 0.0], modelConfidence = [0.0, 0.0, 0.0]
01-13 01:40:17.155 13639 13724 D SnpeWhyDistractionNativ: Frame number: 186, processFrame: modelClass = [2, 0, 0], modelEntropy = [1.0328066, 0.0, 0.0], modelConfidence = [0.47034225, 0.0, 0.0]
01-13 01:40:17.220 13639 13724 D SnpeWhyDistractionNativ: Frame number: 187, processFrame: modelClass = [-99, 0, 0], modelEntropy = [0.0, 0.0, 0.0], modelConfidence = [0.0, 0.0, 0.0]
01-13 01:40:17.317 13639 13724 D SnpeWhyDistractionNativ: Frame number: 188, processFrame: modelClass = [-99, 0, 0], modelEntropy = [0.0, 0.0, 0.0], modelConfidence = [0.0, 0.0, 0.0]
01-13 01:40:17.455 13639 13724 D SnpeWhyDistractionNativ: Frame number: 189, processFrame: modelClass = [3, 0, 0], modelEntropy = [1.0652467, 0.0, 0.0], modelConfidence = [0.47829145, 0.0, 0.0]
01-13 01:40:17.526 13639 13724 D SnpeWhyDistractionNativ: Frame number: 190, processFrame: modelClass = [-99, 0, 0], modelEntropy = [0.0, 0.0, 0.0], modelConfidence = [0.0, 0.0, 0.0]
01-13 01:40:17.639 13639 13724 D SnpeWhyDistractionNativ: Frame number: 191, processFrame: modelClass = [-99, 0, 0], modelEntropy = [0.0, 0.0, 0.0], modelConfidence = [0.0, 0.0, 0.0]
01-13 01:40:17.769 13639 13724 D SnpeWhyDistractionNativ: Frame number: 192, processFrame: modelClass = [3, 0, 0], modelEntropy = [1.0683341, 0.0, 0.0], modelConfidence = [0.45233783, 0.0, 0.0]
01-13 01:40:17.873 13639 13724 D SnpeWhyDistractionNativ: Frame number: 193, processFrame: modelClass = [-99, 0, 0], modelEntropy = [0.0, 0.0, 0.0], modelConfidence = [0.0, 0.0, 0.0]
01-13 01:40:17.951 13639 13724 D SnpeWhyDistractionNativ: Frame number: 194, processFrame: modelClass = [-99, 0, 0], modelEntropy = [0.0, 0.0, 0.0], modelConfidence = [0.0, 0.0, 0.0]
01-13 01:40:18.075 13639 13724 D SnpeWhyDistractionNativ: Frame number: 195, processFrame: modelClass = [3, 0, 0], modelEntropy = [1.0113648, 0.0, 0.0], modelConfidence = [0.5472487, 0.0, 0.0]
01-13 01:40:18.150 13639 13724 D SnpeWhyDistractionNativ: Frame number: 196, processFrame: modelClass = [-99, 0, 0], modelEntropy = [0.0, 0.0, 0.0], modelConfidence = [0.0, 0.0, 0.0]
01-13 01:40:18.244 13639 13724 D SnpeWhyDistractionNativ: Frame number: 197, processFrame: modelClass = [-99, 0, 0], modelEntropy = [0.0, 0.0, 0.0], modelConfidence = [0.0, 0.0, 0.0]
01-13 01:40:18.379 13639 13724 D SnpeWhyDistractionNativ: Frame number: 198, processFrame: modelClass = [3, 0, 0], modelEntropy = [1.053747, 0.0, 0.0], modelConfidence = [0.4816739, 0.0, 0.0]
01-13 01:40:18.477 13639 13724 D SnpeWhyDistractionNativ: Frame number: 199, processFrame: modelClass = [-99, 0, 0], modelEntropy = [0.0, 0.0, 0.0], modelConfidence = [0.0, 0.0, 0.0]
01-13 01:40:18.570 13639 13724 D SnpeWhyDistractionNativ: Frame number: 200, processFrame: modelClass = [-99, 0, 0], modelEntropy = [0.0, 0.0, 0.0], modelConfidence = [0.0, 0.0, 0.0]
01-13 01:40:18.684 13639 13724 D SnpeWhyDistractionNativ: Frame number: 201, processFrame: modelClass = [3, 0, 0], modelEntropy = [0.9290356, 0.0, 0.0], modelConfidence = [0.63629687, 0.0, 0.0]
01-13 01:40:18.726 13639 13724 D SnpeWhyDistractionNativ: Frame number: 202, processFrame: modelClass = [-99, 0, 0], modelEntropy = [0.0, 0.0, 0.0], modelConfidence = [0.0, 0.0, 0.0]
01-13 01:40:18.848 13639 13724 D SnpeWhyDistractionNativ: Frame number: 203, processFrame: modelClass = [-99, 0, 0], modelEntropy = [0.0, 0.0, 0.0], modelConfidence = [0.0, 0.0, 0.0]
01-13 01:40:18.969 13639 13724 D SnpeWhyDistractionNativ: Frame number: 204, processFrame: modelClass = [3, 0, 0], modelEntropy = [0.9963327, 0.0, 0.0], modelConfidence = [0.5233997, 0.0, 0.0]
01-13 01:40:19.040 13639 13724 D SnpeWhyDistractionNativ: Frame number: 205, processFrame: modelClass = [-99, 0, 0], modelEntropy = [0.0, 0.0, 0.0], modelConfidence = [0.0, 0.0, 0.0]
01-13 01:40:19.118 13639 13724 D SnpeWhyDistractionNativ: Frame number: 206, processFrame: modelClass = [-99, 0, 0], modelEntropy = [0.0, 0.0, 0.0], modelConfidence = [0.0, 0.0, 0.0]
01-13 01:40:19.273 13639 13724 D SnpeWhyDistractionNativ: Frame number: 207, processFrame: modelClass = [3, 0, 0], modelEntropy = [1.0611838, 0.0, 0.0], modelConfidence = [0.42949006, 0.0, 0.0]
01-13 01:40:19.374 13639 13724 D SnpeWhyDistractionNativ: Frame number: 208, processFrame: modelClass = [-99, 0, 0], modelEntropy = [0.0, 0.0, 0.0], modelConfidence = [0.0, 0.0, 0.0]
01-13 01:40:19.449 13639 13724 D SnpeWhyDistractionNativ: Frame number: 209, processFrame: modelClass = [-99, 0, 0], modelEntropy = [0.0, 0.0, 0.0], modelConfidence = [0.0, 0.0, 0.0]
01-13 01:40:19.550 13639 13724 D SnpeWhyDistractionNativ: Frame number: 210, processFrame: modelClass = [3, 0, 0], modelEntropy = [1.0863591, 0.0, 0.0], modelConfidence = [0.43399078, 0.0, 0.0]
01-13 01:40:19.652 13639 13724 D SnpeWhyDistractionNativ: Frame number: 211, processFrame: modelClass = [-99, 0, 0], modelEntropy = [0.0, 0.0, 0.0], modelConfidence = [0.0, 0.0, 0.0]
01-13 01:40:19.749 13639 13724 D SnpeWhyDistractionNativ: Frame number: 212, processFrame: modelClass = [-99, 0, 0], modelEntropy = [0.0, 0.0, 0.0], modelConfidence = [0.0, 0.0, 0.0]
01-13 01:40:19.888 13639 13724 D SnpeWhyDistractionNativ: Frame number: 213, processFrame: modelClass = [3, 0, 0], modelEntropy = [1.0033709, 0.0, 0.0], modelConfidence = [0.55748796, 0.0, 0.0]
01-13 01:40:19.953 13639 13724 D SnpeWhyDistractionNativ: Frame number: 214, processFrame: modelClass = [-99, 0, 0], modelEntropy = [0.0, 0.0, 0.0], modelConfidence = [0.0, 0.0, 0.0]
01-13 01:40:20.040 13639 13724 D SnpeWhyDistractionNativ: Frame number: 215, processFrame: modelClass = [-99, 0, 0], modelEntropy = [0.0, 0.0, 0.0], modelConfidence = [0.0, 0.0, 0.0]
01-13 01:40:20.179 13639 13724 D SnpeWhyDistractionNativ: Frame number: 216, processFrame: modelClass = [0, 0, 0], modelEntropy = [1.1008548, 0.0, 0.0], modelConfidence = [0.34785077, 0.0, 0.0]
01-13 01:40:20.276 13639 13724 D SnpeWhyDistractionNativ: Frame number: 217, processFrame: modelClass = [-99, 0, 0], modelEntropy = [0.0, 0.0, 0.0], modelConfidence = [0.0, 0.0, 0.0]
01-13 01:40:20.349 13639 13724 D SnpeWhyDistractionNativ: Frame number: 218, processFrame: modelClass = [-99, 0, 0], modelEntropy = [0.0, 0.0, 0.0], modelConfidence = [0.0, 0.0, 0.0]
01-13 01:40:20.471 13639 13724 D SnpeWhyDistractionNativ: Frame number: 219, processFrame: modelClass = [3, 0, 0], modelEntropy = [1.0153607, 0.0, 0.0], modelConfidence = [0.4801447, 0.0, 0.0]
01-13 01:40:20.552 13639 13724 D SnpeWhyDistractionNativ: Frame number: 220, processFrame: modelClass = [-99, 0, 0], modelEntropy = [0.0, 0.0, 0.0], modelConfidence = [0.0, 0.0, 0.0]
01-13 01:40:20.641 13639 13724 D SnpeWhyDistractionNativ: Frame number: 221, processFrame: modelClass = [-99, 0, 0], modelEntropy = [0.0, 0.0, 0.0], modelConfidence = [0.0, 0.0, 0.0]
01-13 01:40:20.770 13639 13724 D SnpeWhyDistractionNativ: Frame number: 222, processFrame: modelClass = [3, 0, 0], modelEntropy = [1.0270952, 0.0, 0.0], modelConfidence = [0.5303673, 0.0, 0.0]
01-13 01:40:20.851 13639 13724 D SnpeWhyDistractionNativ: Frame number: 223, processFrame: modelClass = [-99, 0, 0], modelEntropy = [0.0, 0.0, 0.0], modelConfidence = [0.0, 0.0, 0.0]
01-13 01:40:20.989 13639 13724 D SnpeWhyDistractionNativ: Frame number: 224, processFrame: modelClass = [-99, 0, 0], modelEntropy = [0.0, 0.0, 0.0], modelConfidence = [0.0, 0.0, 0.0]
01-13 01:40:21.075 13639 13724 D SnpeWhyDistractionNativ: Frame number: 225, processFrame: modelClass = [3, 0, 0], modelEntropy = [1.0951942, 0.0, 0.0], modelConfidence = [0.37995577, 0.0, 0.0]
01-13 01:40:21.150 13639 13724 D SnpeWhyDistractionNativ: Frame number: 226, processFrame: modelClass = [-99, 0, 0], modelEntropy = [0.0, 0.0, 0.0], modelConfidence = [0.0, 0.0, 0.0]
01-13 01:40:21.252 13639 13724 D SnpeWhyDistractionNativ: Frame number: 227, processFrame: modelClass = [-99, 0, 0], modelEntropy = [0.0, 0.0, 0.0], modelConfidence = [0.0, 0.0, 0.0]
01-13 01:40:21.372 13639 13724 D SnpeWhyDistractionNativ: Frame number: 228, processFrame: modelClass = [2, 0, 0], modelEntropy = [1.1031421, 0.0, 0.0], modelConfidence = [0.39985973, 0.0, 0.0]
01-13 01:40:21.445 13639 13724 D SnpeWhyDistractionNativ: Frame number: 229, processFrame: modelClass = [-99, 0, 0], modelEntropy = [0.0, 0.0, 0.0], modelConfidence = [0.0, 0.0, 0.0]
01-13 01:40:21.549 13639 13724 D SnpeWhyDistractionNativ: Frame number: 230, processFrame: modelClass = [-99, 0, 0], modelEntropy = [0.0, 0.0, 0.0], modelConfidence = [0.0, 0.0, 0.0]
01-13 01:40:21.680 13639 13724 D SnpeWhyDistractionNativ: Frame number: 231, processFrame: modelClass = [3, 0, 0], modelEntropy = [1.0450381, 0.0, 0.0], modelConfidence = [0.49981743, 0.0, 0.0]
01-13 01:40:21.753 13639 13724 D SnpeWhyDistractionNativ: Frame number: 232, processFrame: modelClass = [-99, 0, 0], modelEntropy = [0.0, 0.0, 0.0], modelConfidence = [0.0, 0.0, 0.0]
01-13 01:40:21.844 13639 13724 D SnpeWhyDistractionNativ: Frame number: 233, processFrame: modelClass = [-99, 0, 0], modelEntropy = [0.0, 0.0, 0.0], modelConfidence = [0.0, 0.0, 0.0]
01-13 01:40:21.969 13639 13724 D SnpeWhyDistractionNativ: Frame number: 234, processFrame: modelClass = [3, 0, 0], modelEntropy = [1.0462112, 0.0, 0.0], modelConfidence = [0.47596607, 0.0, 0.0]
01-13 01:40:22.047 13639 13724 D SnpeWhyDistractionNativ: Frame number: 235, processFrame: modelClass = [-99, 0, 0], modelEntropy = [0.0, 0.0, 0.0], modelConfidence = [0.0, 0.0, 0.0]
01-13 01:40:22.145 13639 13724 D SnpeWhyDistractionNativ: Frame number: 236, processFrame: modelClass = [-99, 0, 0], modelEntropy = [0.0, 0.0, 0.0], modelConfidence = [0.0, 0.0, 0.0]
01-13 01:40:22.291 13639 13724 D SnpeWhyDistractionNativ: Frame number: 237, processFrame: modelClass = [0, 0, 0], modelEntropy = [1.1061362, 0.0, 0.0], modelConfidence = [0.3946979, 0.0, 0.0]
01-13 01:40:22.368 13639 13724 D SnpeWhyDistractionNativ: Frame number: 238, processFrame: modelClass = [-99, 0, 0], modelEntropy = [0.0, 0.0, 0.0], modelConfidence = [0.0, 0.0, 0.0]
01-13 01:40:22.467 13639 13724 D SnpeWhyDistractionNativ: Frame number: 239, processFrame: modelClass = [-99, 0, 0], modelEntropy = [0.0, 0.0, 0.0], modelConfidence = [0.0, 0.0, 0.0]
01-13 01:40:22.578 13639 13724 D SnpeWhyDistractionNativ: Frame number: 240, processFrame: modelClass = [3, 0, 0], modelEntropy = [1.0219126, 0.0, 0.0], modelConfidence = [0.52087355, 0.0, 0.0]
01-13 01:40:22.654 13639 13724 D SnpeWhyDistractionNativ: Frame number: 241, processFrame: modelClass = [-99, 0, 0], modelEntropy = [0.0, 0.0, 0.0], modelConfidence = [0.0, 0.0, 0.0]
01-13 01:40:22.741 13639 13724 D SnpeWhyDistractionNativ: Frame number: 242, processFrame: modelClass = [-99, 0, 0], modelEntropy = [0.0, 0.0, 0.0], modelConfidence = [0.0, 0.0, 0.0]
01-13 01:40:22.878 13639 13724 D SnpeWhyDistractionNativ: Frame number: 243, processFrame: modelClass = [3, 0, 0], modelEntropy = [0.99265456, 0.0, 0.0], modelConfidence = [0.59209216, 0.0, 0.0]
01-13 01:40:22.958 13639 13724 D SnpeWhyDistractionNativ: Frame number: 244, processFrame: modelClass = [-99, 0, 0], modelEntropy = [0.0, 0.0, 0.0], modelConfidence = [0.0, 0.0, 0.0]
01-13 01:40:23.044 13639 13724 D SnpeWhyDistractionNativ: Frame number: 245, processFrame: modelClass = [-99, 0, 0], modelEntropy = [0.0, 0.0, 0.0], modelConfidence = [0.0, 0.0, 0.0]
01-13 01:40:23.183 13639 13724 D SnpeWhyDistractionNativ: Frame number: 246, processFrame: modelClass = [3, 0, 0], modelEntropy = [0.93311125, 0.0, 0.0], modelConfidence = [0.60990244, 0.0, 0.0]
01-13 01:40:23.287 13639 13724 D SnpeWhyDistractionNativ: Frame number: 247, processFrame: modelClass = [-99, 0, 0], modelEntropy = [0.0, 0.0, 0.0], modelConfidence = [0.0, 0.0, 0.0]
01-13 01:40:23.359 13639 13724 D SnpeWhyDistractionNativ: Frame number: 248, processFrame: modelClass = [-99, 0, 0], modelEntropy = [0.0, 0.0, 0.0], modelConfidence = [0.0, 0.0, 0.0]
01-13 01:40:23.478 13639 13724 D SnpeWhyDistractionNativ: Frame number: 249, processFrame: modelClass = [3, 0, 0], modelEntropy = [0.9928131, 0.0, 0.0], modelConfidence = [0.55843323, 0.0, 0.0]
01-13 01:40:23.556 13639 13724 D SnpeWhyDistractionNativ: Frame number: 250, processFrame: modelClass = [-99, 0, 0], modelEntropy = [0.0, 0.0, 0.0], modelConfidence = [0.0, 0.0, 0.0]
01-13 01:40:23.657 13639 13724 D SnpeWhyDistractionNativ: Frame number: 251, processFrame: modelClass = [-99, 0, 0], modelEntropy = [0.0, 0.0, 0.0], modelConfidence = [0.0, 0.0, 0.0]
01-13 01:40:23.760 13639 13724 D SnpeWhyDistractionNativ: Frame number: 252, processFrame: modelClass = [3, 0, 0], modelEntropy = [1.0514028, 0.0, 0.0], modelConfidence = [0.45932686, 0.0, 0.0]
01-13 01:40:23.846 13639 13724 D SnpeWhyDistractionNativ: Frame number: 253, processFrame: modelClass = [-99, 0, 0], modelEntropy = [0.0, 0.0, 0.0], modelConfidence = [0.0, 0.0, 0.0]
01-13 01:40:23.941 13639 13724 D SnpeWhyDistractionNativ: Frame number: 254, processFrame: modelClass = [-99, 0, 0], modelEntropy = [0.0, 0.0, 0.0], modelConfidence = [0.0, 0.0, 0.0]
01-13 01:40:24.077 13639 13724 D SnpeWhyDistractionNativ: Frame number: 255, processFrame: modelClass = [3, 0, 0], modelEntropy = [1.065977, 0.0, 0.0], modelConfidence = [0.44390988, 0.0, 0.0]
01-13 01:40:24.151 13639 13724 D SnpeWhyDistractionNativ: Frame number: 256, processFrame: modelClass = [-99, 0, 0], modelEntropy = [0.0, 0.0, 0.0], modelConfidence = [0.0, 0.0, 0.0]
01-13 01:40:24.252 13639 13724 D SnpeWhyDistractionNativ: Frame number: 257, processFrame: modelClass = [-99, 0, 0], modelEntropy = [0.0, 0.0, 0.0], modelConfidence = [0.0, 0.0, 0.0]
01-13 01:40:24.351 13639 13724 D SnpeWhyDistractionNativ: Frame number: 258, processFrame: modelClass = [3, 0, 0], modelEntropy = [1.0032977, 0.0, 0.0], modelConfidence = [0.5554352, 0.0, 0.0]
01-13 01:40:24.450 13639 13724 D SnpeWhyDistractionNativ: Frame number: 259, processFrame: modelClass = [-99, 0, 0], modelEntropy = [0.0, 0.0, 0.0], modelConfidence = [0.0, 0.0, 0.0]
01-13 01:40:24.558 13639 13724 D SnpeWhyDistractionNativ: Frame number: 260, processFrame: modelClass = [-99, 0, 0], modelEntropy = [0.0, 0.0, 0.0], modelConfidence = [0.0, 0.0, 0.0]
01-13 01:40:24.681 13639 13724 D SnpeWhyDistractionNativ: Frame number: 261, processFrame: modelClass = [3, 0, 0], modelEntropy = [0.995846, 0.0, 0.0], modelConfidence = [0.5529002, 0.0, 0.0]
01-13 01:40:24.758 13639 13724 D SnpeWhyDistractionNativ: Frame number: 262, processFrame: modelClass = [-99, 0, 0], modelEntropy = [0.0, 0.0, 0.0], modelConfidence = [0.0, 0.0, 0.0]
01-13 01:40:24.846 13639 13724 D SnpeWhyDistractionNativ: Frame number: 263, processFrame: modelClass = [-99, 0, 0], modelEntropy = [0.0, 0.0, 0.0], modelConfidence = [0.0, 0.0, 0.0]
01-13 01:40:25.006 13639 13724 D SnpeWhyDistractionNativ: Frame number: 264, processFrame: modelClass = [3, 0, 0], modelEntropy = [1.0019438, 0.0, 0.0], modelConfidence = [0.49784034, 0.0, 0.0]
01-13 01:40:25.073 13639 13724 D SnpeWhyDistractionNativ: Frame number: 265, processFrame: modelClass = [-99, 0, 0], modelEntropy = [0.0, 0.0, 0.0], modelConfidence = [0.0, 0.0, 0.0]
01-13 01:40:25.176 13639 13724 D SnpeWhyDistractionNativ: Frame number: 266, processFrame: modelClass = [-99, 0, 0], modelEntropy = [0.0, 0.0, 0.0], modelConfidence = [0.0, 0.0, 0.0]
01-13 01:40:25.276 13639 13724 D SnpeWhyDistractionNativ: Frame number: 267, processFrame: modelClass = [3, 0, 0], modelEntropy = [1.0678251, 0.0, 0.0], modelConfidence = [0.43852144, 0.0, 0.0]
01-13 01:40:25.357 13639 13724 D SnpeWhyDistractionNativ: Frame number: 268, processFrame: modelClass = [-99, 0, 0], modelEntropy = [0.0, 0.0, 0.0], modelConfidence = [0.0, 0.0, 0.0]
01-13 01:40:25.459 13639 13724 D SnpeWhyDistractionNativ: Frame number: 269, processFrame: modelClass = [-99, 0, 0], modelEntropy = [0.0, 0.0, 0.0], modelConfidence = [0.0, 0.0, 0.0]
01-13 01:40:25.579 13639 13724 D SnpeWhyDistractionNativ: Frame number: 270, processFrame: modelClass = [3, 0, 0], modelEntropy = [1.1124724, 0.0, 0.0], modelConfidence = [0.45434126, 0.0, 0.0]
01-13 01:40:25.658 13639 13724 D SnpeWhyDistractionNativ: Frame number: 271, processFrame: modelClass = [-99, 0, 0], modelEntropy = [0.0, 0.0, 0.0], modelConfidence = [0.0, 0.0, 0.0]
01-13 01:40:25.745 13639 13724 D SnpeWhyDistractionNativ: Frame number: 272, processFrame: modelClass = [-99, 0, 0], modelEntropy = [0.0, 0.0, 0.0], modelConfidence = [0.0, 0.0, 0.0]
01-13 01:40:25.884 13639 13724 D SnpeWhyDistractionNativ: Frame number: 273, processFrame: modelClass = [3, 0, 0], modelEntropy = [0.95396334, 0.0, 0.0], modelConfidence = [0.4909788, 0.0, 0.0]
01-13 01:40:25.955 13639 13724 D SnpeWhyDistractionNativ: Frame number: 274, processFrame: modelClass = [-99, 0, 0], modelEntropy = [0.0, 0.0, 0.0], modelConfidence = [0.0, 0.0, 0.0]
01-13 01:40:26.047 13639 13724 D SnpeWhyDistractionNativ: Frame number: 275, processFrame: modelClass = [-99, 0, 0], modelEntropy = [0.0, 0.0, 0.0], modelConfidence = [0.0, 0.0, 0.0]
01-13 01:40:26.180 13639 13724 D SnpeWhyDistractionNativ: Frame number: 276, processFrame: modelClass = [3, 0, 0], modelEntropy = [1.0424944, 0.0, 0.0], modelConfidence = [0.46116766, 0.0, 0.0]
01-13 01:40:26.258 13639 13724 D SnpeWhyDistractionNativ: Frame number: 277, processFrame: modelClass = [-99, 0, 0], modelEntropy = [0.0, 0.0, 0.0], modelConfidence = [0.0, 0.0, 0.0]
01-13 01:40:26.358 13639 13724 D SnpeWhyDistractionNativ: Frame number: 278, processFrame: modelClass = [-99, 0, 0], modelEntropy = [0.0, 0.0, 0.0], modelConfidence = [0.0, 0.0, 0.0]
01-13 01:40:26.489 13639 13724 D SnpeWhyDistractionNativ: Frame number: 279, processFrame: modelClass = [2, 0, 0], modelEntropy = [1.1001668, 0.0, 0.0], modelConfidence = [0.37492442, 0.0, 0.0]
01-13 01:40:26.569 13639 13724 D SnpeWhyDistractionNativ: Frame number: 280, processFrame: modelClass = [-99, 0, 0], modelEntropy = [0.0, 0.0, 0.0], modelConfidence = [0.0, 0.0, 0.0]
01-13 01:40:26.652 13639 13724 D SnpeWhyDistractionNativ: Frame number: 281, processFrame: modelClass = [-99, 0, 0], modelEntropy = [0.0, 0.0, 0.0], modelConfidence = [0.0, 0.0, 0.0]
01-13 01:40:26.780 13639 13724 D SnpeWhyDistractionNativ: Frame number: 282, processFrame: modelClass = [0, 0, 0], modelEntropy = [1.1131991, 0.0, 0.0], modelConfidence = [0.38299522, 0.0, 0.0]
01-13 01:40:26.845 13639 13724 D SnpeWhyDistractionNativ: Frame number: 283, processFrame: modelClass = [-99, 0, 0], modelEntropy = [0.0, 0.0, 0.0], modelConfidence = [0.0, 0.0, 0.0]
01-13 01:40:26.940 13639 13724 D SnpeWhyDistractionNativ: Frame number: 284, processFrame: modelClass = [-99, 0, 0], modelEntropy = [0.0, 0.0, 0.0], modelConfidence = [0.0, 0.0, 0.0]
01-13 01:40:27.094 13639 13724 D SnpeWhyDistractionNativ: Frame number: 285, processFrame: modelClass = [3, 0, 0], modelEntropy = [1.0535176, 0.0, 0.0], modelConfidence = [0.4223215, 0.0, 0.0]
01-13 01:40:27.170 13639 13724 D SnpeWhyDistractionNativ: Frame number: 286, processFrame: modelClass = [-99, 0, 0], modelEntropy = [0.0, 0.0, 0.0], modelConfidence = [0.0, 0.0, 0.0]
01-13 01:40:27.246 13639 13724 D SnpeWhyDistractionNativ: Frame number: 287, processFrame: modelClass = [-99, 0, 0], modelEntropy = [0.0, 0.0, 0.0], modelConfidence = [0.0, 0.0, 0.0]
01-13 01:40:27.397 13639 13724 D SnpeWhyDistractionNativ: Frame number: 288, processFrame: modelClass = [3, 0, 0], modelEntropy = [1.070211, 0.0, 0.0], modelConfidence = [0.43044835, 0.0, 0.0]
01-13 01:40:27.455 13639 13724 D SnpeWhyDistractionNativ: Frame number: 289, processFrame: modelClass = [-99, 0, 0], modelEntropy = [0.0, 0.0, 0.0], modelConfidence = [0.0, 0.0, 0.0]
01-13 01:40:27.543 13639 13724 D SnpeWhyDistractionNativ: Frame number: 290, processFrame: modelClass = [-99, 0, 0], modelEntropy = [0.0, 0.0, 0.0], modelConfidence = [0.0, 0.0, 0.0]
01-13 01:40:27.679 13639 13724 D SnpeWhyDistractionNativ: Frame number: 291, processFrame: modelClass = [0, 0, 0], modelEntropy = [1.0439954, 0.0, 0.0], modelConfidence = [0.40901846, 0.0, 0.0]
01-13 01:40:27.753 13639 13724 D SnpeWhyDistractionNativ: Frame number: 292, processFrame: modelClass = [-99, 0, 0], modelEntropy = [0.0, 0.0, 0.0], modelConfidence = [0.0, 0.0, 0.0]
01-13 01:40:27.851 13639 13724 D SnpeWhyDistractionNativ: Frame number: 293, processFrame: modelClass = [-99, 0, 0], modelEntropy = [0.0, 0.0, 0.0], modelConfidence = [0.0, 0.0, 0.0]
01-13 01:40:27.989 13639 13724 D SnpeWhyDistractionNativ: Frame number: 294, processFrame: modelClass = [0, 0, 0], modelEntropy = [0.5376736, 0.0, 0.0], modelConfidence = [0.78094137, 0.0, 0.0]
01-13 01:40:28.055 13639 13724 D SnpeWhyDistractionNativ: Frame number: 295, processFrame: modelClass = [-99, 0, 0], modelEntropy = [0.0, 0.0, 0.0], modelConfidence = [0.0, 0.0, 0.0]
01-13 01:40:28.145 13639 13724 D SnpeWhyDistractionNativ: Frame number: 296, processFrame: modelClass = [-99, 0, 0], modelEntropy = [0.0, 0.0, 0.0], modelConfidence = [0.0, 0.0, 0.0]
01-13 01:40:28.274 13639 13724 D SnpeWhyDistractionNativ: Frame number: 297, processFrame: modelClass = [0, 0, 0], modelEntropy = [0.99328774, 0.0, 0.0], modelConfidence = [0.5065683, 0.0, 0.0]
01-13 01:40:28.375 13639 13724 D SnpeWhyDistractionNativ: Frame number: 298, processFrame: modelClass = [-99, 0, 0], modelEntropy = [0.0, 0.0, 0.0], modelConfidence = [0.0, 0.0, 0.0]
01-13 01:40:28.460 13639 13724 D SnpeWhyDistractionNativ: Frame number: 299, processFrame: modelClass = [-99, 0, 0], modelEntropy = [0.0, 0.0, 0.0], modelConfidence = [0.0, 0.0, 0.0]
01-13 01:40:28.614 13639 13724 D SnpeWhyDistractionNativ: Frame number: 300, processFrame: modelClass = [3, 0, 0], modelEntropy = [0.8339351, 0.0, 0.0], modelConfidence = [0.5638105, 0.0, 0.0]
01-13 01:40:28.660 13639 13724 D SnpeWhyDistractionNativ: Frame number: 301, processFrame: modelClass = [-99, 0, 0], modelEntropy = [0.0, 0.0, 0.0], modelConfidence = [0.0, 0.0, 0.0]
01-13 01:40:28.737 13639 13724 D SnpeWhyDistractionNativ: Frame number: 302, processFrame: modelClass = [-1, 0, 0], modelEntropy = [0.0, 0.0, 0.0], modelConfidence = [0.0, 0.0, 0.0]
01-13 01:40:28.864 13639 13724 D SnpeWhyDistractionNativ: Frame number: 303, processFrame: modelClass = [-1, 0, 0], modelEntropy = [0.0, 0.0, 0.0], modelConfidence = [0.0, 0.0, 0.0]
01-13 01:40:28.974 13639 13724 D SnpeWhyDistractionNativ: Frame number: 304, processFrame: modelClass = [-1, 0, 0], modelEntropy = [0.0, 0.0, 0.0], modelConfidence = [0.0, 0.0, 0.0]
01-13 01:40:29.050 13639 13724 D SnpeWhyDistractionNativ: Frame number: 305, processFrame: modelClass = [-1, 0, 0], modelEntropy = [0.0, 0.0, 0.0], modelConfidence = [0.0, 0.0, 0.0]
01-13 01:40:29.148 13639 13724 D SnpeWhyDistractionNativ: Frame number: 306, processFrame: modelClass = [-1, 0, 0], modelEntropy = [0.0, 0.0, 0.0], modelConfidence = [0.0, 0.0, 0.0]
01-13 01:40:29.270 13639 13724 D SnpeWhyDistractionNativ: Frame number: 307, processFrame: modelClass = [-1, 0, 0], modelEntropy = [0.0, 0.0, 0.0], modelConfidence = [0.0, 0.0, 0.0]
01-13 01:40:29.345 13639 13724 D SnpeWhyDistractionNativ: Frame number: 308, processFrame: modelClass = [-1, 0, 0], modelEntropy = [0.0, 0.0, 0.0], modelConfidence = [0.0, 0.0, 0.0]
01-13 01:40:29.461 13639 13724 D SnpeWhyDistractionNativ: Frame number: 309, processFrame: modelClass = [-1, 0, 0], modelEntropy = [0.0, 0.0, 0.0], modelConfidence = [0.0, 0.0, 0.0]
01-13 01:40:29.556 13639 13724 D SnpeWhyDistractionNativ: Frame number: 310, processFrame: modelClass = [-1, 0, 0], modelEntropy = [0.0, 0.0, 0.0], modelConfidence = [0.0, 0.0, 0.0]
01-13 01:40:29.675 13639 13724 D SnpeWhyDistractionNativ: Frame number: 311, processFrame: modelClass = [-1, 0, 0], modelEntropy = [0.0, 0.0, 0.0], modelConfidence = [0.0, 0.0, 0.0]
01-13 01:40:29.752 13639 13724 D SnpeWhyDistractionNativ: Frame number: 312, processFrame: modelClass = [-1, 0, 0], modelEntropy = [0.0, 0.0, 0.0], modelConfidence = [0.0, 0.0, 0.0]
01-13 01:40:29.853 13639 13724 D SnpeWhyDistractionNativ: Frame number: 313, processFrame: modelClass = [-1, 0, 0], modelEntropy = [0.0, 0.0, 0.0], modelConfidence = [0.0, 0.0, 0.0]
01-13 01:40:29.947 13639 13724 D SnpeWhyDistractionNativ: Frame number: 314, processFrame: modelClass = [-1, 0, 0], modelEntropy = [0.0, 0.0, 0.0], modelConfidence = [0.0, 0.0, 0.0]
01-13 01:40:30.056 13639 13724 D SnpeWhyDistractionNativ: Frame number: 315, processFrame: modelClass = [-1, 0, 0], modelEntropy = [0.0, 0.0, 0.0], modelConfidence = [0.0, 0.0, 0.0]
01-13 01:40:30.152 13639 13724 D SnpeWhyDistractionNativ: Frame number: 316, processFrame: modelClass = [-1, 0, 0], modelEntropy = [0.0, 0.0, 0.0], modelConfidence = [0.0, 0.0, 0.0]
01-13 01:40:30.265 13639 13724 D SnpeWhyDistractionNativ: Frame number: 317, processFrame: modelClass = [-1, 0, 0], modelEntropy = [0.0, 0.0, 0.0], modelConfidence = [0.0, 0.0, 0.0]
01-13 01:40:30.365 13639 13724 D SnpeWhyDistractionNativ: Frame number: 318, processFrame: modelClass = [-1, 0, 0], modelEntropy = [0.0, 0.0, 0.0], modelConfidence = [0.0, 0.0, 0.0]
01-13 01:40:30.464 13639 13724 D SnpeWhyDistractionNativ: Frame number: 319, processFrame: modelClass = [-1, 0, 0], modelEntropy = [0.0, 0.0, 0.0], modelConfidence = [0.0, 0.0, 0.0]
01-13 01:40:30.573 13639 13724 D SnpeWhyDistractionNativ: Frame number: 320, processFrame: modelClass = [-1, 0, 0], modelEntropy = [0.0, 0.0, 0.0], modelConfidence = [0.0, 0.0, 0.0]
01-13 01:40:30.686 13639 13724 D SnpeWhyDistractionNativ: Frame number: 321, processFrame: modelClass = [-1, 0, 0], modelEntropy = [0.0, 0.0, 0.0], modelConfidence = [0.0, 0.0, 0.0]
01-13 01:40:30.769 13639 13724 D SnpeWhyDistractionNativ: Frame number: 322, processFrame: modelClass = [-1, 0, 0], modelEntropy = [0.0, 0.0, 0.0], modelConfidence = [0.0, 0.0, 0.0]
01-13 01:40:30.854 13639 13724 D SnpeWhyDistractionNativ: Frame number: 323, processFrame: modelClass = [-1, 0, 0], modelEntropy = [0.0, 0.0, 0.0], modelConfidence = [0.0, 0.0, 0.0]
01-13 01:40:30.954 13639 13724 D SnpeWhyDistractionNativ: Frame number: 324, processFrame: modelClass = [-1, 0, 0], modelEntropy = [0.0, 0.0, 0.0], modelConfidence = [0.0, 0.0, 0.0]
01-13 01:40:31.065 13639 13724 D SnpeWhyDistractionNativ: Frame number: 325, processFrame: modelClass = [-1, 0, 0], modelEntropy = [0.0, 0.0, 0.0], modelConfidence = [0.0, 0.0, 0.0]
01-13 01:40:31.161 13639 13724 D SnpeWhyDistractionNativ: Frame number: 326, processFrame: modelClass = [-1, 0, 0], modelEntropy = [0.0, 0.0, 0.0], modelConfidence = [0.0, 0.0, 0.0]
01-13 01:40:31.260 13639 13724 D SnpeWhyDistractionNativ: Frame number: 327, processFrame: modelClass = [-1, 0, 0], modelEntropy = [0.0, 0.0, 0.0], modelConfidence = [0.0, 0.0, 0.0]
01-13 01:40:31.357 13639 13724 D SnpeWhyDistractionNativ: Frame number: 328, processFrame: modelClass = [-1, 0, 0], modelEntropy = [0.0, 0.0, 0.0], modelConfidence = [0.0, 0.0, 0.0]
01-13 01:40:31.456 13639 13724 D SnpeWhyDistractionNativ: Frame number: 329, processFrame: modelClass = [-1, 0, 0], modelEntropy = [0.0, 0.0, 0.0], modelConfidence = [0.0, 0.0, 0.0]
01-13 01:40:31.551 13639 13724 D SnpeWhyDistractionNativ: Frame number: 330, processFrame: modelClass = [-1, 0, 0], modelEntropy = [0.0, 0.0, 0.0], modelConfidence = [0.0, 0.0, 0.0]
01-13 01:40:31.673 13639 13724 D SnpeWhyDistractionNativ: Frame number: 331, processFrame: modelClass = [-1, 0, 0], modelEntropy = [0.0, 0.0, 0.0], modelConfidence = [0.0, 0.0, 0.0]
01-13 01:40:31.771 13639 13724 D SnpeWhyDistractionNativ: Frame number: 332, processFrame: modelClass = [-1, 0, 0], modelEntropy = [0.0, 0.0, 0.0], modelConfidence = [0.0, 0.0, 0.0]
01-13 01:40:31.863 13639 13724 D SnpeWhyDistractionNativ: Frame number: 333, processFrame: modelClass = [-1, 0, 0], modelEntropy = [0.0, 0.0, 0.0], modelConfidence = [0.0, 0.0, 0.0]
01-13 01:40:31.953 13639 13724 D SnpeWhyDistractionNativ: Frame number: 334, processFrame: modelClass = [-1, 0, 0], modelEntropy = [0.0, 0.0, 0.0], modelConfidence = [0.0, 0.0, 0.0]
01-13 01:40:32.064 13639 13724 D SnpeWhyDistractionNativ: Frame number: 335, processFrame: modelClass = [-1, 0, 0], modelEntropy = [0.0, 0.0, 0.0], modelConfidence = [0.0, 0.0, 0.0]
01-13 01:40:32.153 13639 13724 D SnpeWhyDistractionNativ: Frame number: 336, processFrame: modelClass = [-1, 0, 0], modelEntropy = [0.0, 0.0, 0.0], modelConfidence = [0.0, 0.0, 0.0]
01-13 01:40:32.262 13639 13724 D SnpeWhyDistractionNativ: Frame number: 337, processFrame: modelClass = [-1, 0, 0], modelEntropy = [0.0, 0.0, 0.0], modelConfidence = [0.0, 0.0, 0.0]
01-13 01:40:32.364 13639 13724 D SnpeWhyDistractionNativ: Frame number: 338, processFrame: modelClass = [-1, 0, 0], modelEntropy = [0.0, 0.0, 0.0], modelConfidence = [0.0, 0.0, 0.0]
01-13 01:40:32.475 13639 13724 D SnpeWhyDistractionNativ: Frame number: 339, processFrame: modelClass = [-1, 0, 0], modelEntropy = [0.0, 0.0, 0.0], modelConfidence = [0.0, 0.0, 0.0]
01-13 01:40:32.555 13639 13724 D SnpeWhyDistractionNativ: Frame number: 340, processFrame: modelClass = [-1, 0, 0], modelEntropy = [0.0, 0.0, 0.0], modelConfidence = [0.0, 0.0, 0.0]
01-13 01:40:32.669 13639 13724 D SnpeWhyDistractionNativ: Frame number: 341, processFrame: modelClass = [-1, 0, 0], modelEntropy = [0.0, 0.0, 0.0], modelConfidence = [0.0, 0.0, 0.0]
01-13 01:40:32.773 13639 13724 D SnpeWhyDistractionNativ: Frame number: 342, processFrame: modelClass = [-1, 0, 0], modelEntropy = [0.0, 0.0, 0.0], modelConfidence = [0.0, 0.0, 0.0]
01-13 01:40:32.874 13639 13724 D SnpeWhyDistractionNativ: Frame number: 343, processFrame: modelClass = [-1, 0, 0], modelEntropy = [0.0, 0.0, 0.0], modelConfidence = [0.0, 0.0, 0.0]
01-13 01:40:32.962 13639 13724 D SnpeWhyDistractionNativ: Frame number: 344, processFrame: modelClass = [-1, 0, 0], modelEntropy = [0.0, 0.0, 0.0], modelConfidence = [0.0, 0.0, 0.0]
01-13 01:40:33.065 13639 13724 D SnpeWhyDistractionNativ: Frame number: 345, processFrame: modelClass = [-1, 0, 0], modelEntropy = [0.0, 0.0, 0.0], modelConfidence = [0.0, 0.0, 0.0]
01-13 01:40:33.164 13639 13724 D SnpeWhyDistractionNativ: Frame number: 346, processFrame: modelClass = [-1, 0, 0], modelEntropy = [0.0, 0.0, 0.0], modelConfidence = [0.0, 0.0, 0.0]
01-13 01:40:33.259 13639 13724 D SnpeWhyDistractionNativ: Frame number: 347, processFrame: modelClass = [-1, 0, 0], modelEntropy = [0.0, 0.0, 0.0], modelConfidence = [0.0, 0.0, 0.0]
01-13 01:40:33.370 13639 13724 D SnpeWhyDistractionNativ: Frame number: 348, processFrame: modelClass = [-1, 0, 0], modelEntropy = [0.0, 0.0, 0.0], modelConfidence = [0.0, 0.0, 0.0]
01-13 01:40:33.478 13639 13724 D SnpeWhyDistractionNativ: Frame number: 349, processFrame: modelClass = [-1, 0, 0], modelEntropy = [0.0, 0.0, 0.0], modelConfidence = [0.0, 0.0, 0.0]
01-13 01:40:33.569 13639 13724 D SnpeWhyDistractionNativ: Frame number: 350, processFrame: modelClass = [-1, 0, 0], modelEntropy = [0.0, 0.0, 0.0], modelConfidence = [0.0, 0.0, 0.0]
01-13 01:40:33.680 13639 13724 D SnpeWhyDistractionNativ: Frame number: 351, processFrame: modelClass = [-1, 0, 0], modelEntropy = [0.0, 0.0, 0.0], modelConfidence = [0.0, 0.0, 0.0]
01-13 01:40:33.771 13639 13724 D SnpeWhyDistractionNativ: Frame number: 352, processFrame: modelClass = [-1, 0, 0], modelEntropy = [0.0, 0.0, 0.0], modelConfidence = [0.0, 0.0, 0.0]
01-13 01:40:33.876 13639 13724 D SnpeWhyDistractionNativ: Frame number: 353, processFrame: modelClass = [-1, 0, 0], modelEntropy = [0.0, 0.0, 0.0], modelConfidence = [0.0, 0.0, 0.0]
01-13 01:40:33.963 13639 13724 D SnpeWhyDistractionNativ: Frame number: 354, processFrame: modelClass = [-1, 0, 0], modelEntropy = [0.0, 0.0, 0.0], modelConfidence = [0.0, 0.0, 0.0]
01-13 01:40:34.076 13639 13724 D SnpeWhyDistractionNativ: Frame number: 355, processFrame: modelClass = [-1, 0, 0], modelEntropy = [0.0, 0.0, 0.0], modelConfidence = [0.0, 0.0, 0.0]
01-13 01:40:34.169 13639 13724 D SnpeWhyDistractionNativ: Frame number: 356, processFrame: modelClass = [-1, 0, 0], modelEntropy = [0.0, 0.0, 0.0], modelConfidence = [0.0, 0.0, 0.0]
01-13 01:40:34.276 13639 13724 D SnpeWhyDistractionNativ: Frame number: 357, processFrame: modelClass = [-1, 0, 0], modelEntropy = [0.0, 0.0, 0.0], modelConfidence = [0.0, 0.0, 0.0]
01-13 01:40:34.369 13639 13724 D SnpeWhyDistractionNativ: Frame number: 358, processFrame: modelClass = [-1, 0, 0], modelEntropy = [0.0, 0.0, 0.0], modelConfidence = [0.0, 0.0, 0.0]
01-13 01:40:34.481 13639 13724 D SnpeWhyDistractionNativ: Frame number: 359, processFrame: modelClass = [-1, 0, 0], modelEntropy = [0.0, 0.0, 0.0], modelConfidence = [0.0, 0.0, 0.0]
01-13 01:40:34.571 13639 13724 D SnpeWhyDistractionNativ: Frame number: 360, processFrame: modelClass = [-1, 0, 0], modelEntropy = [0.0, 0.0, 0.0], modelConfidence = [0.0, 0.0, 0.0]
01-13 01:40:34.703 13639 13724 D SnpeWhyDistractionNativ: Frame number: 361, processFrame: modelClass = [-1, 0, 0], modelEntropy = [0.0, 0.0, 0.0], modelConfidence = [0.0, 0.0, 0.0]
01-13 01:40:34.781 13639 13724 D SnpeWhyDistractionNativ: Frame number: 362, processFrame: modelClass = [-1, 0, 0], modelEntropy = [0.0, 0.0, 0.0], modelConfidence = [0.0, 0.0, 0.0]
01-13 01:40:34.881 13639 13724 D SnpeWhyDistractionNativ: Frame number: 363, processFrame: modelClass = [-1, 0, 0], modelEntropy = [0.0, 0.0, 0.0], modelConfidence = [0.0, 0.0, 0.0]
01-13 01:40:34.971 13639 13724 D SnpeWhyDistractionNativ: Frame number: 364, processFrame: modelClass = [-1, 0, 0], modelEntropy = [0.0, 0.0, 0.0], modelConfidence = [0.0, 0.0, 0.0]
01-13 01:40:35.083 13639 13724 D SnpeWhyDistractionNativ: Frame number: 365, processFrame: modelClass = [-1, 0, 0], modelEntropy = [0.0, 0.0, 0.0], modelConfidence = [0.0, 0.0, 0.0]
01-13 01:40:35.191 13639 13724 D SnpeWhyDistractionNativ: Frame number: 366, processFrame: modelClass = [-1, 0, 0], modelEntropy = [0.0, 0.0, 0.0], modelConfidence = [0.0, 0.0, 0.0]
01-13 01:40:35.316 13639 13724 D SnpeWhyDistractionNativ: Frame number: 367, processFrame: modelClass = [-1, 0, 0], modelEntropy = [0.0, 0.0, 0.0], modelConfidence = [0.0, 0.0, 0.0]
01-13 01:40:35.385 13639 13724 D SnpeWhyDistractionNativ: Frame number: 368, processFrame: modelClass = [-1, 0, 0], modelEntropy = [0.0, 0.0, 0.0], modelConfidence = [0.0, 0.0, 0.0]
01-13 01:40:35.474 13639 13724 D SnpeWhyDistractionNativ: Frame number: 369, processFrame: modelClass = [-1, 0, 0], modelEntropy = [0.0, 0.0, 0.0], modelConfidence = [0.0, 0.0, 0.0]
01-13 01:40:35.575 13639 13724 D SnpeWhyDistractionNativ: Frame number: 370, processFrame: modelClass = [-1, 0, 0], modelEntropy = [0.0, 0.0, 0.0], modelConfidence = [0.0, 0.0, 0.0]
01-13 01:40:35.676 13639 13724 D SnpeWhyDistractionNativ: Frame number: 371, processFrame: modelClass = [-1, 0, 0], modelEntropy = [0.0, 0.0, 0.0], modelConfidence = [0.0, 0.0, 0.0]
01-13 01:40:35.776 13639 13724 D SnpeWhyDistractionNativ: Frame number: 372, processFrame: modelClass = [-1, 0, 0], modelEntropy = [0.0, 0.0, 0.0], modelConfidence = [0.0, 0.0, 0.0]
01-13 01:40:35.899 13639 13724 D SnpeWhyDistractionNativ: Frame number: 373, processFrame: modelClass = [-1, 0, 0], modelEntropy = [0.0, 0.0, 0.0], modelConfidence = [0.0, 0.0, 0.0]
01-13 01:40:35.986 13639 13724 D SnpeWhyDistractionNativ: Frame number: 374, processFrame: modelClass = [-1, 0, 0], modelEntropy = [0.0, 0.0, 0.0], modelConfidence = [0.0, 0.0, 0.0]
01-13 01:40:36.075 13639 13724 D SnpeWhyDistractionNativ: Frame number: 375, processFrame: modelClass = [-1, 0, 0], modelEntropy = [0.0, 0.0, 0.0], modelConfidence = [0.0, 0.0, 0.0]
01-13 01:40:36.171 13639 13724 D SnpeWhyDistractionNativ: Frame number: 376, processFrame: modelClass = [-1, 0, 0], modelEntropy = [0.0, 0.0, 0.0], modelConfidence = [0.0, 0.0, 0.0]
01-13 01:40:36.286 13639 13724 D SnpeWhyDistractionNativ: Frame number: 377, processFrame: modelClass = [-1, 0, 0], modelEntropy = [0.0, 0.0, 0.0], modelConfidence = [0.0, 0.0, 0.0]
01-13 01:40:36.377 13639 13724 D SnpeWhyDistractionNativ: Frame number: 378, processFrame: modelClass = [-1, 0, 0], modelEntropy = [0.0, 0.0, 0.0], modelConfidence = [0.0, 0.0, 0.0]
01-13 01:40:36.472 13639 13724 D SnpeWhyDistractionNativ: Frame number: 379, processFrame: modelClass = [-1, 0, 0], modelEntropy = [0.0, 0.0, 0.0], modelConfidence = [0.0, 0.0, 0.0]
01-13 01:40:36.589 13639 13724 D SnpeWhyDistractionNativ: Frame number: 380, processFrame: modelClass = [-1, 0, 0], modelEntropy = [0.0, 0.0, 0.0], modelConfidence = [0.0, 0.0, 0.0]
01-13 01:40:36.678 13639 13724 D SnpeWhyDistractionNativ: Frame number: 381, processFrame: modelClass = [-1, 0, 0], modelEntropy = [0.0, 0.0, 0.0], modelConfidence = [0.0, 0.0, 0.0]
01-13 01:40:36.775 13639 13724 D SnpeWhyDistractionNativ: Frame number: 382, processFrame: modelClass = [-1, 0, 0], modelEntropy = [0.0, 0.0, 0.0], modelConfidence = [0.0, 0.0, 0.0]
01-13 01:40:36.878 13639 13724 D SnpeWhyDistractionNativ: Frame number: 383, processFrame: modelClass = [-1, 0, 0], modelEntropy = [0.0, 0.0, 0.0], modelConfidence = [0.0, 0.0, 0.0]
01-13 01:40:36.977 13639 13724 D SnpeWhyDistractionNativ: Frame number: 384, processFrame: modelClass = [-1, 0, 0], modelEntropy = [0.0, 0.0, 0.0], modelConfidence = [0.0, 0.0, 0.0]
01-13 01:40:37.074 13639 13724 D SnpeWhyDistractionNativ: Frame number: 385, processFrame: modelClass = [-1, 0, 0], modelEntropy = [0.0, 0.0, 0.0], modelConfidence = [0.0, 0.0, 0.0]
01-13 01:40:37.171 13639 13724 D SnpeWhyDistractionNativ: Frame number: 386, processFrame: modelClass = [-1, 0, 0], modelEntropy = [0.0, 0.0, 0.0], modelConfidence = [0.0, 0.0, 0.0]
01-13 01:40:37.283 13639 13724 D SnpeWhyDistractionNativ: Frame number: 387, processFrame: modelClass = [-1, 0, 0], modelEntropy = [0.0, 0.0, 0.0], modelConfidence = [0.0, 0.0, 0.0]
01-13 01:40:37.380 13639 13724 D SnpeWhyDistractionNativ: Frame number: 388, processFrame: modelClass = [-1, 0, 0], modelEntropy = [0.0, 0.0, 0.0], modelConfidence = [0.0, 0.0, 0.0]
01-13 01:40:37.477 13639 13724 D SnpeWhyDistractionNativ: Frame number: 389, processFrame: modelClass = [-1, 0, 0], modelEntropy = [0.0, 0.0, 0.0], modelConfidence = [0.0, 0.0, 0.0]
01-13 01:40:37.584 13639 13724 D SnpeWhyDistractionNativ: Frame number: 390, processFrame: modelClass = [-1, 0, 0], modelEntropy = [0.0, 0.0, 0.0], modelConfidence = [0.0, 0.0, 0.0]
01-13 01:40:37.686 13639 13724 D SnpeWhyDistractionNativ: Frame number: 391, processFrame: modelClass = [-1, 0, 0], modelEntropy = [0.0, 0.0, 0.0], modelConfidence = [0.0, 0.0, 0.0]
01-13 01:40:37.779 13639 13724 D SnpeWhyDistractionNativ: Frame number: 392, processFrame: modelClass = [-1, 0, 0], modelEntropy = [0.0, 0.0, 0.0], modelConfidence = [0.0, 0.0, 0.0]
01-13 01:40:37.879 13639 13724 D SnpeWhyDistractionNativ: Frame number: 393, processFrame: modelClass = [-1, 0, 0], modelEntropy = [0.0, 0.0, 0.0], modelConfidence = [0.0, 0.0, 0.0]
01-13 01:40:37.992 13639 13724 D SnpeWhyDistractionNativ: Frame number: 394, processFrame: modelClass = [-1, 0, 0], modelEntropy = [0.0, 0.0, 0.0], modelConfidence = [0.0, 0.0, 0.0]
01-13 01:40:38.078 13639 13724 D SnpeWhyDistractionNativ: Frame number: 395, processFrame: modelClass = [-1, 0, 0], modelEntropy = [0.0, 0.0, 0.0], modelConfidence = [0.0, 0.0, 0.0]
01-13 01:40:38.184 13639 13724 D SnpeWhyDistractionNativ: Frame number: 396, processFrame: modelClass = [-1, 0, 0], modelEntropy = [0.0, 0.0, 0.0], modelConfidence = [0.0, 0.0, 0.0]
01-13 01:40:38.273 13639 13724 D SnpeWhyDistractionNativ: Frame number: 397, processFrame: modelClass = [-1, 0, 0], modelEntropy = [0.0, 0.0, 0.0], modelConfidence = [0.0, 0.0, 0.0]
01-13 01:40:38.409 13639 13724 D SnpeWhyDistractionNativ: Frame number: 398, processFrame: modelClass = [-1, 0, 0], modelEntropy = [0.0, 0.0, 0.0], modelConfidence = [0.0, 0.0, 0.0]
01-13 01:40:38.507 13639 13724 D SnpeWhyDistractionNativ: Frame number: 399, processFrame: modelClass = [-1, 0, 0], modelEntropy = [0.0, 0.0, 0.0], modelConfidence = [0.0, 0.0, 0.0]
01-13 01:40:38.564 13639 13724 D SnpeWhyDistractionNativ: Frame number: 400, processFrame: modelClass = [-1, 0, 0], modelEntropy = [0.0, 0.0, 0.0], modelConfidence = [0.0, 0.0, 0.0]
01-13 01:40:38.724 13639 13724 D SnpeWhyDistractionNativ: Frame number: 401, processFrame: modelClass = [-1, 0, 0], modelEntropy = [0.0, 0.0, 0.0], modelConfidence = [0.0, 0.0, 0.0]
01-13 01:40:38.776 13639 13724 D SnpeWhyDistractionNativ: Frame number: 402, processFrame: modelClass = [-1, 0, 0], modelEntropy = [0.0, 0.0, 0.0], modelConfidence = [0.0, 0.0, 0.0]
01-13 01:40:38.928 13639 13724 D SnpeWhyDistractionNativ: Frame number: 403, processFrame: modelClass = [-1, 0, 0], modelEntropy = [0.0, 0.0, 0.0], modelConfidence = [0.0, 0.0, 0.0]
01-13 01:40:38.979 13639 13724 D SnpeWhyDistractionNativ: Frame number: 404, processFrame: modelClass = [-1, 0, 0], modelEntropy = [0.0, 0.0, 0.0], modelConfidence = [0.0, 0.0, 0.0]
01-13 01:40:39.124 13639 13724 D SnpeWhyDistractionNativ: Frame number: 405, processFrame: modelClass = [-1, 0, 0], modelEntropy = [0.0, 0.0, 0.0], modelConfidence = [0.0, 0.0, 0.0]
01-13 01:40:39.182 13639 13724 D SnpeWhyDistractionNativ: Frame number: 406, processFrame: modelClass = [-1, 0, 0], modelEntropy = [0.0, 0.0, 0.0], modelConfidence = [0.0, 0.0, 0.0]
01-13 01:40:39.322 13639 13724 D SnpeWhyDistractionNativ: Frame number: 407, processFrame: modelClass = [-1, 0, 0], modelEntropy = [0.0, 0.0, 0.0], modelConfidence = [0.0, 0.0, 0.0]
01-13 01:40:39.386 13639 13724 D SnpeWhyDistractionNativ: Frame number: 408, processFrame: modelClass = [-1, 0, 0], modelEntropy = [0.0, 0.0, 0.0], modelConfidence = [0.0, 0.0, 0.0]
01-13 01:40:39.527 13639 13724 D SnpeWhyDistractionNativ: Frame number: 409, processFrame: modelClass = [-1, 0, 0], modelEntropy = [0.0, 0.0, 0.0], modelConfidence = [0.0, 0.0, 0.0]
01-13 01:40:39.571 13639 13724 D SnpeWhyDistractionNativ: Frame number: 410, processFrame: modelClass = [-1, 0, 0], modelEntropy = [0.0, 0.0, 0.0], modelConfidence = [0.0, 0.0, 0.0]
01-13 01:40:39.726 13639 13724 D SnpeWhyDistractionNativ: Frame number: 411, processFrame: modelClass = [-1, 0, 0], modelEntropy = [0.0, 0.0, 0.0], modelConfidence = [0.0, 0.0, 0.0]
01-13 01:40:39.782 13639 13724 D SnpeWhyDistractionNativ: Frame number: 412, processFrame: modelClass = [-1, 0, 0], modelEntropy = [0.0, 0.0, 0.0], modelConfidence = [0.0, 0.0, 0.0]
01-13 01:40:39.926 13639 13724 D SnpeWhyDistractionNativ: Frame number: 413, processFrame: modelClass = [-1, 0, 0], modelEntropy = [0.0, 0.0, 0.0], modelConfidence = [0.0, 0.0, 0.0]
01-13 01:40:39.986 13639 13724 D SnpeWhyDistractionNativ: Frame number: 414, processFrame: modelClass = [-1, 0, 0], modelEntropy = [0.0, 0.0, 0.0], modelConfidence = [0.0, 0.0, 0.0]
01-13 01:40:40.128 13639 13724 D SnpeWhyDistractionNativ: Frame number: 415, processFrame: modelClass = [-1, 0, 0], modelEntropy = [0.0, 0.0, 0.0], modelConfidence = [0.0, 0.0, 0.0]
01-13 01:40:40.197 13639 13724 D SnpeWhyDistractionNativ: Frame number: 416, processFrame: modelClass = [-1, 0, 0], modelEntropy = [0.0, 0.0, 0.0], modelConfidence = [0.0, 0.0, 0.0]
01-13 01:40:40.337 13639 13724 D SnpeWhyDistractionNativ: Frame number: 417, processFrame: modelClass = [-1, 0, 0], modelEntropy = [0.0, 0.0, 0.0], modelConfidence = [0.0, 0.0, 0.0]
01-13 01:40:40.397 13639 13724 D SnpeWhyDistractionNativ: Frame number: 418, processFrame: modelClass = [-1, 0, 0], modelEntropy = [0.0, 0.0, 0.0], modelConfidence = [0.0, 0.0, 0.0]
01-13 01:40:40.525 13639 13724 D SnpeWhyDistractionNativ: Frame number: 419, processFrame: modelClass = [-1, 0, 0], modelEntropy = [0.0, 0.0, 0.0], modelConfidence = [0.0, 0.0, 0.0]
01-13 01:40:40.581 13639 13724 D SnpeWhyDistractionNativ: Frame number: 420, processFrame: modelClass = [-1, 0, 0], modelEntropy = [0.0, 0.0, 0.0], modelConfidence = [0.0, 0.0, 0.0]
01-13 01:40:40.707 13639 13724 D SnpeWhyDistractionNativ: Frame number: 421, processFrame: modelClass = [-1, 0, 0], modelEntropy = [0.0, 0.0, 0.0], modelConfidence = [0.0, 0.0, 0.0]
01-13 01:40:40.780 13639 13724 D SnpeWhyDistractionNativ: Frame number: 422, processFrame: modelClass = [-1, 0, 0], modelEntropy = [0.0, 0.0, 0.0], modelConfidence = [0.0, 0.0, 0.0]
01-13 01:40:40.917 13639 13724 D SnpeWhyDistractionNativ: Frame number: 423, processFrame: modelClass = [-1, 0, 0], modelEntropy = [0.0, 0.0, 0.0], modelConfidence = [0.0, 0.0, 0.0]
01-13 01:40:40.993 13639 13724 D SnpeWhyDistractionNativ: Frame number: 424, processFrame: modelClass = [-1, 0, 0], modelEntropy = [0.0, 0.0, 0.0], modelConfidence = [0.0, 0.0, 0.0]
01-13 01:40:41.144 13639 13724 D SnpeWhyDistractionNativ: Frame number: 425, processFrame: modelClass = [-1, 0, 0], modelEntropy = [0.0, 0.0, 0.0], modelConfidence = [0.0, 0.0, 0.0]
01-13 01:40:41.202 13639 13724 D SnpeWhyDistractionNativ: Frame number: 426, processFrame: modelClass = [-1, 0, 0], modelEntropy = [0.0, 0.0, 0.0], modelConfidence = [0.0, 0.0, 0.0]
01-13 01:40:41.331 13639 13724 D SnpeWhyDistractionNativ: Frame number: 427, processFrame: modelClass = [-1, 0, 0], modelEntropy = [0.0, 0.0, 0.0], modelConfidence = [0.0, 0.0, 0.0]
01-13 01:40:41.399 13639 13724 D SnpeWhyDistractionNativ: Frame number: 428, processFrame: modelClass = [-1, 0, 0], modelEntropy = [0.0, 0.0, 0.0], modelConfidence = [0.0, 0.0, 0.0]
01-13 01:40:41.534 13639 13724 D SnpeWhyDistractionNativ: Frame number: 429, processFrame: modelClass = [-1, 0, 0], modelEntropy = [0.0, 0.0, 0.0], modelConfidence = [0.0, 0.0, 0.0]
01-13 01:40:41.600 13639 13724 D SnpeWhyDistractionNativ: Frame number: 430, processFrame: modelClass = [-1, 0, 0], modelEntropy = [0.0, 0.0, 0.0], modelConfidence = [0.0, 0.0, 0.0]
01-13 01:40:41.738 13639 13724 D SnpeWhyDistractionNativ: Frame number: 431, processFrame: modelClass = [-1, 0, 0], modelEntropy = [0.0, 0.0, 0.0], modelConfidence = [0.0, 0.0, 0.0]
01-13 01:40:41.807 13639 13724 D SnpeWhyDistractionNativ: Frame number: 432, processFrame: modelClass = [-1, 0, 0], modelEntropy = [0.0, 0.0, 0.0], modelConfidence = [0.0, 0.0, 0.0]
01-13 01:40:41.940 13639 13724 D SnpeWhyDistractionNativ: Frame number: 433, processFrame: modelClass = [-1, 0, 0], modelEntropy = [0.0, 0.0, 0.0], modelConfidence = [0.0, 0.0, 0.0]
01-13 01:40:41.996 13639 13724 D SnpeWhyDistractionNativ: Frame number: 434, processFrame: modelClass = [-1, 0, 0], modelEntropy = [0.0, 0.0, 0.0], modelConfidence = [0.0, 0.0, 0.0]
01-13 01:40:42.185 13639 13724 D SnpeWhyDistractionNativ: Frame number: 435, processFrame: modelClass = [-1, 0, 0], modelEntropy = [0.0, 0.0, 0.0], modelConfidence = [0.0, 0.0, 0.0]
01-13 01:40:42.224 13639 13724 D SnpeWhyDistractionNativ: Frame number: 436, processFrame: modelClass = [-1, 0, 0], modelEntropy = [0.0, 0.0, 0.0], modelConfidence = [0.0, 0.0, 0.0]
01-13 01:40:42.340 13639 13724 D SnpeWhyDistractionNativ: Frame number: 437, processFrame: modelClass = [-1, 0, 0], modelEntropy = [0.0, 0.0, 0.0], modelConfidence = [0.0, 0.0, 0.0]
01-13 01:40:42.390 13639 13724 D SnpeWhyDistractionNativ: Frame number: 438, processFrame: modelClass = [-1, 0, 0], modelEntropy = [0.0, 0.0, 0.0], modelConfidence = [0.0, 0.0, 0.0]
01-13 01:40:42.526 13639 13724 D SnpeWhyDistractionNativ: Frame number: 439, processFrame: modelClass = [-1, 0, 0], modelEntropy = [0.0, 0.0, 0.0], modelConfidence = [0.0, 0.0, 0.0]
01-13 01:40:42.597 13639 13724 D SnpeWhyDistractionNativ: Frame number: 440, processFrame: modelClass = [-1, 0, 0], modelEntropy = [0.0, 0.0, 0.0], modelConfidence = [0.0, 0.0, 0.0]
01-13 01:40:42.744 13639 13724 D SnpeWhyDistractionNativ: Frame number: 441, processFrame: modelClass = [-1, 0, 0], modelEntropy = [0.0, 0.0, 0.0], modelConfidence = [0.0, 0.0, 0.0]
01-13 01:40:42.805 13639 13724 D SnpeWhyDistractionNativ: Frame number: 442, processFrame: modelClass = [-1, 0, 0], modelEntropy = [0.0, 0.0, 0.0], modelConfidence = [0.0, 0.0, 0.0]
01-13 01:40:42.920 13639 13724 D SnpeWhyDistractionNativ: Frame number: 443, processFrame: modelClass = [-1, 0, 0], modelEntropy = [0.0, 0.0, 0.0], modelConfidence = [0.0, 0.0, 0.0]
01-13 01:40:42.985 13639 13724 D SnpeWhyDistractionNativ: Frame number: 444, processFrame: modelClass = [-1, 0, 0], modelEntropy = [0.0, 0.0, 0.0], modelConfidence = [0.0, 0.0, 0.0]
01-13 01:40:43.171 13639 13724 D SnpeWhyDistractionNativ: Frame number: 445, processFrame: modelClass = [-1, 0, 0], modelEntropy = [0.0, 0.0, 0.0], modelConfidence = [0.0, 0.0, 0.0]
01-13 01:40:43.205 13639 13724 D SnpeWhyDistractionNativ: Frame number: 446, processFrame: modelClass = [-1, 0, 0], modelEntropy = [0.0, 0.0, 0.0], modelConfidence = [0.0, 0.0, 0.0]
01-13 01:40:43.346 13639 13724 D SnpeWhyDistractionNativ: Frame number: 447, processFrame: modelClass = [-1, 0, 0], modelEntropy = [0.0, 0.0, 0.0], modelConfidence = [0.0, 0.0, 0.0]
01-13 01:40:43.396 13639 13724 D SnpeWhyDistractionNativ: Frame number: 448, processFrame: modelClass = [-1, 0, 0], modelEntropy = [0.0, 0.0, 0.0], modelConfidence = [0.0, 0.0, 0.0]
01-13 01:40:43.544 13639 13724 D SnpeWhyDistractionNativ: Frame number: 449, processFrame: modelClass = [-1, 0, 0], modelEntropy = [0.0, 0.0, 0.0], modelConfidence = [0.0, 0.0, 0.0]
01-13 01:40:43.598 13639 13724 D SnpeWhyDistractionNativ: Frame number: 450, processFrame: modelClass = [-1, 0, 0], modelEntropy = [0.0, 0.0, 0.0], modelConfidence = [0.0, 0.0, 0.0]
01-13 01:40:43.725 13639 13724 D SnpeWhyDistractionNativ: Frame number: 451, processFrame: modelClass = [-1, 0, 0], modelEntropy = [0.0, 0.0, 0.0], modelConfidence = [0.0, 0.0, 0.0]
01-13 01:40:43.801 13639 13724 D SnpeWhyDistractionNativ: Frame number: 452, processFrame: modelClass = [-1, 0, 0], modelEntropy = [0.0, 0.0, 0.0], modelConfidence = [0.0, 0.0, 0.0]
01-13 01:40:43.952 13639 13724 D SnpeWhyDistractionNativ: Frame number: 453, processFrame: modelClass = [-1, 0, 0], modelEntropy = [0.0, 0.0, 0.0], modelConfidence = [0.0, 0.0, 0.0]
01-13 01:40:43.989 13639 13724 D SnpeWhyDistractionNativ: Frame number: 454, processFrame: modelClass = [-1, 0, 0], modelEntropy = [0.0, 0.0, 0.0], modelConfidence = [0.0, 0.0, 0.0]
01-13 01:40:44.152 13639 13724 D SnpeWhyDistractionNativ: Frame number: 455, processFrame: modelClass = [-1, 0, 0], modelEntropy = [0.0, 0.0, 0.0], modelConfidence = [0.0, 0.0, 0.0]
01-13 01:40:44.200 13639 13724 D SnpeWhyDistractionNativ: Frame number: 456, processFrame: modelClass = [-1, 0, 0], modelEntropy = [0.0, 0.0, 0.0], modelConfidence = [0.0, 0.0, 0.0]
01-13 01:40:44.340 13639 13724 D SnpeWhyDistractionNativ: Frame number: 457, processFrame: modelClass = [-1, 0, 0], modelEntropy = [0.0, 0.0, 0.0], modelConfidence = [0.0, 0.0, 0.0]
01-13 01:40:44.385 13639 13724 D SnpeWhyDistractionNativ: Frame number: 458, processFrame: modelClass = [-1, 0, 0], modelEntropy = [0.0, 0.0, 0.0], modelConfidence = [0.0, 0.0, 0.0]
01-13 01:40:44.528 13639 13724 D SnpeWhyDistractionNativ: Frame number: 459, processFrame: modelClass = [-1, 0, 0], modelEntropy = [0.0, 0.0, 0.0], modelConfidence = [0.0, 0.0, 0.0]
01-13 01:40:44.600 13639 13724 D SnpeWhyDistractionNativ: Frame number: 460, processFrame: modelClass = [-1, 0, 0], modelEntropy = [0.0, 0.0, 0.0], modelConfidence = [0.0, 0.0, 0.0]
01-13 01:40:44.729 13639 13724 D SnpeWhyDistractionNativ: Frame number: 461, processFrame: modelClass = [-1, 0, 0], modelEntropy = [0.0, 0.0, 0.0], modelConfidence = [0.0, 0.0, 0.0]
01-13 01:40:44.792 13639 13724 D SnpeWhyDistractionNativ: Frame number: 462, processFrame: modelClass = [-1, 0, 0], modelEntropy = [0.0, 0.0, 0.0], modelConfidence = [0.0, 0.0, 0.0]
01-13 01:40:44.931 13639 13724 D SnpeWhyDistractionNativ: Frame number: 463, processFrame: modelClass = [-1, 0, 0], modelEntropy = [0.0, 0.0, 0.0], modelConfidence = [0.0, 0.0, 0.0]
01-13 01:40:44.998 13639 13724 D SnpeWhyDistractionNativ: Frame number: 464, processFrame: modelClass = [-1, 0, 0], modelEntropy = [0.0, 0.0, 0.0], modelConfidence = [0.0, 0.0, 0.0]
01-13 01:40:45.141 13639 13724 D SnpeWhyDistractionNativ: Frame number: 465, processFrame: modelClass = [-1, 0, 0], modelEntropy = [0.0, 0.0, 0.0], modelConfidence = [0.0, 0.0, 0.0]
01-13 01:40:45.196 13639 13724 D SnpeWhyDistractionNativ: Frame number: 466, processFrame: modelClass = [-1, 0, 0], modelEntropy = [0.0, 0.0, 0.0], modelConfidence = [0.0, 0.0, 0.0]
01-13 01:40:45.330 13639 13724 D SnpeWhyDistractionNativ: Frame number: 467, processFrame: modelClass = [-1, 0, 0], modelEntropy = [0.0, 0.0, 0.0], modelConfidence = [0.0, 0.0, 0.0]
01-13 01:40:45.411 13639 13724 D SnpeWhyDistractionNativ: Frame number: 468, processFrame: modelClass = [-1, 0, 0], modelEntropy = [0.0, 0.0, 0.0], modelConfidence = [0.0, 0.0, 0.0]
01-13 01:40:45.546 13639 13724 D SnpeWhyDistractionNativ: Frame number: 469, processFrame: modelClass = [-1, 0, 0], modelEntropy = [0.0, 0.0, 0.0], modelConfidence = [0.0, 0.0, 0.0]
01-13 01:40:45.596 13639 13724 D SnpeWhyDistractionNativ: Frame number: 470, processFrame: modelClass = [-1, 0, 0], modelEntropy = [0.0, 0.0, 0.0], modelConfidence = [0.0, 0.0, 0.0]
01-13 01:40:45.747 13639 13724 D SnpeWhyDistractionNativ: Frame number: 471, processFrame: modelClass = [-1, 0, 0], modelEntropy = [0.0, 0.0, 0.0], modelConfidence = [0.0, 0.0, 0.0]
01-13 01:40:45.809 13639 13724 D SnpeWhyDistractionNativ: Frame number: 472, processFrame: modelClass = [-1, 0, 0], modelEntropy = [0.0, 0.0, 0.0], modelConfidence = [0.0, 0.0, 0.0]
01-13 01:40:45.929 13639 13724 D SnpeWhyDistractionNativ: Frame number: 473, processFrame: modelClass = [-1, 0, 0], modelEntropy = [0.0, 0.0, 0.0], modelConfidence = [0.0, 0.0, 0.0]
01-13 01:40:46.009 13639 13724 D SnpeWhyDistractionNativ: Frame number: 474, processFrame: modelClass = [-1, 0, 0], modelEntropy = [0.0, 0.0, 0.0], modelConfidence = [0.0, 0.0, 0.0]
01-13 01:40:46.157 13639 13724 D SnpeWhyDistractionNativ: Frame number: 475, processFrame: modelClass = [-1, 0, 0], modelEntropy = [0.0, 0.0, 0.0], modelConfidence = [0.0, 0.0, 0.0]
01-13 01:40:46.208 13639 13724 D SnpeWhyDistractionNativ: Frame number: 476, processFrame: modelClass = [-1, 0, 0], modelEntropy = [0.0, 0.0, 0.0], modelConfidence = [0.0, 0.0, 0.0]
01-13 01:40:46.334 13639 13724 D SnpeWhyDistractionNativ: Frame number: 477, processFrame: modelClass = [-1, 0, 0], modelEntropy = [0.0, 0.0, 0.0], modelConfidence = [0.0, 0.0, 0.0]
01-13 01:40:46.406 13639 13724 D SnpeWhyDistractionNativ: Frame number: 478, processFrame: modelClass = [-1, 0, 0], modelEntropy = [0.0, 0.0, 0.0], modelConfidence = [0.0, 0.0, 0.0]
01-13 01:40:46.535 13639 13724 D SnpeWhyDistractionNativ: Frame number: 479, processFrame: modelClass = [-1, 0, 0], modelEntropy = [0.0, 0.0, 0.0], modelConfidence = [0.0, 0.0, 0.0]
01-13 01:40:46.610 13639 13724 D SnpeWhyDistractionNativ: Frame number: 480, processFrame: modelClass = [-1, 0, 0], modelEntropy = [0.0, 0.0, 0.0], modelConfidence = [0.0, 0.0, 0.0]
01-13 01:40:46.730 13639 13724 D SnpeWhyDistractionNativ: Frame number: 481, processFrame: modelClass = [-1, 0, 0], modelEntropy = [0.0, 0.0, 0.0], modelConfidence = [0.0, 0.0, 0.0]
01-13 01:40:46.815 13639 13724 D SnpeWhyDistractionNativ: Frame number: 482, processFrame: modelClass = [-1, 0, 0], modelEntropy = [0.0, 0.0, 0.0], modelConfidence = [0.0, 0.0, 0.0]
01-13 01:40:46.938 13639 13724 D SnpeWhyDistractionNativ: Frame number: 483, processFrame: modelClass = [-1, 0, 0], modelEntropy = [0.0, 0.0, 0.0], modelConfidence = [0.0, 0.0, 0.0]
01-13 01:40:46.992 13639 13724 D SnpeWhyDistractionNativ: Frame number: 484, processFrame: modelClass = [-1, 0, 0], modelEntropy = [0.0, 0.0, 0.0], modelConfidence = [0.0, 0.0, 0.0]
01-13 01:40:47.135 13639 13724 D SnpeWhyDistractionNativ: Frame number: 485, processFrame: modelClass = [-1, 0, 0], modelEntropy = [0.0, 0.0, 0.0], modelConfidence = [0.0, 0.0, 0.0]
01-13 01:40:47.201 13639 13724 D SnpeWhyDistractionNativ: Frame number: 486, processFrame: modelClass = [-1, 0, 0], modelEntropy = [0.0, 0.0, 0.0], modelConfidence = [0.0, 0.0, 0.0]
01-13 01:40:47.341 13639 13724 D SnpeWhyDistractionNativ: Frame number: 487, processFrame: modelClass = [-1, 0, 0], modelEntropy = [0.0, 0.0, 0.0], modelConfidence = [0.0, 0.0, 0.0]
01-13 01:40:47.415 13639 13724 D SnpeWhyDistractionNativ: Frame number: 488, processFrame: modelClass = [-1, 0, 0], modelEntropy = [0.0, 0.0, 0.0], modelConfidence = [0.0, 0.0, 0.0]
01-13 01:40:47.602 13639 13724 D SnpeWhyDistractionNativ: Frame number: 489, processFrame: modelClass = [-1, 0, 0], modelEntropy = [0.0, 0.0, 0.0], modelConfidence = [0.0, 0.0, 0.0]
01-13 01:40:47.673 13639 13724 D SnpeWhyDistractionNativ: Frame number: 490, processFrame: modelClass = [-1, 0, 0], modelEntropy = [0.0, 0.0, 0.0], modelConfidence = [0.0, 0.0, 0.0]
01-13 01:40:47.759 13639 13724 D SnpeWhyDistractionNativ: Frame number: 491, processFrame: modelClass = [-1, 0, 0], modelEntropy = [0.0, 0.0, 0.0], modelConfidence = [0.0, 0.0, 0.0]
01-13 01:40:47.815 13639 13724 D SnpeWhyDistractionNativ: Frame number: 492, processFrame: modelClass = [-1, 0, 0], modelEntropy = [0.0, 0.0, 0.0], modelConfidence = [0.0, 0.0, 0.0]
01-13 01:40:47.948 13639 13724 D SnpeWhyDistractionNativ: Frame number: 493, processFrame: modelClass = [-1, 0, 0], modelEntropy = [0.0, 0.0, 0.0], modelConfidence = [0.0, 0.0, 0.0]
01-13 01:40:48.028 13639 13724 D SnpeWhyDistractionNativ: Frame number: 494, processFrame: modelClass = [-1, 0, 0], modelEntropy = [0.0, 0.0, 0.0], modelConfidence = [0.0, 0.0, 0.0]
01-13 01:40:48.170 13639 13724 D SnpeWhyDistractionNativ: Frame number: 495, processFrame: modelClass = [-1, 0, 0], modelEntropy = [0.0, 0.0, 0.0], modelConfidence = [0.0, 0.0, 0.0]
01-13 01:40:48.219 13639 13724 D SnpeWhyDistractionNativ: Frame number: 496, processFrame: modelClass = [-1, 0, 0], modelEntropy = [0.0, 0.0, 0.0], modelConfidence = [0.0, 0.0, 0.0]
01-13 01:40:48.335 13639 13724 D SnpeWhyDistractionNativ: Frame number: 497, processFrame: modelClass = [-1, 0, 0], modelEntropy = [0.0, 0.0, 0.0], modelConfidence = [0.0, 0.0, 0.0]
01-13 01:40:48.424 13639 13724 D SnpeWhyDistractionNativ: Frame number: 498, processFrame: modelClass = [-1, 0, 0], modelEntropy = [0.0, 0.0, 0.0], modelConfidence = [0.0, 0.0, 0.0]
01-13 01:40:48.594 13639 13724 D SnpeWhyDistractionNativ: Frame number: 499, processFrame: modelClass = [-1, 0, 0], modelEntropy = [0.0, 0.0, 0.0], modelConfidence = [0.0, 0.0, 0.0]
01-13 01:40:48.628 13639 13724 D SnpeWhyDistractionNativ: Frame number: 500, processFrame: modelClass = [-1, 0, 0], modelEntropy = [0.0, 0.0, 0.0], modelConfidence = [0.0, 0.0, 0.0]
01-13 01:40:48.740 13639 13724 D SnpeWhyDistractionNativ: Frame number: 501, processFrame: modelClass = [-1, 0, 0], modelEntropy = [0.0, 0.0, 0.0], modelConfidence = [0.0, 0.0, 0.0]
01-13 01:40:48.810 13639 13724 D SnpeWhyDistractionNativ: Frame number: 502, processFrame: modelClass = [-1, 0, 0], modelEntropy = [0.0, 0.0, 0.0], modelConfidence = [0.0, 0.0, 0.0]
01-13 01:40:48.965 13639 13724 D SnpeWhyDistractionNativ: Frame number: 503, processFrame: modelClass = [-1, 0, 0], modelEntropy = [0.0, 0.0, 0.0], modelConfidence = [0.0, 0.0, 0.0]
01-13 01:40:49.024 13639 13724 D SnpeWhyDistractionNativ: Frame number: 504, processFrame: modelClass = [-1, 0, 0], modelEntropy = [0.0, 0.0, 0.0], modelConfidence = [0.0, 0.0, 0.0]
01-13 01:40:49.173 13639 13724 D SnpeWhyDistractionNativ: Frame number: 505, processFrame: modelClass = [-1, 0, 0], modelEntropy = [0.0, 0.0, 0.0], modelConfidence = [0.0, 0.0, 0.0]
01-13 01:40:49.219 13639 13724 D SnpeWhyDistractionNativ: Frame number: 506, processFrame: modelClass = [-1, 0, 0], modelEntropy = [0.0, 0.0, 0.0], modelConfidence = [0.0, 0.0, 0.0]
01-13 01:40:49.341 13639 13724 D SnpeWhyDistractionNativ: Frame number: 507, processFrame: modelClass = [-1, 0, 0], modelEntropy = [0.0, 0.0, 0.0], modelConfidence = [0.0, 0.0, 0.0]
01-13 01:40:49.416 13639 13724 D SnpeWhyDistractionNativ: Frame number: 508, processFrame: modelClass = [-1, 0, 0], modelEntropy = [0.0, 0.0, 0.0], modelConfidence = [0.0, 0.0, 0.0]
01-13 01:40:49.578 13639 13724 D SnpeWhyDistractionNativ: Frame number: 509, processFrame: modelClass = [-1, 0, 0], modelEntropy = [0.0, 0.0, 0.0], modelConfidence = [0.0, 0.0, 0.0]
01-13 01:40:49.616 13639 13724 D SnpeWhyDistractionNativ: Frame number: 510, processFrame: modelClass = [-1, 0, 0], modelEntropy = [0.0, 0.0, 0.0], modelConfidence = [0.0, 0.0, 0.0]
01-13 01:40:49.748 13639 13724 D SnpeWhyDistractionNativ: Frame number: 511, processFrame: modelClass = [-1, 0, 0], modelEntropy = [0.0, 0.0, 0.0], modelConfidence = [0.0, 0.0, 0.0]
01-13 01:40:49.818 13639 13724 D SnpeWhyDistractionNativ: Frame number: 512, processFrame: modelClass = [-1, 0, 0], modelEntropy = [0.0, 0.0, 0.0], modelConfidence = [0.0, 0.0, 0.0]
01-13 01:40:49.977 13639 13724 D SnpeWhyDistractionNativ: Frame number: 513, processFrame: modelClass = [-1, 0, 0], modelEntropy = [0.0, 0.0, 0.0], modelConfidence = [0.0, 0.0, 0.0]
01-13 01:40:50.022 13639 13724 D SnpeWhyDistractionNativ: Frame number: 514, processFrame: modelClass = [-1, 0, 0], modelEntropy = [0.0, 0.0, 0.0], modelConfidence = [0.0, 0.0, 0.0]
01-13 01:40:50.151 13639 13724 D SnpeWhyDistractionNativ: Frame number: 515, processFrame: modelClass = [-1, 0, 0], modelEntropy = [0.0, 0.0, 0.0], modelConfidence = [0.0, 0.0, 0.0]
01-13 01:40:50.231 13639 13724 D SnpeWhyDistractionNativ: Frame number: 516, processFrame: modelClass = [-1, 0, 0], modelEntropy = [0.0, 0.0, 0.0], modelConfidence = [0.0, 0.0, 0.0]
01-13 01:40:50.373 13639 13724 D SnpeWhyDistractionNativ: Frame number: 517, processFrame: modelClass = [-1, 0, 0], modelEntropy = [0.0, 0.0, 0.0], modelConfidence = [0.0, 0.0, 0.0]
01-13 01:40:50.429 13639 13724 D SnpeWhyDistractionNativ: Frame number: 518, processFrame: modelClass = [-1, 0, 0], modelEntropy = [0.0, 0.0, 0.0], modelConfidence = [0.0, 0.0, 0.0]
01-13 01:40:50.577 13639 13724 D SnpeWhyDistractionNativ: Frame number: 519, processFrame: modelClass = [-1, 0, 0], modelEntropy = [0.0, 0.0, 0.0], modelConfidence = [0.0, 0.0, 0.0]
01-13 01:40:50.638 13639 13724 D SnpeWhyDistractionNativ: Frame number: 520, processFrame: modelClass = [-1, 0, 0], modelEntropy = [0.0, 0.0, 0.0], modelConfidence = [0.0, 0.0, 0.0]
01-13 01:40:50.799 13639 13724 D SnpeWhyDistractionNativ: Frame number: 521, processFrame: modelClass = [-1, 0, 0], modelEntropy = [0.0, 0.0, 0.0], modelConfidence = [0.0, 0.0, 0.0]
01-13 01:40:50.832 13639 13724 D SnpeWhyDistractionNativ: Frame number: 522, processFrame: modelClass = [-1, 0, 0], modelEntropy = [0.0, 0.0, 0.0], modelConfidence = [0.0, 0.0, 0.0]
01-13 01:40:50.949 13639 13724 D SnpeWhyDistractionNativ: Frame number: 523, processFrame: modelClass = [-1, 0, 0], modelEntropy = [0.0, 0.0, 0.0], modelConfidence = [0.0, 0.0, 0.0]
01-13 01:40:51.021 13639 13724 D SnpeWhyDistractionNativ: Frame number: 524, processFrame: modelClass = [-1, 0, 0], modelEntropy = [0.0, 0.0, 0.0], modelConfidence = [0.0, 0.0, 0.0]
01-13 01:40:51.148 13639 13724 D SnpeWhyDistractionNativ: Frame number: 525, processFrame: modelClass = [-1, 0, 0], modelEntropy = [0.0, 0.0, 0.0], modelConfidence = [0.0, 0.0, 0.0]
01-13 01:40:51.223 13639 13724 D SnpeWhyDistractionNativ: Frame number: 526, processFrame: modelClass = [-1, 0, 0], modelEntropy = [0.0, 0.0, 0.0], modelConfidence = [0.0, 0.0, 0.0]
01-13 01:40:51.374 13639 13724 D SnpeWhyDistractionNativ: Frame number: 527, processFrame: modelClass = [-1, 0, 0], modelEntropy = [0.0, 0.0, 0.0], modelConfidence = [0.0, 0.0, 0.0]
01-13 01:40:51.419 13639 13724 D SnpeWhyDistractionNativ: Frame number: 528, processFrame: modelClass = [-1, 0, 0], modelEntropy = [0.0, 0.0, 0.0], modelConfidence = [0.0, 0.0, 0.0]
01-13 01:40:51.564 13639 13724 D SnpeWhyDistractionNativ: Frame number: 529, processFrame: modelClass = [-1, 0, 0], modelEntropy = [0.0, 0.0, 0.0], modelConfidence = [0.0, 0.0, 0.0]
01-13 01:40:51.641 13639 13724 D SnpeWhyDistractionNativ: Frame number: 530, processFrame: modelClass = [-1, 0, 0], modelEntropy = [0.0, 0.0, 0.0], modelConfidence = [0.0, 0.0, 0.0]
01-13 01:40:51.789 13639 13724 D SnpeWhyDistractionNativ: Frame number: 531, processFrame: modelClass = [-1, 0, 0], modelEntropy = [0.0, 0.0, 0.0], modelConfidence = [0.0, 0.0, 0.0]
01-13 01:40:51.824 13639 13724 D SnpeWhyDistractionNativ: Frame number: 532, processFrame: modelClass = [-1, 0, 0], modelEntropy = [0.0, 0.0, 0.0], modelConfidence = [0.0, 0.0, 0.0]
01-13 01:40:51.971 13639 13724 D SnpeWhyDistractionNativ: Frame number: 533, processFrame: modelClass = [-1, 0, 0], modelEntropy = [0.0, 0.0, 0.0], modelConfidence = [0.0, 0.0, 0.0]
01-13 01:40:52.018 13639 13724 D SnpeWhyDistractionNativ: Frame number: 534, processFrame: modelClass = [-1, 0, 0], modelEntropy = [0.0, 0.0, 0.0], modelConfidence = [0.0, 0.0, 0.0]
01-13 01:40:52.155 13639 13724 D SnpeWhyDistractionNativ: Frame number: 535, processFrame: modelClass = [-1, 0, 0], modelEntropy = [0.0, 0.0, 0.0], modelConfidence = [0.0, 0.0, 0.0]
01-13 01:40:52.218 13639 13724 D SnpeWhyDistractionNativ: Frame number: 536, processFrame: modelClass = [-1, 0, 0], modelEntropy = [0.0, 0.0, 0.0], modelConfidence = [0.0, 0.0, 0.0]
01-13 01:40:52.375 13639 13724 D SnpeWhyDistractionNativ: Frame number: 537, processFrame: modelClass = [-1, 0, 0], modelEntropy = [0.0, 0.0, 0.0], modelConfidence = [0.0, 0.0, 0.0]
01-13 01:40:52.435 13639 13724 D SnpeWhyDistractionNativ: Frame number: 538, processFrame: modelClass = [-1, 0, 0], modelEntropy = [0.0, 0.0, 0.0], modelConfidence = [0.0, 0.0, 0.0]
01-13 01:40:52.573 13639 13724 D SnpeWhyDistractionNativ: Frame number: 539, processFrame: modelClass = [-1, 0, 0], modelEntropy = [0.0, 0.0, 0.0], modelConfidence = [0.0, 0.0, 0.0]
01-13 01:40:52.623 13639 13724 D SnpeWhyDistractionNativ: Frame number: 540, processFrame: modelClass = [-1, 0, 0], modelEntropy = [0.0, 0.0, 0.0], modelConfidence = [0.0, 0.0, 0.0]
01-13 01:40:52.752 13639 13724 D SnpeWhyDistractionNativ: Frame number: 541, processFrame: modelClass = [-1, 0, 0], modelEntropy = [0.0, 0.0, 0.0], modelConfidence = [0.0, 0.0, 0.0]
01-13 01:40:52.820 13639 13724 D SnpeWhyDistractionNativ: Frame number: 542, processFrame: modelClass = [-1, 0, 0], modelEntropy = [0.0, 0.0, 0.0], modelConfidence = [0.0, 0.0, 0.0]
01-13 01:40:52.973 13639 13724 D SnpeWhyDistractionNativ: Frame number: 543, processFrame: modelClass = [-1, 0, 0], modelEntropy = [0.0, 0.0, 0.0], modelConfidence = [0.0, 0.0, 0.0]
01-13 01:40:53.024 13639 13724 D SnpeWhyDistractionNativ: Frame number: 544, processFrame: modelClass = [-1, 0, 0], modelEntropy = [0.0, 0.0, 0.0], modelConfidence = [0.0, 0.0, 0.0]
01-13 01:40:53.155 13639 13724 D SnpeWhyDistractionNativ: Frame number: 545, processFrame: modelClass = [-1, 0, 0], modelEntropy = [0.0, 0.0, 0.0], modelConfidence = [0.0, 0.0, 0.0]
01-13 01:40:53.220 13639 13724 D SnpeWhyDistractionNativ: Frame number: 546, processFrame: modelClass = [-1, 0, 0], modelEntropy = [0.0, 0.0, 0.0], modelConfidence = [0.0, 0.0, 0.0]
01-13 01:40:53.374 13639 13724 D SnpeWhyDistractionNativ: Frame number: 547, processFrame: modelClass = [-1, 0, 0], modelEntropy = [0.0, 0.0, 0.0], modelConfidence = [0.0, 0.0, 0.0]
01-13 01:40:53.417 13639 13724 D SnpeWhyDistractionNativ: Frame number: 548, processFrame: modelClass = [-1, 0, 0], modelEntropy = [0.0, 0.0, 0.0], modelConfidence = [0.0, 0.0, 0.0]
01-13 01:40:53.591 13639 13724 D SnpeWhyDistractionNativ: Frame number: 549, processFrame: modelClass = [-1, 0, 0], modelEntropy = [0.0, 0.0, 0.0], modelConfidence = [0.0, 0.0, 0.0]
01-13 01:40:53.631 13639 13724 D SnpeWhyDistractionNativ: Frame number: 550, processFrame: modelClass = [-1, 0, 0], modelEntropy = [0.0, 0.0, 0.0], modelConfidence = [0.0, 0.0, 0.0]
01-13 01:40:53.774 13639 13724 D SnpeWhyDistractionNativ: Frame number: 551, processFrame: modelClass = [-1, 0, 0], modelEntropy = [0.0, 0.0, 0.0], modelConfidence = [0.0, 0.0, 0.0]
01-13 01:40:53.824 13639 13724 D SnpeWhyDistractionNativ: Frame number: 552, processFrame: modelClass = [-1, 0, 0], modelEntropy = [0.0, 0.0, 0.0], modelConfidence = [0.0, 0.0, 0.0]
01-13 01:40:53.957 13639 13724 D SnpeWhyDistractionNativ: Frame number: 553, processFrame: modelClass = [-1, 0, 0], modelEntropy = [0.0, 0.0, 0.0], modelConfidence = [0.0, 0.0, 0.0]
01-13 01:40:54.030 13639 13724 D SnpeWhyDistractionNativ: Frame number: 554, processFrame: modelClass = [-1, 0, 0], modelEntropy = [0.0, 0.0, 0.0], modelConfidence = [0.0, 0.0, 0.0]
01-13 01:40:54.184 13639 13724 D SnpeWhyDistractionNativ: Frame number: 555, processFrame: modelClass = [-1, 0, 0], modelEntropy = [0.0, 0.0, 0.0], modelConfidence = [0.0, 0.0, 0.0]
01-13 01:40:54.224 13639 13724 D SnpeWhyDistractionNativ: Frame number: 556, processFrame: modelClass = [-1, 0, 0], modelEntropy = [0.0, 0.0, 0.0], modelConfidence = [0.0, 0.0, 0.0]
01-13 01:40:54.350 13639 13724 D SnpeWhyDistractionNativ: Frame number: 557, processFrame: modelClass = [-1, 0, 0], modelEntropy = [0.0, 0.0, 0.0], modelConfidence = [0.0, 0.0, 0.0]
01-13 01:40:54.419 13639 13724 D SnpeWhyDistractionNativ: Frame number: 558, processFrame: modelClass = [-1, 0, 0], modelEntropy = [0.0, 0.0, 0.0], modelConfidence = [0.0, 0.0, 0.0]
01-13 01:40:54.577 13639 13724 D SnpeWhyDistractionNativ: Frame number: 559, processFrame: modelClass = [-1, 0, 0], modelEntropy = [0.0, 0.0, 0.0], modelConfidence = [0.0, 0.0, 0.0]
01-13 01:40:54.637 13639 13724 D SnpeWhyDistractionNativ: Frame number: 560, processFrame: modelClass = [-1, 0, 0], modelEntropy = [0.0, 0.0, 0.0], modelConfidence = [0.0, 0.0, 0.0]
01-13 01:40:54.775 13639 13724 D SnpeWhyDistractionNativ: Frame number: 561, processFrame: modelClass = [-1, 0, 0], modelEntropy = [0.0, 0.0, 0.0], modelConfidence = [0.0, 0.0, 0.0]
01-13 01:40:54.820 13639 13724 D SnpeWhyDistractionNativ: Frame number: 562, processFrame: modelClass = [-1, 0, 0], modelEntropy = [0.0, 0.0, 0.0], modelConfidence = [0.0, 0.0, 0.0]
01-13 01:40:54.951 13639 13724 D SnpeWhyDistractionNativ: Frame number: 563, processFrame: modelClass = [-1, 0, 0], modelEntropy = [0.0, 0.0, 0.0], modelConfidence = [0.0, 0.0, 0.0]
01-13 01:40:55.039 13639 13724 D SnpeWhyDistractionNativ: Frame number: 564, processFrame: modelClass = [-1, 0, 0], modelEntropy = [0.0, 0.0, 0.0], modelConfidence = [0.0, 0.0, 0.0]
01-13 01:40:55.164 13639 13724 D SnpeWhyDistractionNativ: Frame number: 565, processFrame: modelClass = [-1, 0, 0], modelEntropy = [0.0, 0.0, 0.0], modelConfidence = [0.0, 0.0, 0.0]
01-13 01:40:55.223 13639 13724 D SnpeWhyDistractionNativ: Frame number: 566, processFrame: modelClass = [-1, 0, 0], modelEntropy = [0.0, 0.0, 0.0], modelConfidence = [0.0, 0.0, 0.0]
01-13 01:40:55.374 13639 13724 D SnpeWhyDistractionNativ: Frame number: 567, processFrame: modelClass = [-1, 0, 0], modelEntropy = [0.0, 0.0, 0.0], modelConfidence = [0.0, 0.0, 0.0]
01-13 01:40:55.431 13639 13724 D SnpeWhyDistractionNativ: Frame number: 568, processFrame: modelClass = [-1, 0, 0], modelEntropy = [0.0, 0.0, 0.0], modelConfidence = [0.0, 0.0, 0.0]
01-13 01:40:55.573 13639 13724 D SnpeWhyDistractionNativ: Frame number: 569, processFrame: modelClass = [-1, 0, 0], modelEntropy = [0.0, 0.0, 0.0], modelConfidence = [0.0, 0.0, 0.0]
01-13 01:40:55.634 13639 13724 D SnpeWhyDistractionNativ: Frame number: 570, processFrame: modelClass = [-1, 0, 0], modelEntropy = [0.0, 0.0, 0.0], modelConfidence = [0.0, 0.0, 0.0]
01-13 01:40:55.778 13639 13724 D SnpeWhyDistractionNativ: Frame number: 571, processFrame: modelClass = [-1, 0, 0], modelEntropy = [0.0, 0.0, 0.0], modelConfidence = [0.0, 0.0, 0.0]
01-13 01:40:55.910 13639 13724 D SnpeWhyDistractionNativ: destroyNativeObject: Destroyed why-distraction native object
